country,energy,year,solar_electricity_generation_TWh,iso_code
Afghanistan,solar_electricity,2000,0,AFG
Afghanistan,solar_electricity,2001,0,AFG
Afghanistan,solar_electricity,2002,0,AFG
Afghanistan,solar_electricity,2003,0,AFG
Afghanistan,solar_electricity,2004,0,AFG
Afghanistan,solar_electricity,2005,0,AFG
Afghanistan,solar_electricity,2006,0,AFG
Afghanistan,solar_electricity,2007,0,AFG
Afghanistan,solar_electricity,2008,0,AFG
Afghanistan,solar_electricity,2009,0,AFG
Afghanistan,solar_electricity,2010,0,AFG
Afghanistan,solar_electricity,2011,0,AFG
Afghanistan,solar_electricity,2012,0.03,AFG
Afghanistan,solar_electricity,2013,0.03,AFG
Afghanistan,solar_electricity,2014,0.03,AFG
Afghanistan,solar_electricity,2015,0.03,AFG
Afghanistan,solar_electricity,2016,0.04,AFG
Afghanistan,solar_electricity,2017,0.04,AFG
Afghanistan,solar_electricity,2018,0.04,AFG
Afghanistan,solar_electricity,2019,0.06,AFG
Afghanistan,solar_electricity,2020,0.07,AFG
Afghanistan,solar_electricity,2021,0.08,AFG
Afghanistan,solar_electricity,2022,0.09,AFG
Afghanistan,solar_electricity,2023,0.09,AFG
Albania,solar_electricity,2000,0,ALB
Albania,solar_electricity,2001,0,ALB
Albania,solar_electricity,2002,0,ALB
Albania,solar_electricity,2003,0,ALB
Albania,solar_electricity,2004,0,ALB
Albania,solar_electricity,2005,0,ALB
Albania,solar_electricity,2006,0,ALB
Albania,solar_electricity,2007,0,ALB
Albania,solar_electricity,2008,0,ALB
Albania,solar_electricity,2009,0,ALB
Albania,solar_electricity,2010,0,ALB
Albania,solar_electricity,2011,0,ALB
Albania,solar_electricity,2012,0,ALB
Albania,solar_electricity,2013,0,ALB
Albania,solar_electricity,2014,0,ALB
Albania,solar_electricity,2015,0,ALB
Albania,solar_electricity,2016,0,ALB
Albania,solar_electricity,2017,0,ALB
Albania,solar_electricity,2018,0,ALB
Albania,solar_electricity,2019,0.02,ALB
Albania,solar_electricity,2020,0.03,ALB
Albania,solar_electricity,2021,0.04,ALB
Albania,solar_electricity,2022,0.16,ALB
Albania,solar_electricity,2023,0.3,ALB
Algeria,solar_electricity,1965,0,DZA
Algeria,solar_electricity,1966,0,DZA
Algeria,solar_electricity,1967,0,DZA
Algeria,solar_electricity,1968,0,DZA
Algeria,solar_electricity,1969,0,DZA
Algeria,solar_electricity,1970,0,DZA
Algeria,solar_electricity,1971,0,DZA
Algeria,solar_electricity,1972,0,DZA
Algeria,solar_electricity,1973,0,DZA
Algeria,solar_electricity,1974,0,DZA
Algeria,solar_electricity,1975,0,DZA
Algeria,solar_electricity,1976,0,DZA
Algeria,solar_electricity,1977,0,DZA
Algeria,solar_electricity,1978,0,DZA
Algeria,solar_electricity,1979,0,DZA
Algeria,solar_electricity,1980,0,DZA
Algeria,solar_electricity,1981,0,DZA
Algeria,solar_electricity,1982,0,DZA
Algeria,solar_electricity,1983,0,DZA
Algeria,solar_electricity,1984,0,DZA
Algeria,solar_electricity,1985,0,DZA
Algeria,solar_electricity,1986,0,DZA
Algeria,solar_electricity,1987,0,DZA
Algeria,solar_electricity,1988,0,DZA
Algeria,solar_electricity,1989,0,DZA
Algeria,solar_electricity,1990,0,DZA
Algeria,solar_electricity,1991,0,DZA
Algeria,solar_electricity,1992,0,DZA
Algeria,solar_electricity,1993,0,DZA
Algeria,solar_electricity,1994,0,DZA
Algeria,solar_electricity,1995,0,DZA
Algeria,solar_electricity,1996,0,DZA
Algeria,solar_electricity,1997,0,DZA
Algeria,solar_electricity,1998,0,DZA
Algeria,solar_electricity,1999,0,DZA
Algeria,solar_electricity,2000,0,DZA
Algeria,solar_electricity,2001,0,DZA
Algeria,solar_electricity,2002,0,DZA
Algeria,solar_electricity,2003,0,DZA
Algeria,solar_electricity,2004,0,DZA
Algeria,solar_electricity,2005,0,DZA
Algeria,solar_electricity,2006,0,DZA
Algeria,solar_electricity,2007,0,DZA
Algeria,solar_electricity,2008,0,DZA
Algeria,solar_electricity,2009,0,DZA
Algeria,solar_electricity,2010,0,DZA
Algeria,solar_electricity,2011,0,DZA
Algeria,solar_electricity,2012,0,DZA
Algeria,solar_electricity,2013,0,DZA
Algeria,solar_electricity,2014,0,DZA
Algeria,solar_electricity,2015,0.06,DZA
Algeria,solar_electricity,2016,0.09,DZA
Algeria,solar_electricity,2017,0.57,DZA
Algeria,solar_electricity,2018,0.69,DZA
Algeria,solar_electricity,2019,0.71,DZA
Algeria,solar_electricity,2020,0.82,DZA
Algeria,solar_electricity,2021,0.79,DZA
Algeria,solar_electricity,2022,0.83,DZA
Algeria,solar_electricity,2023,0.87,DZA
Algeria,solar_electricity,2024,0.686,DZA
American Samoa,solar_electricity,2000,0,ASM
American Samoa,solar_electricity,2001,0,ASM
American Samoa,solar_electricity,2002,0,ASM
American Samoa,solar_electricity,2003,0,ASM
American Samoa,solar_electricity,2004,0,ASM
American Samoa,solar_electricity,2005,0,ASM
American Samoa,solar_electricity,2006,0,ASM
American Samoa,solar_electricity,2007,0,ASM
American Samoa,solar_electricity,2008,0,ASM
American Samoa,solar_electricity,2009,0,ASM
American Samoa,solar_electricity,2010,0,ASM
American Samoa,solar_electricity,2011,0,ASM
American Samoa,solar_electricity,2012,0,ASM
American Samoa,solar_electricity,2013,0,ASM
American Samoa,solar_electricity,2014,0,ASM
American Samoa,solar_electricity,2015,0,ASM
American Samoa,solar_electricity,2016,0,ASM
American Samoa,solar_electricity,2017,0,ASM
American Samoa,solar_electricity,2018,0,ASM
American Samoa,solar_electricity,2019,0,ASM
American Samoa,solar_electricity,2020,0,ASM
American Samoa,solar_electricity,2021,0,ASM
American Samoa,solar_electricity,2022,0.01,ASM
American Samoa,solar_electricity,2023,0,ASM
Angola,solar_electricity,2000,0,AGO
Angola,solar_electricity,2001,0,AGO
Angola,solar_electricity,2002,0,AGO
Angola,solar_electricity,2003,0,AGO
Angola,solar_electricity,2004,0,AGO
Angola,solar_electricity,2005,0,AGO
Angola,solar_electricity,2006,0,AGO
Angola,solar_electricity,2007,0,AGO
Angola,solar_electricity,2008,0,AGO
Angola,solar_electricity,2009,0,AGO
Angola,solar_electricity,2010,0.01,AGO
Angola,solar_electricity,2011,0.01,AGO
Angola,solar_electricity,2012,0.01,AGO
Angola,solar_electricity,2013,0.01,AGO
Angola,solar_electricity,2014,0.02,AGO
Angola,solar_electricity,2015,0.02,AGO
Angola,solar_electricity,2016,0.02,AGO
Angola,solar_electricity,2017,0.02,AGO
Angola,solar_electricity,2018,0.02,AGO
Angola,solar_electricity,2019,0.02,AGO
Angola,solar_electricity,2020,0.02,AGO
Angola,solar_electricity,2021,0.02,AGO
Angola,solar_electricity,2022,0.39,AGO
Angola,solar_electricity,2023,0.39,AGO
Antigua and Barbuda,solar_electricity,2000,0,ATG
Antigua and Barbuda,solar_electricity,2001,0,ATG
Antigua and Barbuda,solar_electricity,2002,0,ATG
Antigua and Barbuda,solar_electricity,2003,0,ATG
Antigua and Barbuda,solar_electricity,2004,0,ATG
Antigua and Barbuda,solar_electricity,2005,0,ATG
Antigua and Barbuda,solar_electricity,2006,0,ATG
Antigua and Barbuda,solar_electricity,2007,0,ATG
Antigua and Barbuda,solar_electricity,2008,0,ATG
Antigua and Barbuda,solar_electricity,2009,0,ATG
Antigua and Barbuda,solar_electricity,2010,0,ATG
Antigua and Barbuda,solar_electricity,2011,0,ATG
Antigua and Barbuda,solar_electricity,2012,0,ATG
Antigua and Barbuda,solar_electricity,2013,0,ATG
Antigua and Barbuda,solar_electricity,2014,0,ATG
Antigua and Barbuda,solar_electricity,2015,0.01,ATG
Antigua and Barbuda,solar_electricity,2016,0,ATG
Antigua and Barbuda,solar_electricity,2017,0.01,ATG
Antigua and Barbuda,solar_electricity,2018,0.01,ATG
Antigua and Barbuda,solar_electricity,2019,0.01,ATG
Antigua and Barbuda,solar_electricity,2020,0.02,ATG
Antigua and Barbuda,solar_electricity,2021,0.02,ATG
Antigua and Barbuda,solar_electricity,2022,0.02,ATG
Antigua and Barbuda,solar_electricity,2023,0.02,ATG
Argentina,solar_electricity,1965,0,ARG
Argentina,solar_electricity,1966,0,ARG
Argentina,solar_electricity,1967,0,ARG
Argentina,solar_electricity,1968,0,ARG
Argentina,solar_electricity,1969,0,ARG
Argentina,solar_electricity,1970,0,ARG
Argentina,solar_electricity,1971,0,ARG
Argentina,solar_electricity,1972,0,ARG
Argentina,solar_electricity,1973,0,ARG
Argentina,solar_electricity,1974,0,ARG
Argentina,solar_electricity,1975,0,ARG
Argentina,solar_electricity,1976,0,ARG
Argentina,solar_electricity,1977,0,ARG
Argentina,solar_electricity,1978,0,ARG
Argentina,solar_electricity,1979,0,ARG
Argentina,solar_electricity,1980,0,ARG
Argentina,solar_electricity,1981,0,ARG
Argentina,solar_electricity,1982,0,ARG
Argentina,solar_electricity,1983,0,ARG
Argentina,solar_electricity,1984,0,ARG
Argentina,solar_electricity,1985,0,ARG
Argentina,solar_electricity,1986,0,ARG
Argentina,solar_electricity,1987,0,ARG
Argentina,solar_electricity,1988,0,ARG
Argentina,solar_electricity,1989,0,ARG
Argentina,solar_electricity,1990,0,ARG
Argentina,solar_electricity,1991,0,ARG
Argentina,solar_electricity,1992,0,ARG
Argentina,solar_electricity,1993,0,ARG
Argentina,solar_electricity,1994,0,ARG
Argentina,solar_electricity,1995,0,ARG
Argentina,solar_electricity,1996,0,ARG
Argentina,solar_electricity,1997,0,ARG
Argentina,solar_electricity,1998,0,ARG
Argentina,solar_electricity,1999,0,ARG
Argentina,solar_electricity,2000,0,ARG
Argentina,solar_electricity,2001,0,ARG
Argentina,solar_electricity,2002,0,ARG
Argentina,solar_electricity,2003,0,ARG
Argentina,solar_electricity,2004,0,ARG
Argentina,solar_electricity,2005,0,ARG
Argentina,solar_electricity,2006,0,ARG
Argentina,solar_electricity,2007,0,ARG
Argentina,solar_electricity,2008,0,ARG
Argentina,solar_electricity,2009,0,ARG
Argentina,solar_electricity,2010,0,ARG
Argentina,solar_electricity,2011,0,ARG
Argentina,solar_electricity,2012,0.01,ARG
Argentina,solar_electricity,2013,0.02,ARG
Argentina,solar_electricity,2014,0.02,ARG
Argentina,solar_electricity,2015,0.01,ARG
Argentina,solar_electricity,2016,0.01,ARG
Argentina,solar_electricity,2017,0.02,ARG
Argentina,solar_electricity,2018,0.11,ARG
Argentina,solar_electricity,2019,0.8,ARG
Argentina,solar_electricity,2020,1.34,ARG
Argentina,solar_electricity,2021,2.2,ARG
Argentina,solar_electricity,2022,2.94,ARG
Argentina,solar_electricity,2023,3.27,ARG
Argentina,solar_electricity,2024,3.95,ARG
Armenia,solar_electricity,2000,0,ARM
Armenia,solar_electricity,2001,0,ARM
Armenia,solar_electricity,2002,0,ARM
Armenia,solar_electricity,2003,0,ARM
Armenia,solar_electricity,2004,0,ARM
Armenia,solar_electricity,2005,0,ARM
Armenia,solar_electricity,2006,0,ARM
Armenia,solar_electricity,2007,0,ARM
Armenia,solar_electricity,2008,0,ARM
Armenia,solar_electricity,2009,0,ARM
Armenia,solar_electricity,2010,0,ARM
Armenia,solar_electricity,2011,0,ARM
Armenia,solar_electricity,2012,0,ARM
Armenia,solar_electricity,2013,0,ARM
Armenia,solar_electricity,2014,0,ARM
Armenia,solar_electricity,2015,0,ARM
Armenia,solar_electricity,2016,0,ARM
Armenia,solar_electricity,2017,0,ARM
Armenia,solar_electricity,2018,0.02,ARM
Armenia,solar_electricity,2019,0.06,ARM
Armenia,solar_electricity,2020,0.14,ARM
Armenia,solar_electricity,2021,0.29,ARM
Armenia,solar_electricity,2022,0.52,ARM
Armenia,solar_electricity,2023,0.77,ARM
Armenia,solar_electricity,2024,0.88,ARM
Aruba,solar_electricity,2000,0,ABW
Aruba,solar_electricity,2001,0,ABW
Aruba,solar_electricity,2002,0,ABW
Aruba,solar_electricity,2003,0,ABW
Aruba,solar_electricity,2004,0,ABW
Aruba,solar_electricity,2005,0,ABW
Aruba,solar_electricity,2006,0,ABW
Aruba,solar_electricity,2007,0,ABW
Aruba,solar_electricity,2008,0,ABW
Aruba,solar_electricity,2009,0,ABW
Aruba,solar_electricity,2010,0,ABW
Aruba,solar_electricity,2011,0,ABW
Aruba,solar_electricity,2012,0,ABW
Aruba,solar_electricity,2013,0,ABW
Aruba,solar_electricity,2014,0.01,ABW
Aruba,solar_electricity,2015,0.01,ABW
Aruba,solar_electricity,2016,0.01,ABW
Aruba,solar_electricity,2017,0.01,ABW
Aruba,solar_electricity,2018,0.02,ABW
Aruba,solar_electricity,2019,0.03,ABW
Aruba,solar_electricity,2020,0.03,ABW
Aruba,solar_electricity,2021,0.03,ABW
Aruba,solar_electricity,2022,0.03,ABW
Australia,solar_electricity,1965,0,AUS
Australia,solar_electricity,1966,0,AUS
Australia,solar_electricity,1967,0,AUS
Australia,solar_electricity,1968,0,AUS
Australia,solar_electricity,1969,0,AUS
Australia,solar_electricity,1970,0,AUS
Australia,solar_electricity,1971,0,AUS
Australia,solar_electricity,1972,0,AUS
Australia,solar_electricity,1973,0,AUS
Australia,solar_electricity,1974,0,AUS
Australia,solar_electricity,1975,0,AUS
Australia,solar_electricity,1976,0,AUS
Australia,solar_electricity,1977,0,AUS
Australia,solar_electricity,1978,0,AUS
Australia,solar_electricity,1979,0,AUS
Australia,solar_electricity,1980,0,AUS
Australia,solar_electricity,1981,0,AUS
Australia,solar_electricity,1982,0,AUS
Australia,solar_electricity,1983,0,AUS
Australia,solar_electricity,1984,0,AUS
Australia,solar_electricity,1985,0,AUS
Australia,solar_electricity,1986,0,AUS
Australia,solar_electricity,1987,0,AUS
Australia,solar_electricity,1988,0,AUS
Australia,solar_electricity,1989,0,AUS
Australia,solar_electricity,1990,0,AUS
Australia,solar_electricity,1991,0.005,AUS
Australia,solar_electricity,1992,0.012,AUS
Australia,solar_electricity,1993,0.015,AUS
Australia,solar_electricity,1994,0.017,AUS
Australia,solar_electricity,1995,0.021,AUS
Australia,solar_electricity,1996,0.026,AUS
Australia,solar_electricity,1997,0.031,AUS
Australia,solar_electricity,1998,0.036,AUS
Australia,solar_electricity,1999,0.041,AUS
Australia,solar_electricity,2000,0.05,AUS
Australia,solar_electricity,2001,0.05,AUS
Australia,solar_electricity,2002,0.06,AUS
Australia,solar_electricity,2003,0.06,AUS
Australia,solar_electricity,2004,0.07,AUS
Australia,solar_electricity,2005,0.08,AUS
Australia,solar_electricity,2006,0.1,AUS
Australia,solar_electricity,2007,0.11,AUS
Australia,solar_electricity,2008,0.14,AUS
Australia,solar_electricity,2009,0.29,AUS
Australia,solar_electricity,2010,0.98,AUS
Australia,solar_electricity,2011,2.04,AUS
Australia,solar_electricity,2012,2.41,AUS
Australia,solar_electricity,2013,3.85,AUS
Australia,solar_electricity,2014,4.95,AUS
Australia,solar_electricity,2015,6.2,AUS
Australia,solar_electricity,2016,7.44,AUS
Australia,solar_electricity,2017,8.92,AUS
Australia,solar_electricity,2018,12.33,AUS
Australia,solar_electricity,2019,18.3,AUS
Australia,solar_electricity,2020,23.84,AUS
Australia,solar_electricity,2021,31.19,AUS
Australia,solar_electricity,2022,37.54,AUS
Australia,solar_electricity,2023,44.99,AUS
Australia,solar_electricity,2024,49.84,AUS
Austria,solar_electricity,1965,0,AUT
Austria,solar_electricity,1966,0,AUT
Austria,solar_electricity,1967,0,AUT
Austria,solar_electricity,1968,0,AUT
Austria,solar_electricity,1969,0,AUT
Austria,solar_electricity,1970,0,AUT
Austria,solar_electricity,1971,0,AUT
Austria,solar_electricity,1972,0,AUT
Austria,solar_electricity,1973,0,AUT
Austria,solar_electricity,1974,0,AUT
Austria,solar_electricity,1975,0,AUT
Austria,solar_electricity,1976,0,AUT
Austria,solar_electricity,1977,0,AUT
Austria,solar_electricity,1978,0,AUT
Austria,solar_electricity,1979,0,AUT
Austria,solar_electricity,1980,0,AUT
Austria,solar_electricity,1981,0,AUT
Austria,solar_electricity,1982,0,AUT
Austria,solar_electricity,1983,0,AUT
Austria,solar_electricity,1984,0,AUT
Austria,solar_electricity,1985,0,AUT
Austria,solar_electricity,1986,0,AUT
Austria,solar_electricity,1987,0,AUT
Austria,solar_electricity,1988,0,AUT
Austria,solar_electricity,1989,0,AUT
Austria,solar_electricity,1990,0,AUT
Austria,solar_electricity,1991,0,AUT
Austria,solar_electricity,1992,0,AUT
Austria,solar_electricity,1993,0,AUT
Austria,solar_electricity,1994,0,AUT
Austria,solar_electricity,1995,0,AUT
Austria,solar_electricity,1996,0,AUT
Austria,solar_electricity,1997,0,AUT
Austria,solar_electricity,1998,0,AUT
Austria,solar_electricity,1999,0,AUT
Austria,solar_electricity,2000,0,AUT
Austria,solar_electricity,2001,0.01,AUT
Austria,solar_electricity,2002,0.01,AUT
Austria,solar_electricity,2003,0.01,AUT
Austria,solar_electricity,2004,0.02,AUT
Austria,solar_electricity,2005,0.02,AUT
Austria,solar_electricity,2006,0.02,AUT
Austria,solar_electricity,2007,0.02,AUT
Austria,solar_electricity,2008,0.03,AUT
Austria,solar_electricity,2009,0.05,AUT
Austria,solar_electricity,2010,0.09,AUT
Austria,solar_electricity,2011,0.17,AUT
Austria,solar_electricity,2012,0.34,AUT
Austria,solar_electricity,2013,0.63,AUT
Austria,solar_electricity,2014,0.79,AUT
Austria,solar_electricity,2015,0.94,AUT
Austria,solar_electricity,2016,1.1,AUT
Austria,solar_electricity,2017,1.27,AUT
Austria,solar_electricity,2018,1.46,AUT
Austria,solar_electricity,2019,1.7,AUT
Austria,solar_electricity,2020,2.04,AUT
Austria,solar_electricity,2021,2.77,AUT
Austria,solar_electricity,2022,3.78,AUT
Austria,solar_electricity,2023,6.39,AUT
Austria,solar_electricity,2024,8.82,AUT
Azerbaijan,solar_electricity,1985,0,AZE
Azerbaijan,solar_electricity,1986,0,AZE
Azerbaijan,solar_electricity,1987,0,AZE
Azerbaijan,solar_electricity,1988,0,AZE
Azerbaijan,solar_electricity,1989,0,AZE
Azerbaijan,solar_electricity,1990,0,AZE
Azerbaijan,solar_electricity,1991,0,AZE
Azerbaijan,solar_electricity,1992,0,AZE
Azerbaijan,solar_electricity,1993,0,AZE
Azerbaijan,solar_electricity,1994,0,AZE
Azerbaijan,solar_electricity,1995,0,AZE
Azerbaijan,solar_electricity,1996,0,AZE
Azerbaijan,solar_electricity,1997,0,AZE
Azerbaijan,solar_electricity,1998,0,AZE
Azerbaijan,solar_electricity,1999,0,AZE
Azerbaijan,solar_electricity,2000,0,AZE
Azerbaijan,solar_electricity,2001,0,AZE
Azerbaijan,solar_electricity,2002,0,AZE
Azerbaijan,solar_electricity,2003,0,AZE
Azerbaijan,solar_electricity,2004,0,AZE
Azerbaijan,solar_electricity,2005,0,AZE
Azerbaijan,solar_electricity,2006,0,AZE
Azerbaijan,solar_electricity,2007,0,AZE
Azerbaijan,solar_electricity,2008,0,AZE
Azerbaijan,solar_electricity,2009,0,AZE
Azerbaijan,solar_electricity,2010,0,AZE
Azerbaijan,solar_electricity,2011,0,AZE
Azerbaijan,solar_electricity,2012,0,AZE
Azerbaijan,solar_electricity,2013,0,AZE
Azerbaijan,solar_electricity,2014,0,AZE
Azerbaijan,solar_electricity,2015,0,AZE
Azerbaijan,solar_electricity,2016,0.04,AZE
Azerbaijan,solar_electricity,2017,0.04,AZE
Azerbaijan,solar_electricity,2018,0.04,AZE
Azerbaijan,solar_electricity,2019,0.04,AZE
Azerbaijan,solar_electricity,2020,0.05,AZE
Azerbaijan,solar_electricity,2021,0.05,AZE
Azerbaijan,solar_electricity,2022,0.06,AZE
Azerbaijan,solar_electricity,2023,0.07,AZE
Azerbaijan,solar_electricity,2024,0.41,AZE
Bahamas,solar_electricity,2000,0,BHS
Bahamas,solar_electricity,2001,0,BHS
Bahamas,solar_electricity,2002,0,BHS
Bahamas,solar_electricity,2003,0,BHS
Bahamas,solar_electricity,2004,0,BHS
Bahamas,solar_electricity,2005,0,BHS
Bahamas,solar_electricity,2006,0,BHS
Bahamas,solar_electricity,2007,0,BHS
Bahamas,solar_electricity,2008,0,BHS
Bahamas,solar_electricity,2009,0,BHS
Bahamas,solar_electricity,2010,0,BHS
Bahamas,solar_electricity,2011,0,BHS
Bahamas,solar_electricity,2012,0,BHS
Bahamas,solar_electricity,2013,0,BHS
Bahamas,solar_electricity,2014,0,BHS
Bahamas,solar_electricity,2015,0,BHS
Bahamas,solar_electricity,2016,0,BHS
Bahamas,solar_electricity,2017,0,BHS
Bahamas,solar_electricity,2018,0,BHS
Bahamas,solar_electricity,2019,0,BHS
Bahamas,solar_electricity,2020,0.01,BHS
Bahamas,solar_electricity,2021,0.01,BHS
Bahamas,solar_electricity,2022,0.02,BHS
Bahrain,solar_electricity,2000,0,BHR
Bahrain,solar_electricity,2001,0,BHR
Bahrain,solar_electricity,2002,0,BHR
Bahrain,solar_electricity,2003,0,BHR
Bahrain,solar_electricity,2004,0,BHR
Bahrain,solar_electricity,2005,0,BHR
Bahrain,solar_electricity,2006,0,BHR
Bahrain,solar_electricity,2007,0,BHR
Bahrain,solar_electricity,2008,0,BHR
Bahrain,solar_electricity,2009,0,BHR
Bahrain,solar_electricity,2010,0,BHR
Bahrain,solar_electricity,2011,0,BHR
Bahrain,solar_electricity,2012,0,BHR
Bahrain,solar_electricity,2013,0,BHR
Bahrain,solar_electricity,2014,0.01,BHR
Bahrain,solar_electricity,2015,0.01,BHR
Bahrain,solar_electricity,2016,0.01,BHR
Bahrain,solar_electricity,2017,0.01,BHR
Bahrain,solar_electricity,2018,0.01,BHR
Bahrain,solar_electricity,2019,0.02,BHR
Bahrain,solar_electricity,2020,0.02,BHR
Bahrain,solar_electricity,2021,0.04,BHR
Bahrain,solar_electricity,2022,0.08,BHR
Bahrain,solar_electricity,2023,0.09,BHR
Bangladesh,solar_electricity,1965,0,BGD
Bangladesh,solar_electricity,1966,0,BGD
Bangladesh,solar_electricity,1967,0,BGD
Bangladesh,solar_electricity,1968,0,BGD
Bangladesh,solar_electricity,1969,0,BGD
Bangladesh,solar_electricity,1970,0,BGD
Bangladesh,solar_electricity,1971,0,BGD
Bangladesh,solar_electricity,1972,0,BGD
Bangladesh,solar_electricity,1973,0,BGD
Bangladesh,solar_electricity,1974,0,BGD
Bangladesh,solar_electricity,1975,0,BGD
Bangladesh,solar_electricity,1976,0,BGD
Bangladesh,solar_electricity,1977,0,BGD
Bangladesh,solar_electricity,1978,0,BGD
Bangladesh,solar_electricity,1979,0,BGD
Bangladesh,solar_electricity,1980,0,BGD
Bangladesh,solar_electricity,1981,0,BGD
Bangladesh,solar_electricity,1982,0,BGD
Bangladesh,solar_electricity,1983,0,BGD
Bangladesh,solar_electricity,1984,0,BGD
Bangladesh,solar_electricity,1985,0,BGD
Bangladesh,solar_electricity,1986,0,BGD
Bangladesh,solar_electricity,1987,0,BGD
Bangladesh,solar_electricity,1988,0,BGD
Bangladesh,solar_electricity,1989,0,BGD
Bangladesh,solar_electricity,1990,0,BGD
Bangladesh,solar_electricity,1991,0,BGD
Bangladesh,solar_electricity,1992,0,BGD
Bangladesh,solar_electricity,1993,0,BGD
Bangladesh,solar_electricity,1994,0,BGD
Bangladesh,solar_electricity,1995,0,BGD
Bangladesh,solar_electricity,1996,0,BGD
Bangladesh,solar_electricity,1997,0,BGD
Bangladesh,solar_electricity,1998,0,BGD
Bangladesh,solar_electricity,1999,0,BGD
Bangladesh,solar_electricity,2000,0,BGD
Bangladesh,solar_electricity,2001,0,BGD
Bangladesh,solar_electricity,2002,0,BGD
Bangladesh,solar_electricity,2003,0,BGD
Bangladesh,solar_electricity,2004,0,BGD
Bangladesh,solar_electricity,2005,0,BGD
Bangladesh,solar_electricity,2006,0.01,BGD
Bangladesh,solar_electricity,2007,0.02,BGD
Bangladesh,solar_electricity,2008,0.02,BGD
Bangladesh,solar_electricity,2009,0.03,BGD
Bangladesh,solar_electricity,2010,0.07,BGD
Bangladesh,solar_electricity,2011,0.06,BGD
Bangladesh,solar_electricity,2012,0.09,BGD
Bangladesh,solar_electricity,2013,0.13,BGD
Bangladesh,solar_electricity,2014,0.16,BGD
Bangladesh,solar_electricity,2015,0.2,BGD
Bangladesh,solar_electricity,2016,0.22,BGD
Bangladesh,solar_electricity,2017,0.25,BGD
Bangladesh,solar_electricity,2018,0.31,BGD
Bangladesh,solar_electricity,2019,0.37,BGD
Bangladesh,solar_electricity,2020,0.46,BGD
Bangladesh,solar_electricity,2021,0.61,BGD
Bangladesh,solar_electricity,2022,0.87,BGD
Bangladesh,solar_electricity,2023,1.07,BGD
Bangladesh,solar_electricity,2024,1.42,BGD
Barbados,solar_electricity,2000,0,BRB
Barbados,solar_electricity,2001,0,BRB
Barbados,solar_electricity,2002,0,BRB
Barbados,solar_electricity,2003,0,BRB
Barbados,solar_electricity,2004,0,BRB
Barbados,solar_electricity,2005,0,BRB
Barbados,solar_electricity,2006,0,BRB
Barbados,solar_electricity,2007,0,BRB
Barbados,solar_electricity,2008,0,BRB
Barbados,solar_electricity,2009,0,BRB
Barbados,solar_electricity,2010,0,BRB
Barbados,solar_electricity,2011,0,BRB
Barbados,solar_electricity,2012,0,BRB
Barbados,solar_electricity,2013,0,BRB
Barbados,solar_electricity,2014,0.01,BRB
Barbados,solar_electricity,2015,0.01,BRB
Barbados,solar_electricity,2016,0.02,BRB
Barbados,solar_electricity,2017,0.03,BRB
Barbados,solar_electricity,2018,0.03,BRB
Barbados,solar_electricity,2019,0.04,BRB
Barbados,solar_electricity,2020,0.07,BRB
Barbados,solar_electricity,2021,0.08,BRB
Barbados,solar_electricity,2022,0.08,BRB
Barbados,solar_electricity,2023,0.09,BRB
Belarus,solar_electricity,1985,0,BLR
Belarus,solar_electricity,1986,0,BLR
Belarus,solar_electricity,1987,0,BLR
Belarus,solar_electricity,1988,0,BLR
Belarus,solar_electricity,1989,0,BLR
Belarus,solar_electricity,1990,0,BLR
Belarus,solar_electricity,1991,0,BLR
Belarus,solar_electricity,1992,0,BLR
Belarus,solar_electricity,1993,0,BLR
Belarus,solar_electricity,1994,0,BLR
Belarus,solar_electricity,1995,0,BLR
Belarus,solar_electricity,1996,0,BLR
Belarus,solar_electricity,1997,0,BLR
Belarus,solar_electricity,1998,0,BLR
Belarus,solar_electricity,1999,0,BLR
Belarus,solar_electricity,2000,0,BLR
Belarus,solar_electricity,2001,0,BLR
Belarus,solar_electricity,2002,0,BLR
Belarus,solar_electricity,2003,0,BLR
Belarus,solar_electricity,2004,0,BLR
Belarus,solar_electricity,2005,0,BLR
Belarus,solar_electricity,2006,0,BLR
Belarus,solar_electricity,2007,0,BLR
Belarus,solar_electricity,2008,0,BLR
Belarus,solar_electricity,2009,0,BLR
Belarus,solar_electricity,2010,0,BLR
Belarus,solar_electricity,2011,0,BLR
Belarus,solar_electricity,2012,0,BLR
Belarus,solar_electricity,2013,0,BLR
Belarus,solar_electricity,2014,0,BLR
Belarus,solar_electricity,2015,0.01,BLR
Belarus,solar_electricity,2016,0.03,BLR
Belarus,solar_electricity,2017,0.09,BLR
Belarus,solar_electricity,2018,0.18,BLR
Belarus,solar_electricity,2019,0.18,BLR
Belarus,solar_electricity,2020,0.18,BLR
Belarus,solar_electricity,2021,0.18,BLR
Belarus,solar_electricity,2022,0.21,BLR
Belarus,solar_electricity,2023,0.23,BLR
Belarus,solar_electricity,2024,0.23,BLR
Belgium,solar_electricity,1965,0,BEL
Belgium,solar_electricity,1966,0,BEL
Belgium,solar_electricity,1967,0,BEL
Belgium,solar_electricity,1968,0,BEL
Belgium,solar_electricity,1969,0,BEL
Belgium,solar_electricity,1970,0,BEL
Belgium,solar_electricity,1971,0,BEL
Belgium,solar_electricity,1972,0,BEL
Belgium,solar_electricity,1973,0,BEL
Belgium,solar_electricity,1974,0,BEL
Belgium,solar_electricity,1975,0,BEL
Belgium,solar_electricity,1976,0,BEL
Belgium,solar_electricity,1977,0,BEL
Belgium,solar_electricity,1978,0,BEL
Belgium,solar_electricity,1979,0,BEL
Belgium,solar_electricity,1980,0,BEL
Belgium,solar_electricity,1981,0,BEL
Belgium,solar_electricity,1982,0,BEL
Belgium,solar_electricity,1983,0,BEL
Belgium,solar_electricity,1984,0,BEL
Belgium,solar_electricity,1985,0,BEL
Belgium,solar_electricity,1986,0,BEL
Belgium,solar_electricity,1987,0,BEL
Belgium,solar_electricity,1988,0,BEL
Belgium,solar_electricity,1989,0,BEL
Belgium,solar_electricity,1990,0,BEL
Belgium,solar_electricity,1991,0,BEL
Belgium,solar_electricity,1992,0,BEL
Belgium,solar_electricity,1993,0,BEL
Belgium,solar_electricity,1994,0,BEL
Belgium,solar_electricity,1995,0,BEL
Belgium,solar_electricity,1996,0,BEL
Belgium,solar_electricity,1997,0,BEL
Belgium,solar_electricity,1998,0,BEL
Belgium,solar_electricity,1999,0,BEL
Belgium,solar_electricity,2000,0,BEL
Belgium,solar_electricity,2001,0,BEL
Belgium,solar_electricity,2002,0,BEL
Belgium,solar_electricity,2003,0,BEL
Belgium,solar_electricity,2004,0,BEL
Belgium,solar_electricity,2005,0,BEL
Belgium,solar_electricity,2006,0,BEL
Belgium,solar_electricity,2007,0.01,BEL
Belgium,solar_electricity,2008,0.04,BEL
Belgium,solar_electricity,2009,0.17,BEL
Belgium,solar_electricity,2010,0.58,BEL
Belgium,solar_electricity,2011,1.21,BEL
Belgium,solar_electricity,2012,2.15,BEL
Belgium,solar_electricity,2013,2.64,BEL
Belgium,solar_electricity,2014,2.89,BEL
Belgium,solar_electricity,2015,3.06,BEL
Belgium,solar_electricity,2016,3.1,BEL
Belgium,solar_electricity,2017,3.31,BEL
Belgium,solar_electricity,2018,3.9,BEL
Belgium,solar_electricity,2019,4.25,BEL
Belgium,solar_electricity,2020,5.11,BEL
Belgium,solar_electricity,2021,5.62,BEL
Belgium,solar_electricity,2022,6.88,BEL
Belgium,solar_electricity,2023,7.82,BEL
Belgium,solar_electricity,2024,8.93,BEL
Belize,solar_electricity,2000,0,BLZ
Belize,solar_electricity,2001,0,BLZ
Belize,solar_electricity,2002,0,BLZ
Belize,solar_electricity,2003,0,BLZ
Belize,solar_electricity,2004,0,BLZ
Belize,solar_electricity,2005,0,BLZ
Belize,solar_electricity,2006,0,BLZ
Belize,solar_electricity,2007,0,BLZ
Belize,solar_electricity,2008,0,BLZ
Belize,solar_electricity,2009,0,BLZ
Belize,solar_electricity,2010,0,BLZ
Belize,solar_electricity,2011,0,BLZ
Belize,solar_electricity,2012,0,BLZ
Belize,solar_electricity,2013,0,BLZ
Belize,solar_electricity,2014,0,BLZ
Belize,solar_electricity,2015,0,BLZ
Belize,solar_electricity,2016,0,BLZ
Belize,solar_electricity,2017,0,BLZ
Belize,solar_electricity,2018,0,BLZ
Belize,solar_electricity,2019,0.01,BLZ
Belize,solar_electricity,2020,0.01,BLZ
Belize,solar_electricity,2021,0.01,BLZ
Belize,solar_electricity,2022,0.01,BLZ
Belize,solar_electricity,2023,0.01,BLZ
Benin,solar_electricity,2000,0,BEN
Benin,solar_electricity,2001,0,BEN
Benin,solar_electricity,2002,0,BEN
Benin,solar_electricity,2003,0,BEN
Benin,solar_electricity,2004,0,BEN
Benin,solar_electricity,2005,0,BEN
Benin,solar_electricity,2006,0,BEN
Benin,solar_electricity,2007,0,BEN
Benin,solar_electricity,2008,0,BEN
Benin,solar_electricity,2009,0,BEN
Benin,solar_electricity,2010,0,BEN
Benin,solar_electricity,2011,0,BEN
Benin,solar_electricity,2012,0,BEN
Benin,solar_electricity,2013,0,BEN
Benin,solar_electricity,2014,0,BEN
Benin,solar_electricity,2015,0,BEN
Benin,solar_electricity,2016,0,BEN
Benin,solar_electricity,2017,0,BEN
Benin,solar_electricity,2018,0,BEN
Benin,solar_electricity,2019,0.01,BEN
Benin,solar_electricity,2020,0.01,BEN
Benin,solar_electricity,2021,0.02,BEN
Benin,solar_electricity,2022,0.02,BEN
Benin,solar_electricity,2023,0.03,BEN
Bermuda,solar_electricity,2000,0,BMU
Bermuda,solar_electricity,2001,0,BMU
Bermuda,solar_electricity,2002,0,BMU
Bermuda,solar_electricity,2003,0,BMU
Bermuda,solar_electricity,2004,0,BMU
Bermuda,solar_electricity,2005,0,BMU
Bermuda,solar_electricity,2006,0,BMU
Bermuda,solar_electricity,2007,0,BMU
Bermuda,solar_electricity,2008,0,BMU
Bermuda,solar_electricity,2009,0,BMU
Bermuda,solar_electricity,2010,0,BMU
Bermuda,solar_electricity,2011,0,BMU
Bermuda,solar_electricity,2012,0,BMU
Bermuda,solar_electricity,2013,0,BMU
Bermuda,solar_electricity,2014,0,BMU
Bermuda,solar_electricity,2015,0,BMU
Bermuda,solar_electricity,2016,0,BMU
Bermuda,solar_electricity,2017,0,BMU
Bermuda,solar_electricity,2018,0,BMU
Bermuda,solar_electricity,2019,0,BMU
Bermuda,solar_electricity,2020,0,BMU
Bermuda,solar_electricity,2021,0,BMU
Bermuda,solar_electricity,2022,0,BMU
Bermuda,solar_electricity,2023,0,BMU
Bhutan,solar_electricity,2000,0,BTN
Bhutan,solar_electricity,2001,0,BTN
Bhutan,solar_electricity,2002,0,BTN
Bhutan,solar_electricity,2003,0,BTN
Bhutan,solar_electricity,2004,0,BTN
Bhutan,solar_electricity,2005,0,BTN
Bhutan,solar_electricity,2006,0,BTN
Bhutan,solar_electricity,2007,0,BTN
Bhutan,solar_electricity,2008,0,BTN
Bhutan,solar_electricity,2009,0,BTN
Bhutan,solar_electricity,2010,0,BTN
Bhutan,solar_electricity,2011,0,BTN
Bhutan,solar_electricity,2012,0,BTN
Bhutan,solar_electricity,2013,0,BTN
Bhutan,solar_electricity,2014,0,BTN
Bhutan,solar_electricity,2015,0,BTN
Bhutan,solar_electricity,2016,0,BTN
Bhutan,solar_electricity,2017,0,BTN
Bhutan,solar_electricity,2018,0,BTN
Bhutan,solar_electricity,2019,0,BTN
Bhutan,solar_electricity,2020,0,BTN
Bhutan,solar_electricity,2021,0,BTN
Bhutan,solar_electricity,2022,0,BTN
Bhutan,solar_electricity,2023,0,BTN
Bolivia,solar_electricity,2000,0,BOL
Bolivia,solar_electricity,2001,0,BOL
Bolivia,solar_electricity,2002,0,BOL
Bolivia,solar_electricity,2003,0,BOL
Bolivia,solar_electricity,2004,0,BOL
Bolivia,solar_electricity,2005,0,BOL
Bolivia,solar_electricity,2006,0,BOL
Bolivia,solar_electricity,2007,0,BOL
Bolivia,solar_electricity,2008,0,BOL
Bolivia,solar_electricity,2009,0,BOL
Bolivia,solar_electricity,2010,0,BOL
Bolivia,solar_electricity,2011,0,BOL
Bolivia,solar_electricity,2012,0,BOL
Bolivia,solar_electricity,2013,0,BOL
Bolivia,solar_electricity,2014,0.01,BOL
Bolivia,solar_electricity,2015,0,BOL
Bolivia,solar_electricity,2016,0.01,BOL
Bolivia,solar_electricity,2017,0.01,BOL
Bolivia,solar_electricity,2018,0.13,BOL
Bolivia,solar_electricity,2019,0.19,BOL
Bolivia,solar_electricity,2020,0.33,BOL
Bolivia,solar_electricity,2021,0.35,BOL
Bolivia,solar_electricity,2022,0.35,BOL
Bolivia,solar_electricity,2023,0.35,BOL
Bolivia,solar_electricity,2024,0.34,BOL
Bosnia and Herzegovina,solar_electricity,2003,0,BIH
Bosnia and Herzegovina,solar_electricity,2004,0,BIH
Bosnia and Herzegovina,solar_electricity,2005,0,BIH
Bosnia and Herzegovina,solar_electricity,2006,0,BIH
Bosnia and Herzegovina,solar_electricity,2007,0,BIH
Bosnia and Herzegovina,solar_electricity,2008,0,BIH
Bosnia and Herzegovina,solar_electricity,2009,0,BIH
Bosnia and Herzegovina,solar_electricity,2010,0,BIH
Bosnia and Herzegovina,solar_electricity,2011,0,BIH
Bosnia and Herzegovina,solar_electricity,2012,0,BIH
Bosnia and Herzegovina,solar_electricity,2013,0,BIH
Bosnia and Herzegovina,solar_electricity,2014,0.01,BIH
Bosnia and Herzegovina,solar_electricity,2015,0.01,BIH
Bosnia and Herzegovina,solar_electricity,2016,0.02,BIH
Bosnia and Herzegovina,solar_electricity,2017,0.02,BIH
Bosnia and Herzegovina,solar_electricity,2018,0.02,BIH
Bosnia and Herzegovina,solar_electricity,2019,0.03,BIH
Bosnia and Herzegovina,solar_electricity,2020,0.05,BIH
Bosnia and Herzegovina,solar_electricity,2021,0.07,BIH
Bosnia and Herzegovina,solar_electricity,2022,0.11,BIH
Bosnia and Herzegovina,solar_electricity,2023,0.2,BIH
Bosnia and Herzegovina,solar_electricity,2024,0.34,BIH
Botswana,solar_electricity,2000,0,BWA
Botswana,solar_electricity,2001,0,BWA
Botswana,solar_electricity,2002,0,BWA
Botswana,solar_electricity,2003,0,BWA
Botswana,solar_electricity,2004,0,BWA
Botswana,solar_electricity,2005,0,BWA
Botswana,solar_electricity,2006,0,BWA
Botswana,solar_electricity,2007,0,BWA
Botswana,solar_electricity,2008,0,BWA
Botswana,solar_electricity,2009,0,BWA
Botswana,solar_electricity,2010,0,BWA
Botswana,solar_electricity,2011,0,BWA
Botswana,solar_electricity,2012,0,BWA
Botswana,solar_electricity,2013,0,BWA
Botswana,solar_electricity,2014,0,BWA
Botswana,solar_electricity,2015,0,BWA
Botswana,solar_electricity,2016,0,BWA
Botswana,solar_electricity,2017,0,BWA
Botswana,solar_electricity,2018,0.01,BWA
Botswana,solar_electricity,2019,0.01,BWA
Botswana,solar_electricity,2020,0.01,BWA
Botswana,solar_electricity,2021,0.01,BWA
Botswana,solar_electricity,2022,0.01,BWA
Botswana,solar_electricity,2023,0.01,BWA
Brazil,solar_electricity,1965,0,BRA
Brazil,solar_electricity,1966,0,BRA
Brazil,solar_electricity,1967,0,BRA
Brazil,solar_electricity,1968,0,BRA
Brazil,solar_electricity,1969,0,BRA
Brazil,solar_electricity,1970,0,BRA
Brazil,solar_electricity,1971,0,BRA
Brazil,solar_electricity,1972,0,BRA
Brazil,solar_electricity,1973,0,BRA
Brazil,solar_electricity,1974,0,BRA
Brazil,solar_electricity,1975,0,BRA
Brazil,solar_electricity,1976,0,BRA
Brazil,solar_electricity,1977,0,BRA
Brazil,solar_electricity,1978,0,BRA
Brazil,solar_electricity,1979,0,BRA
Brazil,solar_electricity,1980,0,BRA
Brazil,solar_electricity,1981,0,BRA
Brazil,solar_electricity,1982,0,BRA
Brazil,solar_electricity,1983,0,BRA
Brazil,solar_electricity,1984,0,BRA
Brazil,solar_electricity,1985,0,BRA
Brazil,solar_electricity,1986,0,BRA
Brazil,solar_electricity,1987,0,BRA
Brazil,solar_electricity,1988,0,BRA
Brazil,solar_electricity,1989,0,BRA
Brazil,solar_electricity,1990,0,BRA
Brazil,solar_electricity,1991,0,BRA
Brazil,solar_electricity,1992,0,BRA
Brazil,solar_electricity,1993,0,BRA
Brazil,solar_electricity,1994,0,BRA
Brazil,solar_electricity,1995,0,BRA
Brazil,solar_electricity,1996,0,BRA
Brazil,solar_electricity,1997,0,BRA
Brazil,solar_electricity,1998,0,BRA
Brazil,solar_electricity,1999,0,BRA
Brazil,solar_electricity,2000,0,BRA
Brazil,solar_electricity,2001,0,BRA
Brazil,solar_electricity,2002,0,BRA
Brazil,solar_electricity,2003,0,BRA
Brazil,solar_electricity,2004,0,BRA
Brazil,solar_electricity,2005,0,BRA
Brazil,solar_electricity,2006,0,BRA
Brazil,solar_electricity,2007,0,BRA
Brazil,solar_electricity,2008,0,BRA
Brazil,solar_electricity,2009,0,BRA
Brazil,solar_electricity,2010,0,BRA
Brazil,solar_electricity,2011,0,BRA
Brazil,solar_electricity,2012,0,BRA
Brazil,solar_electricity,2013,0,BRA
Brazil,solar_electricity,2014,0.02,BRA
Brazil,solar_electricity,2015,0.06,BRA
Brazil,solar_electricity,2016,0.09,BRA
Brazil,solar_electricity,2017,0.83,BRA
Brazil,solar_electricity,2018,3.46,BRA
Brazil,solar_electricity,2019,6.65,BRA
Brazil,solar_electricity,2020,10.75,BRA
Brazil,solar_electricity,2021,16.75,BRA
Brazil,solar_electricity,2022,30.13,BRA
Brazil,solar_electricity,2023,51.48,BRA
Brazil,solar_electricity,2024,74.68,BRA
British Virgin Islands,solar_electricity,2000,0,VGB
British Virgin Islands,solar_electricity,2001,0,VGB
British Virgin Islands,solar_electricity,2002,0,VGB
British Virgin Islands,solar_electricity,2003,0,VGB
British Virgin Islands,solar_electricity,2004,0,VGB
British Virgin Islands,solar_electricity,2005,0,VGB
British Virgin Islands,solar_electricity,2006,0,VGB
British Virgin Islands,solar_electricity,2007,0,VGB
British Virgin Islands,solar_electricity,2008,0,VGB
British Virgin Islands,solar_electricity,2009,0,VGB
British Virgin Islands,solar_electricity,2010,0,VGB
British Virgin Islands,solar_electricity,2011,0,VGB
British Virgin Islands,solar_electricity,2012,0,VGB
British Virgin Islands,solar_electricity,2013,0,VGB
British Virgin Islands,solar_electricity,2014,0,VGB
British Virgin Islands,solar_electricity,2015,0,VGB
British Virgin Islands,solar_electricity,2016,0,VGB
British Virgin Islands,solar_electricity,2017,0,VGB
British Virgin Islands,solar_electricity,2018,0,VGB
British Virgin Islands,solar_electricity,2019,0,VGB
British Virgin Islands,solar_electricity,2020,0,VGB
British Virgin Islands,solar_electricity,2021,0,VGB
British Virgin Islands,solar_electricity,2022,0,VGB
British Virgin Islands,solar_electricity,2023,0,VGB
Brunei,solar_electricity,2000,0,BRN
Brunei,solar_electricity,2001,0,BRN
Brunei,solar_electricity,2002,0,BRN
Brunei,solar_electricity,2003,0,BRN
Brunei,solar_electricity,2004,0,BRN
Brunei,solar_electricity,2005,0,BRN
Brunei,solar_electricity,2006,0,BRN
Brunei,solar_electricity,2007,0,BRN
Brunei,solar_electricity,2008,0,BRN
Brunei,solar_electricity,2009,0,BRN
Brunei,solar_electricity,2010,0,BRN
Brunei,solar_electricity,2011,0,BRN
Brunei,solar_electricity,2012,0,BRN
Brunei,solar_electricity,2013,0,BRN
Brunei,solar_electricity,2014,0,BRN
Brunei,solar_electricity,2015,0,BRN
Brunei,solar_electricity,2016,0,BRN
Brunei,solar_electricity,2017,0,BRN
Brunei,solar_electricity,2018,0,BRN
Brunei,solar_electricity,2019,0,BRN
Brunei,solar_electricity,2020,0,BRN
Brunei,solar_electricity,2021,0,BRN
Brunei,solar_electricity,2022,0,BRN
Brunei,solar_electricity,2023,0,BRN
Bulgaria,solar_electricity,1965,0,BGR
Bulgaria,solar_electricity,1966,0,BGR
Bulgaria,solar_electricity,1967,0,BGR
Bulgaria,solar_electricity,1968,0,BGR
Bulgaria,solar_electricity,1969,0,BGR
Bulgaria,solar_electricity,1970,0,BGR
Bulgaria,solar_electricity,1971,0,BGR
Bulgaria,solar_electricity,1972,0,BGR
Bulgaria,solar_electricity,1973,0,BGR
Bulgaria,solar_electricity,1974,0,BGR
Bulgaria,solar_electricity,1975,0,BGR
Bulgaria,solar_electricity,1976,0,BGR
Bulgaria,solar_electricity,1977,0,BGR
Bulgaria,solar_electricity,1978,0,BGR
Bulgaria,solar_electricity,1979,0,BGR
Bulgaria,solar_electricity,1980,0,BGR
Bulgaria,solar_electricity,1981,0,BGR
Bulgaria,solar_electricity,1982,0,BGR
Bulgaria,solar_electricity,1983,0,BGR
Bulgaria,solar_electricity,1984,0,BGR
Bulgaria,solar_electricity,1985,0,BGR
Bulgaria,solar_electricity,1986,0,BGR
Bulgaria,solar_electricity,1987,0,BGR
Bulgaria,solar_electricity,1988,0,BGR
Bulgaria,solar_electricity,1989,0,BGR
Bulgaria,solar_electricity,1990,0,BGR
Bulgaria,solar_electricity,1991,0,BGR
Bulgaria,solar_electricity,1992,0,BGR
Bulgaria,solar_electricity,1993,0,BGR
Bulgaria,solar_electricity,1994,0,BGR
Bulgaria,solar_electricity,1995,0,BGR
Bulgaria,solar_electricity,1996,0,BGR
Bulgaria,solar_electricity,1997,0,BGR
Bulgaria,solar_electricity,1998,0,BGR
Bulgaria,solar_electricity,1999,0,BGR
Bulgaria,solar_electricity,2000,0,BGR
Bulgaria,solar_electricity,2001,0,BGR
Bulgaria,solar_electricity,2002,0,BGR
Bulgaria,solar_electricity,2003,0,BGR
Bulgaria,solar_electricity,2004,0,BGR
Bulgaria,solar_electricity,2005,0,BGR
Bulgaria,solar_electricity,2006,0,BGR
Bulgaria,solar_electricity,2007,0,BGR
Bulgaria,solar_electricity,2008,0,BGR
Bulgaria,solar_electricity,2009,0,BGR
Bulgaria,solar_electricity,2010,0.01,BGR
Bulgaria,solar_electricity,2011,0.1,BGR
Bulgaria,solar_electricity,2012,0.78,BGR
Bulgaria,solar_electricity,2013,1.39,BGR
Bulgaria,solar_electricity,2014,1.26,BGR
Bulgaria,solar_electricity,2015,1.38,BGR
Bulgaria,solar_electricity,2016,1.39,BGR
Bulgaria,solar_electricity,2017,1.4,BGR
Bulgaria,solar_electricity,2018,1.34,BGR
Bulgaria,solar_electricity,2019,1.42,BGR
Bulgaria,solar_electricity,2020,1.47,BGR
Bulgaria,solar_electricity,2021,1.47,BGR
Bulgaria,solar_electricity,2022,2.09,BGR
Bulgaria,solar_electricity,2023,3.52,BGR
Bulgaria,solar_electricity,2024,5.34,BGR
Burkina Faso,solar_electricity,2000,0,BFA
Burkina Faso,solar_electricity,2001,0,BFA
Burkina Faso,solar_electricity,2002,0,BFA
Burkina Faso,solar_electricity,2003,0,BFA
Burkina Faso,solar_electricity,2004,0,BFA
Burkina Faso,solar_electricity,2005,0,BFA
Burkina Faso,solar_electricity,2006,0,BFA
Burkina Faso,solar_electricity,2007,0,BFA
Burkina Faso,solar_electricity,2008,0,BFA
Burkina Faso,solar_electricity,2009,0,BFA
Burkina Faso,solar_electricity,2010,0.01,BFA
Burkina Faso,solar_electricity,2011,0.01,BFA
Burkina Faso,solar_electricity,2012,0.01,BFA
Burkina Faso,solar_electricity,2013,0.01,BFA
Burkina Faso,solar_electricity,2014,0.01,BFA
Burkina Faso,solar_electricity,2015,0.01,BFA
Burkina Faso,solar_electricity,2016,0.02,BFA
Burkina Faso,solar_electricity,2017,0.03,BFA
Burkina Faso,solar_electricity,2018,0.09,BFA
Burkina Faso,solar_electricity,2019,0.09,BFA
Burkina Faso,solar_electricity,2020,0.09,BFA
Burkina Faso,solar_electricity,2021,0.09,BFA
Burkina Faso,solar_electricity,2022,0.09,BFA
Burkina Faso,solar_electricity,2023,0.09,BFA
Burundi,solar_electricity,2000,0,BDI
Burundi,solar_electricity,2001,0,BDI
Burundi,solar_electricity,2002,0,BDI
Burundi,solar_electricity,2003,0,BDI
Burundi,solar_electricity,2004,0,BDI
Burundi,solar_electricity,2005,0,BDI
Burundi,solar_electricity,2006,0,BDI
Burundi,solar_electricity,2007,0,BDI
Burundi,solar_electricity,2008,0,BDI
Burundi,solar_electricity,2009,0,BDI
Burundi,solar_electricity,2010,0,BDI
Burundi,solar_electricity,2011,0,BDI
Burundi,solar_electricity,2012,0,BDI
Burundi,solar_electricity,2013,0,BDI
Burundi,solar_electricity,2014,0,BDI
Burundi,solar_electricity,2015,0,BDI
Burundi,solar_electricity,2016,0.01,BDI
Burundi,solar_electricity,2017,0.01,BDI
Burundi,solar_electricity,2018,0,BDI
Burundi,solar_electricity,2019,0,BDI
Burundi,solar_electricity,2020,0,BDI
Burundi,solar_electricity,2021,0,BDI
Burundi,solar_electricity,2022,0,BDI
Burundi,solar_electricity,2023,0,BDI
Cambodia,solar_electricity,2000,0,KHM
Cambodia,solar_electricity,2001,0,KHM
Cambodia,solar_electricity,2002,0,KHM
Cambodia,solar_electricity,2003,0,KHM
Cambodia,solar_electricity,2004,0,KHM
Cambodia,solar_electricity,2005,0,KHM
Cambodia,solar_electricity,2006,0,KHM
Cambodia,solar_electricity,2007,0,KHM
Cambodia,solar_electricity,2008,0,KHM
Cambodia,solar_electricity,2009,0,KHM
Cambodia,solar_electricity,2010,0,KHM
Cambodia,solar_electricity,2011,0,KHM
Cambodia,solar_electricity,2012,0.01,KHM
Cambodia,solar_electricity,2013,0.01,KHM
Cambodia,solar_electricity,2014,0.01,KHM
Cambodia,solar_electricity,2015,0.02,KHM
Cambodia,solar_electricity,2016,0.03,KHM
Cambodia,solar_electricity,2017,0.03,KHM
Cambodia,solar_electricity,2018,0.04,KHM
Cambodia,solar_electricity,2019,0.12,KHM
Cambodia,solar_electricity,2020,0.31,KHM
Cambodia,solar_electricity,2021,0.63,KHM
Cambodia,solar_electricity,2022,0.73,KHM
Cambodia,solar_electricity,2023,0.8,KHM
Cambodia,solar_electricity,2024,1.07,KHM
Cameroon,solar_electricity,2000,0,CMR
Cameroon,solar_electricity,2001,0,CMR
Cameroon,solar_electricity,2002,0,CMR
Cameroon,solar_electricity,2003,0,CMR
Cameroon,solar_electricity,2004,0,CMR
Cameroon,solar_electricity,2005,0,CMR
Cameroon,solar_electricity,2006,0,CMR
Cameroon,solar_electricity,2007,0,CMR
Cameroon,solar_electricity,2008,0,CMR
Cameroon,solar_electricity,2009,0,CMR
Cameroon,solar_electricity,2010,0,CMR
Cameroon,solar_electricity,2011,0,CMR
Cameroon,solar_electricity,2012,0,CMR
Cameroon,solar_electricity,2013,0,CMR
Cameroon,solar_electricity,2014,0.01,CMR
Cameroon,solar_electricity,2015,0.01,CMR
Cameroon,solar_electricity,2016,0.01,CMR
Cameroon,solar_electricity,2017,0.02,CMR
Cameroon,solar_electricity,2018,0.02,CMR
Cameroon,solar_electricity,2019,0.02,CMR
Cameroon,solar_electricity,2020,0.02,CMR
Cameroon,solar_electricity,2021,0.02,CMR
Cameroon,solar_electricity,2022,0.02,CMR
Cameroon,solar_electricity,2023,0.02,CMR
Canada,solar_electricity,1965,0,CAN
Canada,solar_electricity,1966,0,CAN
Canada,solar_electricity,1967,0,CAN
Canada,solar_electricity,1968,0,CAN
Canada,solar_electricity,1969,0,CAN
Canada,solar_electricity,1970,0,CAN
Canada,solar_electricity,1971,0,CAN
Canada,solar_electricity,1972,0,CAN
Canada,solar_electricity,1973,0,CAN
Canada,solar_electricity,1974,0,CAN
Canada,solar_electricity,1975,0,CAN
Canada,solar_electricity,1976,0,CAN
Canada,solar_electricity,1977,0,CAN
Canada,solar_electricity,1978,0,CAN
Canada,solar_electricity,1979,0,CAN
Canada,solar_electricity,1980,0,CAN
Canada,solar_electricity,1981,0,CAN
Canada,solar_electricity,1982,0,CAN
Canada,solar_electricity,1983,0,CAN
Canada,solar_electricity,1984,0,CAN
Canada,solar_electricity,1985,0,CAN
Canada,solar_electricity,1986,0,CAN
Canada,solar_electricity,1987,0,CAN
Canada,solar_electricity,1988,0,CAN
Canada,solar_electricity,1989,0,CAN
Canada,solar_electricity,1990,0,CAN
Canada,solar_electricity,1991,0,CAN
Canada,solar_electricity,1992,0.002,CAN
Canada,solar_electricity,1993,0.002,CAN
Canada,solar_electricity,1994,0.002,CAN
Canada,solar_electricity,1995,0.004,CAN
Canada,solar_electricity,1996,0.006,CAN
Canada,solar_electricity,1997,0.007,CAN
Canada,solar_electricity,1998,0.01,CAN
Canada,solar_electricity,1999,0.013,CAN
Canada,solar_electricity,2000,0.02,CAN
Canada,solar_electricity,2001,0.02,CAN
Canada,solar_electricity,2002,0.02,CAN
Canada,solar_electricity,2003,0.02,CAN
Canada,solar_electricity,2004,0.01,CAN
Canada,solar_electricity,2005,0.02,CAN
Canada,solar_electricity,2006,0.02,CAN
Canada,solar_electricity,2007,0.03,CAN
Canada,solar_electricity,2008,0.04,CAN
Canada,solar_electricity,2009,0.11,CAN
Canada,solar_electricity,2010,0.26,CAN
Canada,solar_electricity,2011,0.57,CAN
Canada,solar_electricity,2012,0.88,CAN
Canada,solar_electricity,2013,1.5,CAN
Canada,solar_electricity,2014,2.12,CAN
Canada,solar_electricity,2015,2.89,CAN
Canada,solar_electricity,2016,4.03,CAN
Canada,solar_electricity,2017,3.57,CAN
Canada,solar_electricity,2018,3.8,CAN
Canada,solar_electricity,2019,4.08,CAN
Canada,solar_electricity,2020,4.28,CAN
Canada,solar_electricity,2021,6.04,CAN
Canada,solar_electricity,2022,7.05,CAN
Canada,solar_electricity,2023,7.64,CAN
Canada,solar_electricity,2024,8.21,CAN
Cape Verde,solar_electricity,2000,0,CPV
Cape Verde,solar_electricity,2001,0,CPV
Cape Verde,solar_electricity,2002,0,CPV
Cape Verde,solar_electricity,2003,0,CPV
Cape Verde,solar_electricity,2004,0,CPV
Cape Verde,solar_electricity,2005,0,CPV
Cape Verde,solar_electricity,2006,0,CPV
Cape Verde,solar_electricity,2007,0,CPV
Cape Verde,solar_electricity,2008,0,CPV
Cape Verde,solar_electricity,2009,0,CPV
Cape Verde,solar_electricity,2010,0,CPV
Cape Verde,solar_electricity,2011,0.01,CPV
Cape Verde,solar_electricity,2012,0.01,CPV
Cape Verde,solar_electricity,2013,0.01,CPV
Cape Verde,solar_electricity,2014,0.01,CPV
Cape Verde,solar_electricity,2015,0.01,CPV
Cape Verde,solar_electricity,2016,0.01,CPV
Cape Verde,solar_electricity,2017,0.01,CPV
Cape Verde,solar_electricity,2018,0.01,CPV
Cape Verde,solar_electricity,2019,0.01,CPV
Cape Verde,solar_electricity,2020,0.01,CPV
Cape Verde,solar_electricity,2021,0.01,CPV
Cape Verde,solar_electricity,2022,0.07,CPV
Cayman Islands,solar_electricity,2000,0,CYM
Cayman Islands,solar_electricity,2001,0,CYM
Cayman Islands,solar_electricity,2002,0,CYM
Cayman Islands,solar_electricity,2003,0,CYM
Cayman Islands,solar_electricity,2004,0,CYM
Cayman Islands,solar_electricity,2005,0,CYM
Cayman Islands,solar_electricity,2006,0,CYM
Cayman Islands,solar_electricity,2007,0,CYM
Cayman Islands,solar_electricity,2008,0,CYM
Cayman Islands,solar_electricity,2009,0,CYM
Cayman Islands,solar_electricity,2010,0,CYM
Cayman Islands,solar_electricity,2011,0,CYM
Cayman Islands,solar_electricity,2012,0,CYM
Cayman Islands,solar_electricity,2013,0,CYM
Cayman Islands,solar_electricity,2014,0,CYM
Cayman Islands,solar_electricity,2015,0,CYM
Cayman Islands,solar_electricity,2016,0,CYM
Cayman Islands,solar_electricity,2017,0.01,CYM
Cayman Islands,solar_electricity,2018,0.01,CYM
Cayman Islands,solar_electricity,2019,0.02,CYM
Cayman Islands,solar_electricity,2020,0.02,CYM
Cayman Islands,solar_electricity,2021,0.02,CYM
Cayman Islands,solar_electricity,2022,0.02,CYM
Cayman Islands,solar_electricity,2023,0.02,CYM
Central African Republic,solar_electricity,2000,0,CAF
Central African Republic,solar_electricity,2001,0,CAF
Central African Republic,solar_electricity,2002,0,CAF
Central African Republic,solar_electricity,2003,0,CAF
Central African Republic,solar_electricity,2004,0,CAF
Central African Republic,solar_electricity,2005,0,CAF
Central African Republic,solar_electricity,2006,0,CAF
Central African Republic,solar_electricity,2007,0,CAF
Central African Republic,solar_electricity,2008,0,CAF
Central African Republic,solar_electricity,2009,0,CAF
Central African Republic,solar_electricity,2010,0,CAF
Central African Republic,solar_electricity,2011,0,CAF
Central African Republic,solar_electricity,2012,0,CAF
Central African Republic,solar_electricity,2013,0,CAF
Central African Republic,solar_electricity,2014,0,CAF
Central African Republic,solar_electricity,2015,0,CAF
Central African Republic,solar_electricity,2016,0,CAF
Central African Republic,solar_electricity,2017,0,CAF
Central African Republic,solar_electricity,2018,0,CAF
Central African Republic,solar_electricity,2019,0,CAF
Central African Republic,solar_electricity,2020,0,CAF
Central African Republic,solar_electricity,2021,0,CAF
Central African Republic,solar_electricity,2022,0,CAF
Chad,solar_electricity,2000,0,TCD
Chad,solar_electricity,2001,0,TCD
Chad,solar_electricity,2002,0,TCD
Chad,solar_electricity,2003,0,TCD
Chad,solar_electricity,2004,0,TCD
Chad,solar_electricity,2005,0,TCD
Chad,solar_electricity,2006,0,TCD
Chad,solar_electricity,2007,0,TCD
Chad,solar_electricity,2008,0,TCD
Chad,solar_electricity,2009,0,TCD
Chad,solar_electricity,2010,0,TCD
Chad,solar_electricity,2011,0,TCD
Chad,solar_electricity,2012,0,TCD
Chad,solar_electricity,2013,0,TCD
Chad,solar_electricity,2014,0,TCD
Chad,solar_electricity,2015,0,TCD
Chad,solar_electricity,2016,0,TCD
Chad,solar_electricity,2017,0,TCD
Chad,solar_electricity,2018,0,TCD
Chad,solar_electricity,2019,0,TCD
Chad,solar_electricity,2020,0,TCD
Chad,solar_electricity,2021,0,TCD
Chad,solar_electricity,2022,0,TCD
Chile,solar_electricity,1965,0,CHL
Chile,solar_electricity,1966,0,CHL
Chile,solar_electricity,1967,0,CHL
Chile,solar_electricity,1968,0,CHL
Chile,solar_electricity,1969,0,CHL
Chile,solar_electricity,1970,0,CHL
Chile,solar_electricity,1971,0,CHL
Chile,solar_electricity,1972,0,CHL
Chile,solar_electricity,1973,0,CHL
Chile,solar_electricity,1974,0,CHL
Chile,solar_electricity,1975,0,CHL
Chile,solar_electricity,1976,0,CHL
Chile,solar_electricity,1977,0,CHL
Chile,solar_electricity,1978,0,CHL
Chile,solar_electricity,1979,0,CHL
Chile,solar_electricity,1980,0,CHL
Chile,solar_electricity,1981,0,CHL
Chile,solar_electricity,1982,0,CHL
Chile,solar_electricity,1983,0,CHL
Chile,solar_electricity,1984,0,CHL
Chile,solar_electricity,1985,0,CHL
Chile,solar_electricity,1986,0,CHL
Chile,solar_electricity,1987,0,CHL
Chile,solar_electricity,1988,0,CHL
Chile,solar_electricity,1989,0,CHL
Chile,solar_electricity,1990,0,CHL
Chile,solar_electricity,1991,0,CHL
Chile,solar_electricity,1992,0,CHL
Chile,solar_electricity,1993,0,CHL
Chile,solar_electricity,1994,0,CHL
Chile,solar_electricity,1995,0,CHL
Chile,solar_electricity,1996,0,CHL
Chile,solar_electricity,1997,0,CHL
Chile,solar_electricity,1998,0,CHL
Chile,solar_electricity,1999,0,CHL
Chile,solar_electricity,2000,0,CHL
Chile,solar_electricity,2001,0,CHL
Chile,solar_electricity,2002,0,CHL
Chile,solar_electricity,2003,0,CHL
Chile,solar_electricity,2004,0,CHL
Chile,solar_electricity,2005,0,CHL
Chile,solar_electricity,2006,0,CHL
Chile,solar_electricity,2007,0,CHL
Chile,solar_electricity,2008,0,CHL
Chile,solar_electricity,2009,0,CHL
Chile,solar_electricity,2010,0,CHL
Chile,solar_electricity,2011,0,CHL
Chile,solar_electricity,2012,0,CHL
Chile,solar_electricity,2013,0.01,CHL
Chile,solar_electricity,2014,0.48,CHL
Chile,solar_electricity,2015,1.24,CHL
Chile,solar_electricity,2016,2.59,CHL
Chile,solar_electricity,2017,3.84,CHL
Chile,solar_electricity,2018,5.12,CHL
Chile,solar_electricity,2019,6.3,CHL
Chile,solar_electricity,2020,7.53,CHL
Chile,solar_electricity,2021,10.56,CHL
Chile,solar_electricity,2022,15.71,CHL
Chile,solar_electricity,2023,18.06,CHL
Chile,solar_electricity,2024,19.92,CHL
China,solar_electricity,1965,0,CHN
China,solar_electricity,1966,0,CHN
China,solar_electricity,1967,0,CHN
China,solar_electricity,1968,0,CHN
China,solar_electricity,1969,0,CHN
China,solar_electricity,1970,0,CHN
China,solar_electricity,1971,0,CHN
China,solar_electricity,1972,0,CHN
China,solar_electricity,1973,0,CHN
China,solar_electricity,1974,0,CHN
China,solar_electricity,1975,0,CHN
China,solar_electricity,1976,0,CHN
China,solar_electricity,1977,0,CHN
China,solar_electricity,1978,0,CHN
China,solar_electricity,1979,0,CHN
China,solar_electricity,1980,0,CHN
China,solar_electricity,1981,0,CHN
China,solar_electricity,1982,0,CHN
China,solar_electricity,1983,0,CHN
China,solar_electricity,1984,0,CHN
China,solar_electricity,1985,0,CHN
China,solar_electricity,1986,0,CHN
China,solar_electricity,1987,0,CHN
China,solar_electricity,1988,0,CHN
China,solar_electricity,1989,0,CHN
China,solar_electricity,1990,0.002,CHN
China,solar_electricity,1991,0.002,CHN
China,solar_electricity,1992,0.003,CHN
China,solar_electricity,1993,0.004,CHN
China,solar_electricity,1994,0.005,CHN
China,solar_electricity,1995,0.007,CHN
China,solar_electricity,1996,0.009,CHN
China,solar_electricity,1997,0.011,CHN
China,solar_electricity,1998,0.014,CHN
China,solar_electricity,1999,0.017,CHN
China,solar_electricity,2000,0.02,CHN
China,solar_electricity,2001,0.03,CHN
China,solar_electricity,2002,0.05,CHN
China,solar_electricity,2003,0.06,CHN
China,solar_electricity,2004,0.08,CHN
China,solar_electricity,2005,0.08,CHN
China,solar_electricity,2006,0.09,CHN
China,solar_electricity,2007,0.11,CHN
China,solar_electricity,2008,0.15,CHN
China,solar_electricity,2009,0.28,CHN
China,solar_electricity,2010,0.7,CHN
China,solar_electricity,2011,2.61,CHN
China,solar_electricity,2012,3.59,CHN
China,solar_electricity,2013,8.37,CHN
China,solar_electricity,2014,23.51,CHN
China,solar_electricity,2015,39.48,CHN
China,solar_electricity,2016,66.53,CHN
China,solar_electricity,2017,117.8,CHN
China,solar_electricity,2018,176.9,CHN
China,solar_electricity,2019,224,CHN
China,solar_electricity,2020,261.1,CHN
China,solar_electricity,2021,327,CHN
China,solar_electricity,2022,427.27,CHN
China,solar_electricity,2023,584.15,CHN
China,solar_electricity,2024,834.1,CHN
Colombia,solar_electricity,1965,0,COL
Colombia,solar_electricity,1966,0,COL
Colombia,solar_electricity,1967,0,COL
Colombia,solar_electricity,1968,0,COL
Colombia,solar_electricity,1969,0,COL
Colombia,solar_electricity,1970,0,COL
Colombia,solar_electricity,1971,0,COL
Colombia,solar_electricity,1972,0,COL
Colombia,solar_electricity,1973,0,COL
Colombia,solar_electricity,1974,0,COL
Colombia,solar_electricity,1975,0,COL
Colombia,solar_electricity,1976,0,COL
Colombia,solar_electricity,1977,0,COL
Colombia,solar_electricity,1978,0,COL
Colombia,solar_electricity,1979,0,COL
Colombia,solar_electricity,1980,0,COL
Colombia,solar_electricity,1981,0,COL
Colombia,solar_electricity,1982,0,COL
Colombia,solar_electricity,1983,0,COL
Colombia,solar_electricity,1984,0,COL
Colombia,solar_electricity,1985,0,COL
Colombia,solar_electricity,1986,0,COL
Colombia,solar_electricity,1987,0,COL
Colombia,solar_electricity,1988,0,COL
Colombia,solar_electricity,1989,0,COL
Colombia,solar_electricity,1990,0,COL
Colombia,solar_electricity,1991,0,COL
Colombia,solar_electricity,1992,0,COL
Colombia,solar_electricity,1993,0,COL
Colombia,solar_electricity,1994,0,COL
Colombia,solar_electricity,1995,0,COL
Colombia,solar_electricity,1996,0,COL
Colombia,solar_electricity,1997,0,COL
Colombia,solar_electricity,1998,0,COL
Colombia,solar_electricity,1999,0,COL
Colombia,solar_electricity,2000,0.01,COL
Colombia,solar_electricity,2001,0.01,COL
Colombia,solar_electricity,2002,0.01,COL
Colombia,solar_electricity,2003,0.01,COL
Colombia,solar_electricity,2004,0.01,COL
Colombia,solar_electricity,2005,0.01,COL
Colombia,solar_electricity,2006,0.01,COL
Colombia,solar_electricity,2007,0.01,COL
Colombia,solar_electricity,2008,0.01,COL
Colombia,solar_electricity,2009,0.01,COL
Colombia,solar_electricity,2010,0.01,COL
Colombia,solar_electricity,2011,0.01,COL
Colombia,solar_electricity,2012,0.01,COL
Colombia,solar_electricity,2013,0.01,COL
Colombia,solar_electricity,2014,0.01,COL
Colombia,solar_electricity,2015,0.01,COL
Colombia,solar_electricity,2016,0.01,COL
Colombia,solar_electricity,2017,0.01,COL
Colombia,solar_electricity,2018,0.02,COL
Colombia,solar_electricity,2019,0.13,COL
Colombia,solar_electricity,2020,0.19,COL
Colombia,solar_electricity,2021,0.33,COL
Colombia,solar_electricity,2022,0.63,COL
Colombia,solar_electricity,2023,1.13,COL
Colombia,solar_electricity,2024,3.21,COL
Comoros,solar_electricity,2000,0,COM
Comoros,solar_electricity,2001,0,COM
Comoros,solar_electricity,2002,0,COM
Comoros,solar_electricity,2003,0,COM
Comoros,solar_electricity,2004,0,COM
Comoros,solar_electricity,2005,0,COM
Comoros,solar_electricity,2006,0,COM
Comoros,solar_electricity,2007,0,COM
Comoros,solar_electricity,2008,0,COM
Comoros,solar_electricity,2009,0,COM
Comoros,solar_electricity,2010,0,COM
Comoros,solar_electricity,2011,0,COM
Comoros,solar_electricity,2012,0,COM
Comoros,solar_electricity,2013,0,COM
Comoros,solar_electricity,2014,0,COM
Comoros,solar_electricity,2015,0,COM
Comoros,solar_electricity,2016,0,COM
Comoros,solar_electricity,2017,0,COM
Comoros,solar_electricity,2018,0,COM
Comoros,solar_electricity,2019,0,COM
Comoros,solar_electricity,2020,0,COM
Comoros,solar_electricity,2021,0,COM
Comoros,solar_electricity,2022,0,COM
Comoros,solar_electricity,2023,0,COM
Congo,solar_electricity,2000,0,COG
Congo,solar_electricity,2001,0,COG
Congo,solar_electricity,2002,0,COG
Congo,solar_electricity,2003,0,COG
Congo,solar_electricity,2004,0,COG
Congo,solar_electricity,2005,0,COG
Congo,solar_electricity,2006,0,COG
Congo,solar_electricity,2007,0,COG
Congo,solar_electricity,2008,0,COG
Congo,solar_electricity,2009,0,COG
Congo,solar_electricity,2010,0,COG
Congo,solar_electricity,2011,0,COG
Congo,solar_electricity,2012,0,COG
Congo,solar_electricity,2013,0,COG
Congo,solar_electricity,2014,0,COG
Congo,solar_electricity,2015,0,COG
Congo,solar_electricity,2016,0,COG
Congo,solar_electricity,2017,0,COG
Congo,solar_electricity,2018,0,COG
Congo,solar_electricity,2019,0,COG
Congo,solar_electricity,2020,0,COG
Congo,solar_electricity,2021,0,COG
Congo,solar_electricity,2022,0,COG
Congo,solar_electricity,2023,0.01,COG
Cook Islands,solar_electricity,2000,0,COK
Cook Islands,solar_electricity,2001,0,COK
Cook Islands,solar_electricity,2002,0,COK
Cook Islands,solar_electricity,2003,0,COK
Cook Islands,solar_electricity,2004,0,COK
Cook Islands,solar_electricity,2005,0,COK
Cook Islands,solar_electricity,2006,0,COK
Cook Islands,solar_electricity,2007,0,COK
Cook Islands,solar_electricity,2008,0,COK
Cook Islands,solar_electricity,2009,0,COK
Cook Islands,solar_electricity,2010,0,COK
Cook Islands,solar_electricity,2011,0,COK
Cook Islands,solar_electricity,2012,0,COK
Cook Islands,solar_electricity,2013,0,COK
Cook Islands,solar_electricity,2014,0,COK
Cook Islands,solar_electricity,2015,0,COK
Cook Islands,solar_electricity,2016,0,COK
Cook Islands,solar_electricity,2017,0.01,COK
Cook Islands,solar_electricity,2018,0.02,COK
Cook Islands,solar_electricity,2019,0.01,COK
Cook Islands,solar_electricity,2020,0.01,COK
Cook Islands,solar_electricity,2021,0.02,COK
Cook Islands,solar_electricity,2022,0.02,COK
Costa Rica,solar_electricity,2000,0,CRI
Costa Rica,solar_electricity,2001,0,CRI
Costa Rica,solar_electricity,2002,0,CRI
Costa Rica,solar_electricity,2003,0,CRI
Costa Rica,solar_electricity,2004,0,CRI
Costa Rica,solar_electricity,2005,0,CRI
Costa Rica,solar_electricity,2006,0,CRI
Costa Rica,solar_electricity,2007,0,CRI
Costa Rica,solar_electricity,2008,0,CRI
Costa Rica,solar_electricity,2009,0,CRI
Costa Rica,solar_electricity,2010,0,CRI
Costa Rica,solar_electricity,2011,0,CRI
Costa Rica,solar_electricity,2012,0.01,CRI
Costa Rica,solar_electricity,2013,0.02,CRI
Costa Rica,solar_electricity,2014,0.02,CRI
Costa Rica,solar_electricity,2015,0.03,CRI
Costa Rica,solar_electricity,2016,0.03,CRI
Costa Rica,solar_electricity,2017,0.04,CRI
Costa Rica,solar_electricity,2018,0.06,CRI
Costa Rica,solar_electricity,2019,0.07,CRI
Costa Rica,solar_electricity,2020,0.07,CRI
Costa Rica,solar_electricity,2021,0.08,CRI
Costa Rica,solar_electricity,2022,0.08,CRI
Costa Rica,solar_electricity,2023,0.08,CRI
Costa Rica,solar_electricity,2024,0.08,CRI
Cote d'Ivoire,solar_electricity,2000,0,CIV
Cote d'Ivoire,solar_electricity,2001,0,CIV
Cote d'Ivoire,solar_electricity,2002,0,CIV
Cote d'Ivoire,solar_electricity,2003,0,CIV
Cote d'Ivoire,solar_electricity,2004,0,CIV
Cote d'Ivoire,solar_electricity,2005,0,CIV
Cote d'Ivoire,solar_electricity,2006,0,CIV
Cote d'Ivoire,solar_electricity,2007,0,CIV
Cote d'Ivoire,solar_electricity,2008,0,CIV
Cote d'Ivoire,solar_electricity,2009,0,CIV
Cote d'Ivoire,solar_electricity,2010,0,CIV
Cote d'Ivoire,solar_electricity,2011,0,CIV
Cote d'Ivoire,solar_electricity,2012,0,CIV
Cote d'Ivoire,solar_electricity,2013,0,CIV
Cote d'Ivoire,solar_electricity,2014,0,CIV
Cote d'Ivoire,solar_electricity,2015,0,CIV
Cote d'Ivoire,solar_electricity,2016,0,CIV
Cote d'Ivoire,solar_electricity,2017,0.01,CIV
Cote d'Ivoire,solar_electricity,2018,0.01,CIV
Cote d'Ivoire,solar_electricity,2019,0.01,CIV
Cote d'Ivoire,solar_electricity,2020,0.02,CIV
Cote d'Ivoire,solar_electricity,2021,0.02,CIV
Cote d'Ivoire,solar_electricity,2022,0.02,CIV
Cote d'Ivoire,solar_electricity,2023,0.02,CIV
Croatia,solar_electricity,1990,0,HRV
Croatia,solar_electricity,1991,0,HRV
Croatia,solar_electricity,1992,0,HRV
Croatia,solar_electricity,1993,0,HRV
Croatia,solar_electricity,1994,0,HRV
Croatia,solar_electricity,1995,0,HRV
Croatia,solar_electricity,1996,0,HRV
Croatia,solar_electricity,1997,0,HRV
Croatia,solar_electricity,1998,0,HRV
Croatia,solar_electricity,1999,0,HRV
Croatia,solar_electricity,2000,0,HRV
Croatia,solar_electricity,2001,0,HRV
Croatia,solar_electricity,2002,0,HRV
Croatia,solar_electricity,2003,0,HRV
Croatia,solar_electricity,2004,0,HRV
Croatia,solar_electricity,2005,0,HRV
Croatia,solar_electricity,2006,0,HRV
Croatia,solar_electricity,2007,0,HRV
Croatia,solar_electricity,2008,0,HRV
Croatia,solar_electricity,2009,0,HRV
Croatia,solar_electricity,2010,0,HRV
Croatia,solar_electricity,2011,0,HRV
Croatia,solar_electricity,2012,0,HRV
Croatia,solar_electricity,2013,0.01,HRV
Croatia,solar_electricity,2014,0.04,HRV
Croatia,solar_electricity,2015,0.06,HRV
Croatia,solar_electricity,2016,0.07,HRV
Croatia,solar_electricity,2017,0.08,HRV
Croatia,solar_electricity,2018,0.07,HRV
Croatia,solar_electricity,2019,0.08,HRV
Croatia,solar_electricity,2020,0.1,HRV
Croatia,solar_electricity,2021,0.15,HRV
Croatia,solar_electricity,2022,0.15,HRV
Croatia,solar_electricity,2023,0.41,HRV
Croatia,solar_electricity,2024,0.86,HRV
Cuba,solar_electricity,2000,0,CUB
Cuba,solar_electricity,2001,0,CUB
Cuba,solar_electricity,2002,0,CUB
Cuba,solar_electricity,2003,0,CUB
Cuba,solar_electricity,2004,0,CUB
Cuba,solar_electricity,2005,0,CUB
Cuba,solar_electricity,2006,0,CUB
Cuba,solar_electricity,2007,0,CUB
Cuba,solar_electricity,2008,0,CUB
Cuba,solar_electricity,2009,0,CUB
Cuba,solar_electricity,2010,0,CUB
Cuba,solar_electricity,2011,0,CUB
Cuba,solar_electricity,2012,0.01,CUB
Cuba,solar_electricity,2013,0.11,CUB
Cuba,solar_electricity,2014,0.09,CUB
Cuba,solar_electricity,2015,0.13,CUB
Cuba,solar_electricity,2016,0.14,CUB
Cuba,solar_electricity,2017,0.08,CUB
Cuba,solar_electricity,2018,0.12,CUB
Cuba,solar_electricity,2019,0.21,CUB
Cuba,solar_electricity,2020,0.22,CUB
Cuba,solar_electricity,2021,0.22,CUB
Cuba,solar_electricity,2022,0.21,CUB
Cuba,solar_electricity,2023,0.21,CUB
Cyprus,solar_electricity,1965,0,CYP
Cyprus,solar_electricity,1966,0,CYP
Cyprus,solar_electricity,1967,0,CYP
Cyprus,solar_electricity,1968,0,CYP
Cyprus,solar_electricity,1969,0,CYP
Cyprus,solar_electricity,1970,0,CYP
Cyprus,solar_electricity,1971,0,CYP
Cyprus,solar_electricity,1972,0,CYP
Cyprus,solar_electricity,1973,0,CYP
Cyprus,solar_electricity,1974,0,CYP
Cyprus,solar_electricity,1975,0,CYP
Cyprus,solar_electricity,1976,0,CYP
Cyprus,solar_electricity,1977,0,CYP
Cyprus,solar_electricity,1978,0,CYP
Cyprus,solar_electricity,1979,0,CYP
Cyprus,solar_electricity,1980,0,CYP
Cyprus,solar_electricity,1981,0,CYP
Cyprus,solar_electricity,1982,0,CYP
Cyprus,solar_electricity,1983,0,CYP
Cyprus,solar_electricity,1984,0,CYP
Cyprus,solar_electricity,1985,0,CYP
Cyprus,solar_electricity,1986,0,CYP
Cyprus,solar_electricity,1987,0,CYP
Cyprus,solar_electricity,1988,0,CYP
Cyprus,solar_electricity,1989,0,CYP
Cyprus,solar_electricity,1990,0,CYP
Cyprus,solar_electricity,1991,0,CYP
Cyprus,solar_electricity,1992,0,CYP
Cyprus,solar_electricity,1993,0,CYP
Cyprus,solar_electricity,1994,0,CYP
Cyprus,solar_electricity,1995,0,CYP
Cyprus,solar_electricity,1996,0,CYP
Cyprus,solar_electricity,1997,0,CYP
Cyprus,solar_electricity,1998,0,CYP
Cyprus,solar_electricity,1999,0,CYP
Cyprus,solar_electricity,2000,0,CYP
Cyprus,solar_electricity,2001,0,CYP
Cyprus,solar_electricity,2002,0,CYP
Cyprus,solar_electricity,2003,0,CYP
Cyprus,solar_electricity,2004,0,CYP
Cyprus,solar_electricity,2005,0,CYP
Cyprus,solar_electricity,2006,0,CYP
Cyprus,solar_electricity,2007,0,CYP
Cyprus,solar_electricity,2008,0,CYP
Cyprus,solar_electricity,2009,0,CYP
Cyprus,solar_electricity,2010,0.01,CYP
Cyprus,solar_electricity,2011,0.01,CYP
Cyprus,solar_electricity,2012,0.02,CYP
Cyprus,solar_electricity,2013,0.05,CYP
Cyprus,solar_electricity,2014,0.08,CYP
Cyprus,solar_electricity,2015,0.13,CYP
Cyprus,solar_electricity,2016,0.15,CYP
Cyprus,solar_electricity,2017,0.17,CYP
Cyprus,solar_electricity,2018,0.2,CYP
Cyprus,solar_electricity,2019,0.22,CYP
Cyprus,solar_electricity,2020,0.3,CYP
Cyprus,solar_electricity,2021,0.47,CYP
Cyprus,solar_electricity,2022,0.6,CYP
Cyprus,solar_electricity,2023,0.83,CYP
Cyprus,solar_electricity,2024,1.11,CYP
Czechia,solar_electricity,1965,0,CZE
Czechia,solar_electricity,1966,0,CZE
Czechia,solar_electricity,1967,0,CZE
Czechia,solar_electricity,1968,0,CZE
Czechia,solar_electricity,1969,0,CZE
Czechia,solar_electricity,1970,0,CZE
Czechia,solar_electricity,1971,0,CZE
Czechia,solar_electricity,1972,0,CZE
Czechia,solar_electricity,1973,0,CZE
Czechia,solar_electricity,1974,0,CZE
Czechia,solar_electricity,1975,0,CZE
Czechia,solar_electricity,1976,0,CZE
Czechia,solar_electricity,1977,0,CZE
Czechia,solar_electricity,1978,0,CZE
Czechia,solar_electricity,1979,0,CZE
Czechia,solar_electricity,1980,0,CZE
Czechia,solar_electricity,1981,0,CZE
Czechia,solar_electricity,1982,0,CZE
Czechia,solar_electricity,1983,0,CZE
Czechia,solar_electricity,1984,0,CZE
Czechia,solar_electricity,1985,0,CZE
Czechia,solar_electricity,1986,0,CZE
Czechia,solar_electricity,1987,0,CZE
Czechia,solar_electricity,1988,0,CZE
Czechia,solar_electricity,1989,0,CZE
Czechia,solar_electricity,1990,0,CZE
Czechia,solar_electricity,1991,0,CZE
Czechia,solar_electricity,1992,0,CZE
Czechia,solar_electricity,1993,0,CZE
Czechia,solar_electricity,1994,0,CZE
Czechia,solar_electricity,1995,0,CZE
Czechia,solar_electricity,1996,0,CZE
Czechia,solar_electricity,1997,0,CZE
Czechia,solar_electricity,1998,0,CZE
Czechia,solar_electricity,1999,0,CZE
Czechia,solar_electricity,2000,0,CZE
Czechia,solar_electricity,2001,0,CZE
Czechia,solar_electricity,2002,0,CZE
Czechia,solar_electricity,2003,0,CZE
Czechia,solar_electricity,2004,0,CZE
Czechia,solar_electricity,2005,0,CZE
Czechia,solar_electricity,2006,0,CZE
Czechia,solar_electricity,2007,0,CZE
Czechia,solar_electricity,2008,0.01,CZE
Czechia,solar_electricity,2009,0.09,CZE
Czechia,solar_electricity,2010,0.62,CZE
Czechia,solar_electricity,2011,2.18,CZE
Czechia,solar_electricity,2012,2.15,CZE
Czechia,solar_electricity,2013,2.03,CZE
Czechia,solar_electricity,2014,2.12,CZE
Czechia,solar_electricity,2015,2.26,CZE
Czechia,solar_electricity,2016,2.13,CZE
Czechia,solar_electricity,2017,2.2,CZE
Czechia,solar_electricity,2018,2.36,CZE
Czechia,solar_electricity,2019,2.32,CZE
Czechia,solar_electricity,2020,2.29,CZE
Czechia,solar_electricity,2021,2.25,CZE
Czechia,solar_electricity,2022,2.63,CZE
Czechia,solar_electricity,2023,2.89,CZE
Czechia,solar_electricity,2024,4,CZE
Democratic Republic of Congo,solar_electricity,2000,0,COD
Democratic Republic of Congo,solar_electricity,2001,0,COD
Democratic Republic of Congo,solar_electricity,2002,0,COD
Democratic Republic of Congo,solar_electricity,2003,0,COD
Democratic Republic of Congo,solar_electricity,2004,0,COD
Democratic Republic of Congo,solar_electricity,2005,0,COD
Democratic Republic of Congo,solar_electricity,2006,0,COD
Democratic Republic of Congo,solar_electricity,2007,0,COD
Democratic Republic of Congo,solar_electricity,2008,0,COD
Democratic Republic of Congo,solar_electricity,2009,0,COD
Democratic Republic of Congo,solar_electricity,2010,0,COD
Democratic Republic of Congo,solar_electricity,2011,0,COD
Democratic Republic of Congo,solar_electricity,2012,0,COD
Democratic Republic of Congo,solar_electricity,2013,0,COD
Democratic Republic of Congo,solar_electricity,2014,0,COD
Democratic Republic of Congo,solar_electricity,2015,0,COD
Democratic Republic of Congo,solar_electricity,2016,0,COD
Democratic Republic of Congo,solar_electricity,2017,0.01,COD
Democratic Republic of Congo,solar_electricity,2018,0.01,COD
Democratic Republic of Congo,solar_electricity,2019,0.01,COD
Democratic Republic of Congo,solar_electricity,2020,0.02,COD
Democratic Republic of Congo,solar_electricity,2021,1.05,COD
Democratic Republic of Congo,solar_electricity,2022,2.11,COD
Democratic Republic of Congo,solar_electricity,2023,2.2,COD
Denmark,solar_electricity,1965,0,DNK
Denmark,solar_electricity,1966,0,DNK
Denmark,solar_electricity,1967,0,DNK
Denmark,solar_electricity,1968,0,DNK
Denmark,solar_electricity,1969,0,DNK
Denmark,solar_electricity,1970,0,DNK
Denmark,solar_electricity,1971,0,DNK
Denmark,solar_electricity,1972,0,DNK
Denmark,solar_electricity,1973,0,DNK
Denmark,solar_electricity,1974,0,DNK
Denmark,solar_electricity,1975,0,DNK
Denmark,solar_electricity,1976,0,DNK
Denmark,solar_electricity,1977,0,DNK
Denmark,solar_electricity,1978,0,DNK
Denmark,solar_electricity,1979,0,DNK
Denmark,solar_electricity,1980,0,DNK
Denmark,solar_electricity,1981,0,DNK
Denmark,solar_electricity,1982,0,DNK
Denmark,solar_electricity,1983,0,DNK
Denmark,solar_electricity,1984,0,DNK
Denmark,solar_electricity,1985,0,DNK
Denmark,solar_electricity,1986,0,DNK
Denmark,solar_electricity,1987,0,DNK
Denmark,solar_electricity,1988,0,DNK
Denmark,solar_electricity,1989,0,DNK
Denmark,solar_electricity,1990,0,DNK
Denmark,solar_electricity,1991,0,DNK
Denmark,solar_electricity,1992,0,DNK
Denmark,solar_electricity,1993,0,DNK
Denmark,solar_electricity,1994,0,DNK
Denmark,solar_electricity,1995,0,DNK
Denmark,solar_electricity,1996,0,DNK
Denmark,solar_electricity,1997,0,DNK
Denmark,solar_electricity,1998,0,DNK
Denmark,solar_electricity,1999,0,DNK
Denmark,solar_electricity,2000,0,DNK
Denmark,solar_electricity,2001,0,DNK
Denmark,solar_electricity,2002,0,DNK
Denmark,solar_electricity,2003,0,DNK
Denmark,solar_electricity,2004,0,DNK
Denmark,solar_electricity,2005,0,DNK
Denmark,solar_electricity,2006,0,DNK
Denmark,solar_electricity,2007,0,DNK
Denmark,solar_electricity,2008,0,DNK
Denmark,solar_electricity,2009,0,DNK
Denmark,solar_electricity,2010,0.01,DNK
Denmark,solar_electricity,2011,0.01,DNK
Denmark,solar_electricity,2012,0.1,DNK
Denmark,solar_electricity,2013,0.52,DNK
Denmark,solar_electricity,2014,0.6,DNK
Denmark,solar_electricity,2015,0.6,DNK
Denmark,solar_electricity,2016,0.74,DNK
Denmark,solar_electricity,2017,0.75,DNK
Denmark,solar_electricity,2018,0.95,DNK
Denmark,solar_electricity,2019,0.96,DNK
Denmark,solar_electricity,2020,1.18,DNK
Denmark,solar_electricity,2021,1.31,DNK
Denmark,solar_electricity,2022,2.2,DNK
Denmark,solar_electricity,2023,3.36,DNK
Denmark,solar_electricity,2024,3.99,DNK
Djibouti,solar_electricity,2000,0,DJI
Djibouti,solar_electricity,2001,0,DJI
Djibouti,solar_electricity,2002,0,DJI
Djibouti,solar_electricity,2003,0,DJI
Djibouti,solar_electricity,2004,0,DJI
Djibouti,solar_electricity,2005,0,DJI
Djibouti,solar_electricity,2006,0,DJI
Djibouti,solar_electricity,2007,0,DJI
Djibouti,solar_electricity,2008,0,DJI
Djibouti,solar_electricity,2009,0,DJI
Djibouti,solar_electricity,2010,0,DJI
Djibouti,solar_electricity,2011,0,DJI
Djibouti,solar_electricity,2012,0,DJI
Djibouti,solar_electricity,2013,0,DJI
Djibouti,solar_electricity,2014,0,DJI
Djibouti,solar_electricity,2015,0,DJI
Djibouti,solar_electricity,2016,0,DJI
Djibouti,solar_electricity,2017,0,DJI
Djibouti,solar_electricity,2018,0,DJI
Djibouti,solar_electricity,2019,0,DJI
Djibouti,solar_electricity,2020,0,DJI
Djibouti,solar_electricity,2021,0,DJI
Djibouti,solar_electricity,2022,0,DJI
Djibouti,solar_electricity,2023,0,DJI
Dominica,solar_electricity,2000,0,DMA
Dominica,solar_electricity,2001,0,DMA
Dominica,solar_electricity,2002,0,DMA
Dominica,solar_electricity,2003,0,DMA
Dominica,solar_electricity,2004,0,DMA
Dominica,solar_electricity,2005,0,DMA
Dominica,solar_electricity,2006,0,DMA
Dominica,solar_electricity,2007,0,DMA
Dominica,solar_electricity,2008,0,DMA
Dominica,solar_electricity,2009,0,DMA
Dominica,solar_electricity,2010,0,DMA
Dominica,solar_electricity,2011,0,DMA
Dominica,solar_electricity,2012,0,DMA
Dominica,solar_electricity,2013,0,DMA
Dominica,solar_electricity,2014,0,DMA
Dominica,solar_electricity,2015,0,DMA
Dominica,solar_electricity,2016,0,DMA
Dominica,solar_electricity,2017,0,DMA
Dominica,solar_electricity,2018,0,DMA
Dominica,solar_electricity,2019,0,DMA
Dominica,solar_electricity,2020,0,DMA
Dominica,solar_electricity,2021,0,DMA
Dominica,solar_electricity,2022,0,DMA
Dominica,solar_electricity,2023,0,DMA
Dominican Republic,solar_electricity,2000,0,DOM
Dominican Republic,solar_electricity,2001,0,DOM
Dominican Republic,solar_electricity,2002,0,DOM
Dominican Republic,solar_electricity,2003,0,DOM
Dominican Republic,solar_electricity,2004,0,DOM
Dominican Republic,solar_electricity,2005,0,DOM
Dominican Republic,solar_electricity,2006,0,DOM
Dominican Republic,solar_electricity,2007,0,DOM
Dominican Republic,solar_electricity,2008,0,DOM
Dominican Republic,solar_electricity,2009,0,DOM
Dominican Republic,solar_electricity,2010,0,DOM
Dominican Republic,solar_electricity,2011,0,DOM
Dominican Republic,solar_electricity,2012,0,DOM
Dominican Republic,solar_electricity,2013,0.01,DOM
Dominican Republic,solar_electricity,2014,0.02,DOM
Dominican Republic,solar_electricity,2015,0.03,DOM
Dominican Republic,solar_electricity,2016,0.08,DOM
Dominican Republic,solar_electricity,2017,0.14,DOM
Dominican Republic,solar_electricity,2018,0.23,DOM
Dominican Republic,solar_electricity,2019,0.37,DOM
Dominican Republic,solar_electricity,2020,0.6,DOM
Dominican Republic,solar_electricity,2021,0.85,DOM
Dominican Republic,solar_electricity,2022,1.24,DOM
Dominican Republic,solar_electricity,2023,1.36,DOM
Dominican Republic,solar_electricity,2024,1.78,DOM
East Timor,solar_electricity,2003,0,TLS
East Timor,solar_electricity,2004,0,TLS
East Timor,solar_electricity,2005,0,TLS
East Timor,solar_electricity,2006,0,TLS
East Timor,solar_electricity,2007,0,TLS
East Timor,solar_electricity,2008,0,TLS
East Timor,solar_electricity,2009,0,TLS
East Timor,solar_electricity,2010,0,TLS
East Timor,solar_electricity,2011,0,TLS
East Timor,solar_electricity,2012,0,TLS
East Timor,solar_electricity,2013,0,TLS
East Timor,solar_electricity,2014,0,TLS
East Timor,solar_electricity,2015,0,TLS
East Timor,solar_electricity,2016,0,TLS
East Timor,solar_electricity,2017,0,TLS
East Timor,solar_electricity,2018,0,TLS
East Timor,solar_electricity,2019,0,TLS
East Timor,solar_electricity,2020,0,TLS
East Timor,solar_electricity,2021,0,TLS
East Timor,solar_electricity,2022,0,TLS
East Timor,solar_electricity,2023,0,TLS
Ecuador,solar_electricity,1965,0,ECU
Ecuador,solar_electricity,1966,0,ECU
Ecuador,solar_electricity,1967,0,ECU
Ecuador,solar_electricity,1968,0,ECU
Ecuador,solar_electricity,1969,0,ECU
Ecuador,solar_electricity,1970,0,ECU
Ecuador,solar_electricity,1971,0,ECU
Ecuador,solar_electricity,1972,0,ECU
Ecuador,solar_electricity,1973,0,ECU
Ecuador,solar_electricity,1974,0,ECU
Ecuador,solar_electricity,1975,0,ECU
Ecuador,solar_electricity,1976,0,ECU
Ecuador,solar_electricity,1977,0,ECU
Ecuador,solar_electricity,1978,0,ECU
Ecuador,solar_electricity,1979,0,ECU
Ecuador,solar_electricity,1980,0,ECU
Ecuador,solar_electricity,1981,0,ECU
Ecuador,solar_electricity,1982,0,ECU
Ecuador,solar_electricity,1983,0,ECU
Ecuador,solar_electricity,1984,0,ECU
Ecuador,solar_electricity,1985,0,ECU
Ecuador,solar_electricity,1986,0,ECU
Ecuador,solar_electricity,1987,0,ECU
Ecuador,solar_electricity,1988,0,ECU
Ecuador,solar_electricity,1989,0,ECU
Ecuador,solar_electricity,1990,0,ECU
Ecuador,solar_electricity,1991,0,ECU
Ecuador,solar_electricity,1992,0,ECU
Ecuador,solar_electricity,1993,0,ECU
Ecuador,solar_electricity,1994,0,ECU
Ecuador,solar_electricity,1995,0,ECU
Ecuador,solar_electricity,1996,0,ECU
Ecuador,solar_electricity,1997,0,ECU
Ecuador,solar_electricity,1998,0,ECU
Ecuador,solar_electricity,1999,0,ECU
Ecuador,solar_electricity,2000,0,ECU
Ecuador,solar_electricity,2001,0,ECU
Ecuador,solar_electricity,2002,0,ECU
Ecuador,solar_electricity,2003,0,ECU
Ecuador,solar_electricity,2004,0,ECU
Ecuador,solar_electricity,2005,0,ECU
Ecuador,solar_electricity,2006,0,ECU
Ecuador,solar_electricity,2007,0,ECU
Ecuador,solar_electricity,2008,0,ECU
Ecuador,solar_electricity,2009,0,ECU
Ecuador,solar_electricity,2010,0,ECU
Ecuador,solar_electricity,2011,0,ECU
Ecuador,solar_electricity,2012,0,ECU
Ecuador,solar_electricity,2013,0,ECU
Ecuador,solar_electricity,2014,0.02,ECU
Ecuador,solar_electricity,2015,0.04,ECU
Ecuador,solar_electricity,2016,0.04,ECU
Ecuador,solar_electricity,2017,0.04,ECU
Ecuador,solar_electricity,2018,0.04,ECU
Ecuador,solar_electricity,2019,0.04,ECU
Ecuador,solar_electricity,2020,0.04,ECU
Ecuador,solar_electricity,2021,0.04,ECU
Ecuador,solar_electricity,2022,0.04,ECU
Ecuador,solar_electricity,2023,0.04,ECU
Ecuador,solar_electricity,2024,0.04,ECU
Egypt,solar_electricity,1965,0,EGY
Egypt,solar_electricity,1966,0,EGY
Egypt,solar_electricity,1967,0,EGY
Egypt,solar_electricity,1968,0,EGY
Egypt,solar_electricity,1969,0,EGY
Egypt,solar_electricity,1970,0,EGY
Egypt,solar_electricity,1971,0,EGY
Egypt,solar_electricity,1972,0,EGY
Egypt,solar_electricity,1973,0,EGY
Egypt,solar_electricity,1974,0,EGY
Egypt,solar_electricity,1975,0,EGY
Egypt,solar_electricity,1976,0,EGY
Egypt,solar_electricity,1977,0,EGY
Egypt,solar_electricity,1978,0,EGY
Egypt,solar_electricity,1979,0,EGY
Egypt,solar_electricity,1980,0,EGY
Egypt,solar_electricity,1981,0,EGY
Egypt,solar_electricity,1982,0,EGY
Egypt,solar_electricity,1983,0,EGY
Egypt,solar_electricity,1984,0,EGY
Egypt,solar_electricity,1985,0,EGY
Egypt,solar_electricity,1986,0,EGY
Egypt,solar_electricity,1987,0,EGY
Egypt,solar_electricity,1988,0,EGY
Egypt,solar_electricity,1989,0,EGY
Egypt,solar_electricity,1990,0,EGY
Egypt,solar_electricity,1991,0,EGY
Egypt,solar_electricity,1992,0,EGY
Egypt,solar_electricity,1993,0,EGY
Egypt,solar_electricity,1994,0,EGY
Egypt,solar_electricity,1995,0,EGY
Egypt,solar_electricity,1996,0,EGY
Egypt,solar_electricity,1997,0,EGY
Egypt,solar_electricity,1998,0,EGY
Egypt,solar_electricity,1999,0,EGY
Egypt,solar_electricity,2000,0,EGY
Egypt,solar_electricity,2001,0,EGY
Egypt,solar_electricity,2002,0,EGY
Egypt,solar_electricity,2003,0,EGY
Egypt,solar_electricity,2004,0,EGY
Egypt,solar_electricity,2005,0,EGY
Egypt,solar_electricity,2006,0,EGY
Egypt,solar_electricity,2007,0,EGY
Egypt,solar_electricity,2008,0,EGY
Egypt,solar_electricity,2009,0,EGY
Egypt,solar_electricity,2010,0.03,EGY
Egypt,solar_electricity,2011,0.24,EGY
Egypt,solar_electricity,2012,0.5,EGY
Egypt,solar_electricity,2013,0.03,EGY
Egypt,solar_electricity,2014,0.14,EGY
Egypt,solar_electricity,2015,0.04,EGY
Egypt,solar_electricity,2016,0.23,EGY
Egypt,solar_electricity,2017,0.6,EGY
Egypt,solar_electricity,2018,0.55,EGY
Egypt,solar_electricity,2019,1.49,EGY
Egypt,solar_electricity,2020,4.45,EGY
Egypt,solar_electricity,2021,4.97,EGY
Egypt,solar_electricity,2022,5.39,EGY
Egypt,solar_electricity,2023,5.24,EGY
Egypt,solar_electricity,2024,5.74,EGY
El Salvador,solar_electricity,2000,0,SLV
El Salvador,solar_electricity,2001,0,SLV
El Salvador,solar_electricity,2002,0,SLV
El Salvador,solar_electricity,2003,0,SLV
El Salvador,solar_electricity,2004,0,SLV
El Salvador,solar_electricity,2005,0,SLV
El Salvador,solar_electricity,2006,0,SLV
El Salvador,solar_electricity,2007,0,SLV
El Salvador,solar_electricity,2008,0,SLV
El Salvador,solar_electricity,2009,0,SLV
El Salvador,solar_electricity,2010,0,SLV
El Salvador,solar_electricity,2011,0,SLV
El Salvador,solar_electricity,2012,0,SLV
El Salvador,solar_electricity,2013,0.01,SLV
El Salvador,solar_electricity,2014,0.02,SLV
El Salvador,solar_electricity,2015,0.03,SLV
El Salvador,solar_electricity,2016,0.04,SLV
El Salvador,solar_electricity,2017,0.19,SLV
El Salvador,solar_electricity,2018,0.28,SLV
El Salvador,solar_electricity,2019,0.49,SLV
El Salvador,solar_electricity,2020,0.9,SLV
El Salvador,solar_electricity,2021,1.08,SLV
El Salvador,solar_electricity,2022,1.24,SLV
El Salvador,solar_electricity,2023,1.24,SLV
El Salvador,solar_electricity,2024,1.11,SLV
Equatorial Guinea,solar_electricity,2000,0,GNQ
Equatorial Guinea,solar_electricity,2001,0,GNQ
Equatorial Guinea,solar_electricity,2002,0,GNQ
Equatorial Guinea,solar_electricity,2003,0,GNQ
Equatorial Guinea,solar_electricity,2004,0,GNQ
Equatorial Guinea,solar_electricity,2005,0,GNQ
Equatorial Guinea,solar_electricity,2006,0,GNQ
Equatorial Guinea,solar_electricity,2007,0,GNQ
Equatorial Guinea,solar_electricity,2008,0,GNQ
Equatorial Guinea,solar_electricity,2009,0,GNQ
Equatorial Guinea,solar_electricity,2010,0,GNQ
Equatorial Guinea,solar_electricity,2011,0,GNQ
Equatorial Guinea,solar_electricity,2012,0,GNQ
Equatorial Guinea,solar_electricity,2013,0,GNQ
Equatorial Guinea,solar_electricity,2014,0,GNQ
Equatorial Guinea,solar_electricity,2015,0,GNQ
Equatorial Guinea,solar_electricity,2016,0,GNQ
Equatorial Guinea,solar_electricity,2017,0,GNQ
Equatorial Guinea,solar_electricity,2018,0,GNQ
Equatorial Guinea,solar_electricity,2019,0,GNQ
Equatorial Guinea,solar_electricity,2020,0,GNQ
Equatorial Guinea,solar_electricity,2021,0,GNQ
Equatorial Guinea,solar_electricity,2022,0,GNQ
Equatorial Guinea,solar_electricity,2023,0,GNQ
Eritrea,solar_electricity,2000,0,ERI
Eritrea,solar_electricity,2001,0,ERI
Eritrea,solar_electricity,2002,0,ERI
Eritrea,solar_electricity,2003,0,ERI
Eritrea,solar_electricity,2004,0,ERI
Eritrea,solar_electricity,2005,0,ERI
Eritrea,solar_electricity,2006,0,ERI
Eritrea,solar_electricity,2007,0,ERI
Eritrea,solar_electricity,2008,0,ERI
Eritrea,solar_electricity,2009,0,ERI
Eritrea,solar_electricity,2010,0,ERI
Eritrea,solar_electricity,2011,0,ERI
Eritrea,solar_electricity,2012,0,ERI
Eritrea,solar_electricity,2013,0,ERI
Eritrea,solar_electricity,2014,0,ERI
Eritrea,solar_electricity,2015,0,ERI
Eritrea,solar_electricity,2016,0,ERI
Eritrea,solar_electricity,2017,0.01,ERI
Eritrea,solar_electricity,2018,0.05,ERI
Eritrea,solar_electricity,2019,0.05,ERI
Eritrea,solar_electricity,2020,0.05,ERI
Eritrea,solar_electricity,2021,0.05,ERI
Eritrea,solar_electricity,2022,0.05,ERI
Eritrea,solar_electricity,2023,0.05,ERI
Estonia,solar_electricity,1985,0,EST
Estonia,solar_electricity,1986,0,EST
Estonia,solar_electricity,1987,0,EST
Estonia,solar_electricity,1988,0,EST
Estonia,solar_electricity,1989,0,EST
Estonia,solar_electricity,1990,0,EST
Estonia,solar_electricity,1991,0,EST
Estonia,solar_electricity,1992,0,EST
Estonia,solar_electricity,1993,0,EST
Estonia,solar_electricity,1994,0,EST
Estonia,solar_electricity,1995,0,EST
Estonia,solar_electricity,1996,0,EST
Estonia,solar_electricity,1997,0,EST
Estonia,solar_electricity,1998,0,EST
Estonia,solar_electricity,1999,0,EST
Estonia,solar_electricity,2000,0,EST
Estonia,solar_electricity,2001,0,EST
Estonia,solar_electricity,2002,0,EST
Estonia,solar_electricity,2003,0,EST
Estonia,solar_electricity,2004,0,EST
Estonia,solar_electricity,2005,0,EST
Estonia,solar_electricity,2006,0,EST
Estonia,solar_electricity,2007,0,EST
Estonia,solar_electricity,2008,0,EST
Estonia,solar_electricity,2009,0,EST
Estonia,solar_electricity,2010,0,EST
Estonia,solar_electricity,2011,0,EST
Estonia,solar_electricity,2012,0,EST
Estonia,solar_electricity,2013,0,EST
Estonia,solar_electricity,2014,0,EST
Estonia,solar_electricity,2015,0,EST
Estonia,solar_electricity,2016,0.01,EST
Estonia,solar_electricity,2017,0.01,EST
Estonia,solar_electricity,2018,0.03,EST
Estonia,solar_electricity,2019,0.07,EST
Estonia,solar_electricity,2020,0.25,EST
Estonia,solar_electricity,2021,0.35,EST
Estonia,solar_electricity,2022,0.6,EST
Estonia,solar_electricity,2023,0.72,EST
Estonia,solar_electricity,2024,0.94,EST
Eswatini,solar_electricity,2000,0,SWZ
Eswatini,solar_electricity,2001,0,SWZ
Eswatini,solar_electricity,2002,0,SWZ
Eswatini,solar_electricity,2003,0,SWZ
Eswatini,solar_electricity,2004,0,SWZ
Eswatini,solar_electricity,2005,0,SWZ
Eswatini,solar_electricity,2006,0,SWZ
Eswatini,solar_electricity,2007,0,SWZ
Eswatini,solar_electricity,2008,0,SWZ
Eswatini,solar_electricity,2009,0,SWZ
Eswatini,solar_electricity,2010,0,SWZ
Eswatini,solar_electricity,2011,0,SWZ
Eswatini,solar_electricity,2012,0,SWZ
Eswatini,solar_electricity,2013,0,SWZ
Eswatini,solar_electricity,2014,0,SWZ
Eswatini,solar_electricity,2015,0,SWZ
Eswatini,solar_electricity,2016,0,SWZ
Eswatini,solar_electricity,2017,0,SWZ
Eswatini,solar_electricity,2018,0,SWZ
Eswatini,solar_electricity,2019,0,SWZ
Eswatini,solar_electricity,2020,0,SWZ
Eswatini,solar_electricity,2021,0.03,SWZ
Eswatini,solar_electricity,2022,0.03,SWZ
Eswatini,solar_electricity,2023,0.03,SWZ
Ethiopia,solar_electricity,2000,0,ETH
Ethiopia,solar_electricity,2001,0,ETH
Ethiopia,solar_electricity,2002,0,ETH
Ethiopia,solar_electricity,2003,0,ETH
Ethiopia,solar_electricity,2004,0,ETH
Ethiopia,solar_electricity,2005,0,ETH
Ethiopia,solar_electricity,2006,0,ETH
Ethiopia,solar_electricity,2007,0,ETH
Ethiopia,solar_electricity,2008,0,ETH
Ethiopia,solar_electricity,2009,0,ETH
Ethiopia,solar_electricity,2010,0,ETH
Ethiopia,solar_electricity,2011,0,ETH
Ethiopia,solar_electricity,2012,0,ETH
Ethiopia,solar_electricity,2013,0.01,ETH
Ethiopia,solar_electricity,2014,0.02,ETH
Ethiopia,solar_electricity,2015,0.02,ETH
Ethiopia,solar_electricity,2016,0.02,ETH
Ethiopia,solar_electricity,2017,0.02,ETH
Ethiopia,solar_electricity,2018,0.02,ETH
Ethiopia,solar_electricity,2019,0.02,ETH
Ethiopia,solar_electricity,2020,0.03,ETH
Ethiopia,solar_electricity,2021,0.03,ETH
Ethiopia,solar_electricity,2022,0.04,ETH
Ethiopia,solar_electricity,2023,0.04,ETH
Falkland Islands,solar_electricity,2000,0,FLK
Falkland Islands,solar_electricity,2001,0,FLK
Falkland Islands,solar_electricity,2002,0,FLK
Falkland Islands,solar_electricity,2003,0,FLK
Falkland Islands,solar_electricity,2004,0,FLK
Falkland Islands,solar_electricity,2005,0,FLK
Falkland Islands,solar_electricity,2006,0,FLK
Falkland Islands,solar_electricity,2007,0,FLK
Falkland Islands,solar_electricity,2008,0,FLK
Falkland Islands,solar_electricity,2009,0,FLK
Falkland Islands,solar_electricity,2010,0,FLK
Falkland Islands,solar_electricity,2011,0,FLK
Falkland Islands,solar_electricity,2012,0,FLK
Falkland Islands,solar_electricity,2013,0,FLK
Falkland Islands,solar_electricity,2014,0,FLK
Falkland Islands,solar_electricity,2015,0,FLK
Falkland Islands,solar_electricity,2016,0,FLK
Falkland Islands,solar_electricity,2017,0,FLK
Falkland Islands,solar_electricity,2018,0,FLK
Falkland Islands,solar_electricity,2019,0,FLK
Falkland Islands,solar_electricity,2020,0,FLK
Falkland Islands,solar_electricity,2021,0,FLK
Falkland Islands,solar_electricity,2022,0,FLK
Faroe Islands,solar_electricity,2000,0,FRO
Faroe Islands,solar_electricity,2001,0,FRO
Faroe Islands,solar_electricity,2002,0,FRO
Faroe Islands,solar_electricity,2003,0,FRO
Faroe Islands,solar_electricity,2004,0,FRO
Faroe Islands,solar_electricity,2005,0,FRO
Faroe Islands,solar_electricity,2006,0,FRO
Faroe Islands,solar_electricity,2007,0,FRO
Faroe Islands,solar_electricity,2008,0,FRO
Faroe Islands,solar_electricity,2009,0,FRO
Faroe Islands,solar_electricity,2010,0,FRO
Faroe Islands,solar_electricity,2011,0,FRO
Faroe Islands,solar_electricity,2012,0,FRO
Faroe Islands,solar_electricity,2013,0,FRO
Faroe Islands,solar_electricity,2014,0,FRO
Faroe Islands,solar_electricity,2015,0,FRO
Faroe Islands,solar_electricity,2016,0,FRO
Faroe Islands,solar_electricity,2017,0,FRO
Faroe Islands,solar_electricity,2018,0,FRO
Faroe Islands,solar_electricity,2019,0,FRO
Faroe Islands,solar_electricity,2020,0,FRO
Faroe Islands,solar_electricity,2021,0,FRO
Faroe Islands,solar_electricity,2022,0,FRO
Fiji,solar_electricity,2000,0,FJI
Fiji,solar_electricity,2001,0,FJI
Fiji,solar_electricity,2002,0,FJI
Fiji,solar_electricity,2003,0,FJI
Fiji,solar_electricity,2004,0,FJI
Fiji,solar_electricity,2005,0,FJI
Fiji,solar_electricity,2006,0,FJI
Fiji,solar_electricity,2007,0,FJI
Fiji,solar_electricity,2008,0,FJI
Fiji,solar_electricity,2009,0,FJI
Fiji,solar_electricity,2010,0,FJI
Fiji,solar_electricity,2011,0,FJI
Fiji,solar_electricity,2012,0,FJI
Fiji,solar_electricity,2013,0,FJI
Fiji,solar_electricity,2014,0,FJI
Fiji,solar_electricity,2015,0,FJI
Fiji,solar_electricity,2016,0.01,FJI
Fiji,solar_electricity,2017,0.01,FJI
Fiji,solar_electricity,2018,0.01,FJI
Fiji,solar_electricity,2019,0.01,FJI
Fiji,solar_electricity,2020,0.01,FJI
Fiji,solar_electricity,2021,0.01,FJI
Fiji,solar_electricity,2022,0.01,FJI
Fiji,solar_electricity,2023,0.01,FJI
Finland,solar_electricity,1965,0,FIN
Finland,solar_electricity,1966,0,FIN
Finland,solar_electricity,1967,0,FIN
Finland,solar_electricity,1968,0,FIN
Finland,solar_electricity,1969,0,FIN
Finland,solar_electricity,1970,0,FIN
Finland,solar_electricity,1971,0,FIN
Finland,solar_electricity,1972,0,FIN
Finland,solar_electricity,1973,0,FIN
Finland,solar_electricity,1974,0,FIN
Finland,solar_electricity,1975,0,FIN
Finland,solar_electricity,1976,0,FIN
Finland,solar_electricity,1977,0,FIN
Finland,solar_electricity,1978,0,FIN
Finland,solar_electricity,1979,0,FIN
Finland,solar_electricity,1980,0,FIN
Finland,solar_electricity,1981,0,FIN
Finland,solar_electricity,1982,0,FIN
Finland,solar_electricity,1983,0,FIN
Finland,solar_electricity,1984,0,FIN
Finland,solar_electricity,1985,0,FIN
Finland,solar_electricity,1986,0,FIN
Finland,solar_electricity,1987,0,FIN
Finland,solar_electricity,1988,0,FIN
Finland,solar_electricity,1989,0,FIN
Finland,solar_electricity,1990,0,FIN
Finland,solar_electricity,1991,0,FIN
Finland,solar_electricity,1992,0,FIN
Finland,solar_electricity,1993,0,FIN
Finland,solar_electricity,1994,0,FIN
Finland,solar_electricity,1995,0,FIN
Finland,solar_electricity,1996,0,FIN
Finland,solar_electricity,1997,0,FIN
Finland,solar_electricity,1998,0,FIN
Finland,solar_electricity,1999,0,FIN
Finland,solar_electricity,2000,0,FIN
Finland,solar_electricity,2001,0,FIN
Finland,solar_electricity,2002,0,FIN
Finland,solar_electricity,2003,0,FIN
Finland,solar_electricity,2004,0,FIN
Finland,solar_electricity,2005,0,FIN
Finland,solar_electricity,2006,0,FIN
Finland,solar_electricity,2007,0,FIN
Finland,solar_electricity,2008,0,FIN
Finland,solar_electricity,2009,0,FIN
Finland,solar_electricity,2010,0,FIN
Finland,solar_electricity,2011,0.01,FIN
Finland,solar_electricity,2012,0.01,FIN
Finland,solar_electricity,2013,0.01,FIN
Finland,solar_electricity,2014,0.01,FIN
Finland,solar_electricity,2015,0.01,FIN
Finland,solar_electricity,2016,0.02,FIN
Finland,solar_electricity,2017,0.05,FIN
Finland,solar_electricity,2018,0.09,FIN
Finland,solar_electricity,2019,0.15,FIN
Finland,solar_electricity,2020,0.22,FIN
Finland,solar_electricity,2021,0.3,FIN
Finland,solar_electricity,2022,0.39,FIN
Finland,solar_electricity,2023,0.72,FIN
Finland,solar_electricity,2024,1.23,FIN
France,solar_electricity,1965,0,FRA
France,solar_electricity,1966,0,FRA
France,solar_electricity,1967,0,FRA
France,solar_electricity,1968,0,FRA
France,solar_electricity,1969,0,FRA
France,solar_electricity,1970,0,FRA
France,solar_electricity,1971,0,FRA
France,solar_electricity,1972,0,FRA
France,solar_electricity,1973,0,FRA
France,solar_electricity,1974,0,FRA
France,solar_electricity,1975,0,FRA
France,solar_electricity,1976,0,FRA
France,solar_electricity,1977,0,FRA
France,solar_electricity,1978,0,FRA
France,solar_electricity,1979,0,FRA
France,solar_electricity,1980,0,FRA
France,solar_electricity,1981,0,FRA
France,solar_electricity,1982,0,FRA
France,solar_electricity,1983,0,FRA
France,solar_electricity,1984,0,FRA
France,solar_electricity,1985,0,FRA
France,solar_electricity,1986,0,FRA
France,solar_electricity,1987,0,FRA
France,solar_electricity,1988,0,FRA
France,solar_electricity,1989,0,FRA
France,solar_electricity,1990,0,FRA
France,solar_electricity,1991,0,FRA
France,solar_electricity,1992,0,FRA
France,solar_electricity,1993,0,FRA
France,solar_electricity,1994,0,FRA
France,solar_electricity,1995,0,FRA
France,solar_electricity,1996,0,FRA
France,solar_electricity,1997,0,FRA
France,solar_electricity,1998,0,FRA
France,solar_electricity,1999,0,FRA
France,solar_electricity,2000,0.01,FRA
France,solar_electricity,2001,0.01,FRA
France,solar_electricity,2002,0.01,FRA
France,solar_electricity,2003,0.01,FRA
France,solar_electricity,2004,0.01,FRA
France,solar_electricity,2005,0.01,FRA
France,solar_electricity,2006,0.01,FRA
France,solar_electricity,2007,0.02,FRA
France,solar_electricity,2008,0.04,FRA
France,solar_electricity,2009,0.17,FRA
France,solar_electricity,2010,0.62,FRA
France,solar_electricity,2011,2.33,FRA
France,solar_electricity,2012,4.43,FRA
France,solar_electricity,2013,5.19,FRA
France,solar_electricity,2014,6.39,FRA
France,solar_electricity,2015,7.75,FRA
France,solar_electricity,2016,8.66,FRA
France,solar_electricity,2017,9.59,FRA
France,solar_electricity,2018,10.81,FRA
France,solar_electricity,2019,12.17,FRA
France,solar_electricity,2020,13.19,FRA
France,solar_electricity,2021,15.36,FRA
France,solar_electricity,2022,19.63,FRA
France,solar_electricity,2023,21.82,FRA
France,solar_electricity,2024,23.57,FRA
French Guiana,solar_electricity,2000,0,GUF
French Guiana,solar_electricity,2001,0,GUF
French Guiana,solar_electricity,2002,0,GUF
French Guiana,solar_electricity,2003,0,GUF
French Guiana,solar_electricity,2004,0,GUF
French Guiana,solar_electricity,2005,0,GUF
French Guiana,solar_electricity,2006,0,GUF
French Guiana,solar_electricity,2007,0,GUF
French Guiana,solar_electricity,2008,0,GUF
French Guiana,solar_electricity,2009,0,GUF
French Guiana,solar_electricity,2010,0,GUF
French Guiana,solar_electricity,2011,0.04,GUF
French Guiana,solar_electricity,2012,0.05,GUF
French Guiana,solar_electricity,2013,0.04,GUF
French Guiana,solar_electricity,2014,0.05,GUF
French Guiana,solar_electricity,2015,0.05,GUF
French Guiana,solar_electricity,2016,0.05,GUF
French Guiana,solar_electricity,2017,0.05,GUF
French Guiana,solar_electricity,2018,0.05,GUF
French Guiana,solar_electricity,2019,0.05,GUF
French Guiana,solar_electricity,2020,0.06,GUF
French Guiana,solar_electricity,2021,0.06,GUF
French Guiana,solar_electricity,2022,0.05,GUF
French Polynesia,solar_electricity,2000,0,PYF
French Polynesia,solar_electricity,2001,0,PYF
French Polynesia,solar_electricity,2002,0,PYF
French Polynesia,solar_electricity,2003,0,PYF
French Polynesia,solar_electricity,2004,0,PYF
French Polynesia,solar_electricity,2005,0,PYF
French Polynesia,solar_electricity,2006,0,PYF
French Polynesia,solar_electricity,2007,0,PYF
French Polynesia,solar_electricity,2008,0,PYF
French Polynesia,solar_electricity,2009,0,PYF
French Polynesia,solar_electricity,2010,0,PYF
French Polynesia,solar_electricity,2011,0.01,PYF
French Polynesia,solar_electricity,2012,0.01,PYF
French Polynesia,solar_electricity,2013,0.02,PYF
French Polynesia,solar_electricity,2014,0.03,PYF
French Polynesia,solar_electricity,2015,0.03,PYF
French Polynesia,solar_electricity,2016,0.03,PYF
French Polynesia,solar_electricity,2017,0.04,PYF
French Polynesia,solar_electricity,2018,0.04,PYF
French Polynesia,solar_electricity,2019,0.04,PYF
French Polynesia,solar_electricity,2020,0.04,PYF
French Polynesia,solar_electricity,2021,0.05,PYF
French Polynesia,solar_electricity,2022,0.05,PYF
Gabon,solar_electricity,2000,0,GAB
Gabon,solar_electricity,2001,0,GAB
Gabon,solar_electricity,2002,0,GAB
Gabon,solar_electricity,2003,0,GAB
Gabon,solar_electricity,2004,0,GAB
Gabon,solar_electricity,2005,0,GAB
Gabon,solar_electricity,2006,0,GAB
Gabon,solar_electricity,2007,0,GAB
Gabon,solar_electricity,2008,0,GAB
Gabon,solar_electricity,2009,0,GAB
Gabon,solar_electricity,2010,0,GAB
Gabon,solar_electricity,2011,0,GAB
Gabon,solar_electricity,2012,0,GAB
Gabon,solar_electricity,2013,0,GAB
Gabon,solar_electricity,2014,0,GAB
Gabon,solar_electricity,2015,0,GAB
Gabon,solar_electricity,2016,0,GAB
Gabon,solar_electricity,2017,0,GAB
Gabon,solar_electricity,2018,0,GAB
Gabon,solar_electricity,2019,0,GAB
Gabon,solar_electricity,2020,0,GAB
Gabon,solar_electricity,2021,0,GAB
Gabon,solar_electricity,2022,0,GAB
Gabon,solar_electricity,2023,0,GAB
Gambia,solar_electricity,2000,0,GMB
Gambia,solar_electricity,2001,0,GMB
Gambia,solar_electricity,2002,0,GMB
Gambia,solar_electricity,2003,0,GMB
Gambia,solar_electricity,2004,0,GMB
Gambia,solar_electricity,2005,0,GMB
Gambia,solar_electricity,2006,0,GMB
Gambia,solar_electricity,2007,0,GMB
Gambia,solar_electricity,2008,0,GMB
Gambia,solar_electricity,2009,0,GMB
Gambia,solar_electricity,2010,0,GMB
Gambia,solar_electricity,2011,0,GMB
Gambia,solar_electricity,2012,0,GMB
Gambia,solar_electricity,2013,0,GMB
Gambia,solar_electricity,2014,0,GMB
Gambia,solar_electricity,2015,0,GMB
Gambia,solar_electricity,2016,0,GMB
Gambia,solar_electricity,2017,0,GMB
Gambia,solar_electricity,2018,0,GMB
Gambia,solar_electricity,2019,0,GMB
Gambia,solar_electricity,2020,0,GMB
Gambia,solar_electricity,2021,0,GMB
Gambia,solar_electricity,2022,0,GMB
Gambia,solar_electricity,2023,0,GMB
Georgia,solar_electricity,2000,0,GEO
Georgia,solar_electricity,2001,0,GEO
Georgia,solar_electricity,2002,0,GEO
Georgia,solar_electricity,2003,0,GEO
Georgia,solar_electricity,2004,0,GEO
Georgia,solar_electricity,2005,0,GEO
Georgia,solar_electricity,2006,0,GEO
Georgia,solar_electricity,2007,0,GEO
Georgia,solar_electricity,2008,0,GEO
Georgia,solar_electricity,2009,0,GEO
Georgia,solar_electricity,2010,0,GEO
Georgia,solar_electricity,2011,0,GEO
Georgia,solar_electricity,2012,0,GEO
Georgia,solar_electricity,2013,0,GEO
Georgia,solar_electricity,2014,0,GEO
Georgia,solar_electricity,2015,0,GEO
Georgia,solar_electricity,2016,0,GEO
Georgia,solar_electricity,2017,0,GEO
Georgia,solar_electricity,2018,0,GEO
Georgia,solar_electricity,2019,0,GEO
Georgia,solar_electricity,2020,0,GEO
Georgia,solar_electricity,2021,0,GEO
Georgia,solar_electricity,2022,0,GEO
Georgia,solar_electricity,2023,0,GEO
Georgia,solar_electricity,2024,0,GEO
Germany,solar_electricity,1965,0,DEU
Germany,solar_electricity,1966,0,DEU
Germany,solar_electricity,1967,0,DEU
Germany,solar_electricity,1968,0,DEU
Germany,solar_electricity,1969,0,DEU
Germany,solar_electricity,1970,0,DEU
Germany,solar_electricity,1971,0,DEU
Germany,solar_electricity,1972,0,DEU
Germany,solar_electricity,1973,0,DEU
Germany,solar_electricity,1974,0,DEU
Germany,solar_electricity,1975,0,DEU
Germany,solar_electricity,1976,0,DEU
Germany,solar_electricity,1977,0,DEU
Germany,solar_electricity,1978,0,DEU
Germany,solar_electricity,1979,0,DEU
Germany,solar_electricity,1980,0,DEU
Germany,solar_electricity,1981,0,DEU
Germany,solar_electricity,1982,0,DEU
Germany,solar_electricity,1983,0,DEU
Germany,solar_electricity,1984,0,DEU
Germany,solar_electricity,1985,0,DEU
Germany,solar_electricity,1986,0,DEU
Germany,solar_electricity,1987,0,DEU
Germany,solar_electricity,1988,0,DEU
Germany,solar_electricity,1989,0,DEU
Germany,solar_electricity,1990,0,DEU
Germany,solar_electricity,1991,0,DEU
Germany,solar_electricity,1992,0,DEU
Germany,solar_electricity,1993,0,DEU
Germany,solar_electricity,1994,0,DEU
Germany,solar_electricity,1995,0,DEU
Germany,solar_electricity,1996,0.01,DEU
Germany,solar_electricity,1997,0.01,DEU
Germany,solar_electricity,1998,0.01,DEU
Germany,solar_electricity,1999,0.02,DEU
Germany,solar_electricity,2000,0,DEU
Germany,solar_electricity,2001,0.1,DEU
Germany,solar_electricity,2002,0.2,DEU
Germany,solar_electricity,2003,0.31,DEU
Germany,solar_electricity,2004,0.56,DEU
Germany,solar_electricity,2005,1.31,DEU
Germany,solar_electricity,2006,2.27,DEU
Germany,solar_electricity,2007,3.14,DEU
Germany,solar_electricity,2008,4.51,DEU
Germany,solar_electricity,2009,6.72,DEU
Germany,solar_electricity,2010,11.96,DEU
Germany,solar_electricity,2011,19.99,DEU
Germany,solar_electricity,2012,26.74,DEU
Germany,solar_electricity,2013,30.62,DEU
Germany,solar_electricity,2014,35.45,DEU
Germany,solar_electricity,2015,38.08,DEU
Germany,solar_electricity,2016,37.56,DEU
Germany,solar_electricity,2017,38.76,DEU
Germany,solar_electricity,2018,44.32,DEU
Germany,solar_electricity,2019,45.22,DEU
Germany,solar_electricity,2020,49.5,DEU
Germany,solar_electricity,2021,49.34,DEU
Germany,solar_electricity,2022,60.3,DEU
Germany,solar_electricity,2023,61.22,DEU
Germany,solar_electricity,2024,70.99,DEU
Ghana,solar_electricity,2000,0,GHA
Ghana,solar_electricity,2001,0,GHA
Ghana,solar_electricity,2002,0,GHA
Ghana,solar_electricity,2003,0,GHA
Ghana,solar_electricity,2004,0,GHA
Ghana,solar_electricity,2005,0,GHA
Ghana,solar_electricity,2006,0,GHA
Ghana,solar_electricity,2007,0,GHA
Ghana,solar_electricity,2008,0,GHA
Ghana,solar_electricity,2009,0,GHA
Ghana,solar_electricity,2010,0,GHA
Ghana,solar_electricity,2011,0,GHA
Ghana,solar_electricity,2012,0,GHA
Ghana,solar_electricity,2013,0,GHA
Ghana,solar_electricity,2014,0,GHA
Ghana,solar_electricity,2015,0,GHA
Ghana,solar_electricity,2016,0.03,GHA
Ghana,solar_electricity,2017,0.03,GHA
Ghana,solar_electricity,2018,0.03,GHA
Ghana,solar_electricity,2019,0.05,GHA
Ghana,solar_electricity,2020,0.06,GHA
Ghana,solar_electricity,2021,0.13,GHA
Ghana,solar_electricity,2022,0.16,GHA
Ghana,solar_electricity,2023,0.15,GHA
Gibraltar,solar_electricity,2000,0,GIB
Gibraltar,solar_electricity,2001,0,GIB
Gibraltar,solar_electricity,2002,0,GIB
Gibraltar,solar_electricity,2003,0,GIB
Gibraltar,solar_electricity,2004,0,GIB
Gibraltar,solar_electricity,2005,0,GIB
Gibraltar,solar_electricity,2006,0,GIB
Gibraltar,solar_electricity,2007,0,GIB
Gibraltar,solar_electricity,2008,0,GIB
Gibraltar,solar_electricity,2009,0,GIB
Gibraltar,solar_electricity,2010,0,GIB
Gibraltar,solar_electricity,2011,0,GIB
Gibraltar,solar_electricity,2012,0,GIB
Gibraltar,solar_electricity,2013,0,GIB
Gibraltar,solar_electricity,2014,0,GIB
Gibraltar,solar_electricity,2015,0,GIB
Gibraltar,solar_electricity,2016,0,GIB
Gibraltar,solar_electricity,2017,0,GIB
Gibraltar,solar_electricity,2018,0,GIB
Gibraltar,solar_electricity,2019,0,GIB
Gibraltar,solar_electricity,2020,0,GIB
Gibraltar,solar_electricity,2021,0,GIB
Gibraltar,solar_electricity,2022,0,GIB
Gibraltar,solar_electricity,2023,0,GIB
Greece,solar_electricity,1965,0,GRC
Greece,solar_electricity,1966,0,GRC
Greece,solar_electricity,1967,0,GRC
Greece,solar_electricity,1968,0,GRC
Greece,solar_electricity,1969,0,GRC
Greece,solar_electricity,1970,0,GRC
Greece,solar_electricity,1971,0,GRC
Greece,solar_electricity,1972,0,GRC
Greece,solar_electricity,1973,0,GRC
Greece,solar_electricity,1974,0,GRC
Greece,solar_electricity,1975,0,GRC
Greece,solar_electricity,1976,0,GRC
Greece,solar_electricity,1977,0,GRC
Greece,solar_electricity,1978,0,GRC
Greece,solar_electricity,1979,0,GRC
Greece,solar_electricity,1980,0,GRC
Greece,solar_electricity,1981,0,GRC
Greece,solar_electricity,1982,0,GRC
Greece,solar_electricity,1983,0,GRC
Greece,solar_electricity,1984,0,GRC
Greece,solar_electricity,1985,0,GRC
Greece,solar_electricity,1986,0,GRC
Greece,solar_electricity,1987,0,GRC
Greece,solar_electricity,1988,0,GRC
Greece,solar_electricity,1989,0,GRC
Greece,solar_electricity,1990,0,GRC
Greece,solar_electricity,1991,0,GRC
Greece,solar_electricity,1992,0,GRC
Greece,solar_electricity,1993,0,GRC
Greece,solar_electricity,1994,0,GRC
Greece,solar_electricity,1995,0,GRC
Greece,solar_electricity,1996,0,GRC
Greece,solar_electricity,1997,0,GRC
Greece,solar_electricity,1998,0,GRC
Greece,solar_electricity,1999,0,GRC
Greece,solar_electricity,2000,0,GRC
Greece,solar_electricity,2001,0,GRC
Greece,solar_electricity,2002,0,GRC
Greece,solar_electricity,2003,0,GRC
Greece,solar_electricity,2004,0,GRC
Greece,solar_electricity,2005,0,GRC
Greece,solar_electricity,2006,0,GRC
Greece,solar_electricity,2007,0,GRC
Greece,solar_electricity,2008,0.01,GRC
Greece,solar_electricity,2009,0.05,GRC
Greece,solar_electricity,2010,0.16,GRC
Greece,solar_electricity,2011,0.61,GRC
Greece,solar_electricity,2012,1.69,GRC
Greece,solar_electricity,2013,3.65,GRC
Greece,solar_electricity,2014,3.79,GRC
Greece,solar_electricity,2015,3.9,GRC
Greece,solar_electricity,2016,3.93,GRC
Greece,solar_electricity,2017,3.99,GRC
Greece,solar_electricity,2018,3.79,GRC
Greece,solar_electricity,2019,4.43,GRC
Greece,solar_electricity,2020,4.45,GRC
Greece,solar_electricity,2021,5.25,GRC
Greece,solar_electricity,2022,7.14,GRC
Greece,solar_electricity,2023,8.89,GRC
Greece,solar_electricity,2024,12.27,GRC
Greenland,solar_electricity,2000,0,GRL
Greenland,solar_electricity,2001,0,GRL
Greenland,solar_electricity,2002,0,GRL
Greenland,solar_electricity,2003,0,GRL
Greenland,solar_electricity,2004,0,GRL
Greenland,solar_electricity,2005,0,GRL
Greenland,solar_electricity,2006,0,GRL
Greenland,solar_electricity,2007,0,GRL
Greenland,solar_electricity,2008,0,GRL
Greenland,solar_electricity,2009,0,GRL
Greenland,solar_electricity,2010,0,GRL
Greenland,solar_electricity,2011,0,GRL
Greenland,solar_electricity,2012,0,GRL
Greenland,solar_electricity,2013,0,GRL
Greenland,solar_electricity,2014,0,GRL
Greenland,solar_electricity,2015,0,GRL
Greenland,solar_electricity,2016,0,GRL
Greenland,solar_electricity,2017,0,GRL
Greenland,solar_electricity,2018,0,GRL
Greenland,solar_electricity,2019,0,GRL
Greenland,solar_electricity,2020,0,GRL
Greenland,solar_electricity,2021,0,GRL
Greenland,solar_electricity,2022,0,GRL
Grenada,solar_electricity,2000,0,GRD
Grenada,solar_electricity,2001,0,GRD
Grenada,solar_electricity,2002,0,GRD
Grenada,solar_electricity,2003,0,GRD
Grenada,solar_electricity,2004,0,GRD
Grenada,solar_electricity,2005,0,GRD
Grenada,solar_electricity,2006,0,GRD
Grenada,solar_electricity,2007,0,GRD
Grenada,solar_electricity,2008,0,GRD
Grenada,solar_electricity,2009,0,GRD
Grenada,solar_electricity,2010,0,GRD
Grenada,solar_electricity,2011,0,GRD
Grenada,solar_electricity,2012,0,GRD
Grenada,solar_electricity,2013,0,GRD
Grenada,solar_electricity,2014,0,GRD
Grenada,solar_electricity,2015,0,GRD
Grenada,solar_electricity,2016,0,GRD
Grenada,solar_electricity,2017,0,GRD
Grenada,solar_electricity,2018,0,GRD
Grenada,solar_electricity,2019,0,GRD
Grenada,solar_electricity,2020,0,GRD
Grenada,solar_electricity,2021,0,GRD
Grenada,solar_electricity,2022,0,GRD
Guadeloupe,solar_electricity,2005,0,GLP
Guadeloupe,solar_electricity,2006,0,GLP
Guadeloupe,solar_electricity,2007,0,GLP
Guadeloupe,solar_electricity,2008,0,GLP
Guadeloupe,solar_electricity,2009,0.01,GLP
Guadeloupe,solar_electricity,2010,0.02,GLP
Guadeloupe,solar_electricity,2011,0.03,GLP
Guadeloupe,solar_electricity,2012,0.09,GLP
Guadeloupe,solar_electricity,2013,0.1,GLP
Guadeloupe,solar_electricity,2014,0.1,GLP
Guadeloupe,solar_electricity,2015,0.1,GLP
Guadeloupe,solar_electricity,2016,0.09,GLP
Guadeloupe,solar_electricity,2017,0.09,GLP
Guadeloupe,solar_electricity,2018,0.1,GLP
Guadeloupe,solar_electricity,2019,0.1,GLP
Guadeloupe,solar_electricity,2020,0.11,GLP
Guadeloupe,solar_electricity,2021,0.11,GLP
Guadeloupe,solar_electricity,2022,0.11,GLP
Guam,solar_electricity,2000,0,GUM
Guam,solar_electricity,2001,0,GUM
Guam,solar_electricity,2002,0,GUM
Guam,solar_electricity,2003,0,GUM
Guam,solar_electricity,2004,0,GUM
Guam,solar_electricity,2005,0,GUM
Guam,solar_electricity,2006,0,GUM
Guam,solar_electricity,2007,0,GUM
Guam,solar_electricity,2008,0,GUM
Guam,solar_electricity,2009,0,GUM
Guam,solar_electricity,2010,0,GUM
Guam,solar_electricity,2011,0,GUM
Guam,solar_electricity,2012,0,GUM
Guam,solar_electricity,2013,0,GUM
Guam,solar_electricity,2014,0,GUM
Guam,solar_electricity,2015,0.03,GUM
Guam,solar_electricity,2016,0.07,GUM
Guam,solar_electricity,2017,0.06,GUM
Guam,solar_electricity,2018,0.07,GUM
Guam,solar_electricity,2019,0.08,GUM
Guam,solar_electricity,2020,0.08,GUM
Guam,solar_electricity,2021,0.08,GUM
Guam,solar_electricity,2022,0.14,GUM
Guatemala,solar_electricity,2000,0,GTM
Guatemala,solar_electricity,2001,0,GTM
Guatemala,solar_electricity,2002,0,GTM
Guatemala,solar_electricity,2003,0,GTM
Guatemala,solar_electricity,2004,0,GTM
Guatemala,solar_electricity,2005,0,GTM
Guatemala,solar_electricity,2006,0,GTM
Guatemala,solar_electricity,2007,0,GTM
Guatemala,solar_electricity,2008,0,GTM
Guatemala,solar_electricity,2009,0,GTM
Guatemala,solar_electricity,2010,0,GTM
Guatemala,solar_electricity,2011,0,GTM
Guatemala,solar_electricity,2012,0,GTM
Guatemala,solar_electricity,2013,0,GTM
Guatemala,solar_electricity,2014,0.01,GTM
Guatemala,solar_electricity,2015,0.16,GTM
Guatemala,solar_electricity,2016,0.19,GTM
Guatemala,solar_electricity,2017,0.2,GTM
Guatemala,solar_electricity,2018,0.2,GTM
Guatemala,solar_electricity,2019,0.23,GTM
Guatemala,solar_electricity,2020,0.22,GTM
Guatemala,solar_electricity,2021,0.23,GTM
Guatemala,solar_electricity,2022,0.23,GTM
Guatemala,solar_electricity,2023,0.24,GTM
Guinea,solar_electricity,2000,0,GIN
Guinea,solar_electricity,2001,0,GIN
Guinea,solar_electricity,2002,0,GIN
Guinea,solar_electricity,2003,0,GIN
Guinea,solar_electricity,2004,0,GIN
Guinea,solar_electricity,2005,0,GIN
Guinea,solar_electricity,2006,0,GIN
Guinea,solar_electricity,2007,0,GIN
Guinea,solar_electricity,2008,0,GIN
Guinea,solar_electricity,2009,0,GIN
Guinea,solar_electricity,2010,0,GIN
Guinea,solar_electricity,2011,0,GIN
Guinea,solar_electricity,2012,0,GIN
Guinea,solar_electricity,2013,0,GIN
Guinea,solar_electricity,2014,0,GIN
Guinea,solar_electricity,2015,0.02,GIN
Guinea,solar_electricity,2016,0.02,GIN
Guinea,solar_electricity,2017,0.02,GIN
Guinea,solar_electricity,2018,0.02,GIN
Guinea,solar_electricity,2019,0.02,GIN
Guinea,solar_electricity,2020,0.02,GIN
Guinea,solar_electricity,2021,0.02,GIN
Guinea,solar_electricity,2022,0.03,GIN
Guinea,solar_electricity,2023,0.03,GIN
Guinea-Bissau,solar_electricity,2000,0,GNB
Guinea-Bissau,solar_electricity,2001,0,GNB
Guinea-Bissau,solar_electricity,2002,0,GNB
Guinea-Bissau,solar_electricity,2003,0,GNB
Guinea-Bissau,solar_electricity,2004,0,GNB
Guinea-Bissau,solar_electricity,2005,0,GNB
Guinea-Bissau,solar_electricity,2006,0,GNB
Guinea-Bissau,solar_electricity,2007,0,GNB
Guinea-Bissau,solar_electricity,2008,0,GNB
Guinea-Bissau,solar_electricity,2009,0,GNB
Guinea-Bissau,solar_electricity,2010,0,GNB
Guinea-Bissau,solar_electricity,2011,0,GNB
Guinea-Bissau,solar_electricity,2012,0,GNB
Guinea-Bissau,solar_electricity,2013,0,GNB
Guinea-Bissau,solar_electricity,2014,0,GNB
Guinea-Bissau,solar_electricity,2015,0,GNB
Guinea-Bissau,solar_electricity,2016,0,GNB
Guinea-Bissau,solar_electricity,2017,0,GNB
Guinea-Bissau,solar_electricity,2018,0,GNB
Guinea-Bissau,solar_electricity,2019,0,GNB
Guinea-Bissau,solar_electricity,2020,0,GNB
Guinea-Bissau,solar_electricity,2021,0,GNB
Guinea-Bissau,solar_electricity,2022,0,GNB
Guyana,solar_electricity,2000,0,GUY
Guyana,solar_electricity,2001,0,GUY
Guyana,solar_electricity,2002,0,GUY
Guyana,solar_electricity,2003,0,GUY
Guyana,solar_electricity,2004,0,GUY
Guyana,solar_electricity,2005,0,GUY
Guyana,solar_electricity,2006,0,GUY
Guyana,solar_electricity,2007,0,GUY
Guyana,solar_electricity,2008,0,GUY
Guyana,solar_electricity,2009,0,GUY
Guyana,solar_electricity,2010,0,GUY
Guyana,solar_electricity,2011,0,GUY
Guyana,solar_electricity,2012,0,GUY
Guyana,solar_electricity,2013,0,GUY
Guyana,solar_electricity,2014,0,GUY
Guyana,solar_electricity,2015,0,GUY
Guyana,solar_electricity,2016,0,GUY
Guyana,solar_electricity,2017,0.01,GUY
Guyana,solar_electricity,2018,0.01,GUY
Guyana,solar_electricity,2019,0.02,GUY
Guyana,solar_electricity,2020,0.01,GUY
Guyana,solar_electricity,2021,0.01,GUY
Guyana,solar_electricity,2022,0.01,GUY
Guyana,solar_electricity,2023,0.02,GUY
Haiti,solar_electricity,2000,0,HTI
Haiti,solar_electricity,2001,0,HTI
Haiti,solar_electricity,2002,0,HTI
Haiti,solar_electricity,2003,0,HTI
Haiti,solar_electricity,2004,0,HTI
Haiti,solar_electricity,2005,0,HTI
Haiti,solar_electricity,2006,0,HTI
Haiti,solar_electricity,2007,0,HTI
Haiti,solar_electricity,2008,0,HTI
Haiti,solar_electricity,2009,0,HTI
Haiti,solar_electricity,2010,0,HTI
Haiti,solar_electricity,2011,0,HTI
Haiti,solar_electricity,2012,0,HTI
Haiti,solar_electricity,2013,0,HTI
Haiti,solar_electricity,2014,0,HTI
Haiti,solar_electricity,2015,0,HTI
Haiti,solar_electricity,2016,0,HTI
Haiti,solar_electricity,2017,0,HTI
Haiti,solar_electricity,2018,0,HTI
Haiti,solar_electricity,2019,0,HTI
Haiti,solar_electricity,2020,0,HTI
Haiti,solar_electricity,2021,0,HTI
Haiti,solar_electricity,2022,0,HTI
Honduras,solar_electricity,2000,0,HND
Honduras,solar_electricity,2001,0,HND
Honduras,solar_electricity,2002,0,HND
Honduras,solar_electricity,2003,0,HND
Honduras,solar_electricity,2004,0,HND
Honduras,solar_electricity,2005,0,HND
Honduras,solar_electricity,2006,0,HND
Honduras,solar_electricity,2007,0,HND
Honduras,solar_electricity,2008,0,HND
Honduras,solar_electricity,2009,0,HND
Honduras,solar_electricity,2010,0,HND
Honduras,solar_electricity,2011,0,HND
Honduras,solar_electricity,2012,0,HND
Honduras,solar_electricity,2013,0,HND
Honduras,solar_electricity,2014,0.01,HND
Honduras,solar_electricity,2015,0.44,HND
Honduras,solar_electricity,2016,0.89,HND
Honduras,solar_electricity,2017,0.93,HND
Honduras,solar_electricity,2018,1,HND
Honduras,solar_electricity,2019,1.12,HND
Honduras,solar_electricity,2020,1.11,HND
Honduras,solar_electricity,2021,1.14,HND
Honduras,solar_electricity,2022,1.04,HND
Honduras,solar_electricity,2023,1.04,HND
Hong Kong,solar_electricity,1965,0,HKG
Hong Kong,solar_electricity,1966,0,HKG
Hong Kong,solar_electricity,1967,0,HKG
Hong Kong,solar_electricity,1968,0,HKG
Hong Kong,solar_electricity,1969,0,HKG
Hong Kong,solar_electricity,1970,0,HKG
Hong Kong,solar_electricity,1971,0,HKG
Hong Kong,solar_electricity,1972,0,HKG
Hong Kong,solar_electricity,1973,0,HKG
Hong Kong,solar_electricity,1974,0,HKG
Hong Kong,solar_electricity,1975,0,HKG
Hong Kong,solar_electricity,1976,0,HKG
Hong Kong,solar_electricity,1977,0,HKG
Hong Kong,solar_electricity,1978,0,HKG
Hong Kong,solar_electricity,1979,0,HKG
Hong Kong,solar_electricity,1980,0,HKG
Hong Kong,solar_electricity,1981,0,HKG
Hong Kong,solar_electricity,1982,0,HKG
Hong Kong,solar_electricity,1983,0,HKG
Hong Kong,solar_electricity,1984,0,HKG
Hong Kong,solar_electricity,1985,0,HKG
Hong Kong,solar_electricity,1986,0,HKG
Hong Kong,solar_electricity,1987,0,HKG
Hong Kong,solar_electricity,1988,0,HKG
Hong Kong,solar_electricity,1989,0,HKG
Hong Kong,solar_electricity,1990,0,HKG
Hong Kong,solar_electricity,1991,0,HKG
Hong Kong,solar_electricity,1992,0,HKG
Hong Kong,solar_electricity,1993,0,HKG
Hong Kong,solar_electricity,1994,0,HKG
Hong Kong,solar_electricity,1995,0,HKG
Hong Kong,solar_electricity,1996,0,HKG
Hong Kong,solar_electricity,1997,0,HKG
Hong Kong,solar_electricity,1998,0,HKG
Hong Kong,solar_electricity,1999,0,HKG
Hong Kong,solar_electricity,2000,0,HKG
Hong Kong,solar_electricity,2001,0,HKG
Hong Kong,solar_electricity,2002,0,HKG
Hong Kong,solar_electricity,2003,0,HKG
Hong Kong,solar_electricity,2004,0,HKG
Hong Kong,solar_electricity,2005,0,HKG
Hong Kong,solar_electricity,2006,0,HKG
Hong Kong,solar_electricity,2007,0,HKG
Hong Kong,solar_electricity,2008,0,HKG
Hong Kong,solar_electricity,2009,0,HKG
Hong Kong,solar_electricity,2010,0,HKG
Hong Kong,solar_electricity,2011,0,HKG
Hong Kong,solar_electricity,2012,0,HKG
Hong Kong,solar_electricity,2013,0,HKG
Hong Kong,solar_electricity,2014,0,HKG
Hong Kong,solar_electricity,2015,0,HKG
Hong Kong,solar_electricity,2016,0,HKG
Hong Kong,solar_electricity,2017,0.01,HKG
Hong Kong,solar_electricity,2018,0.01,HKG
Hong Kong,solar_electricity,2019,0.02,HKG
Hong Kong,solar_electricity,2020,0.05,HKG
Hong Kong,solar_electricity,2021,0.12,HKG
Hong Kong,solar_electricity,2022,0.18,HKG
Hong Kong,solar_electricity,2023,0.2,HKG
Hong Kong,solar_electricity,2024,0.324,HKG
Hungary,solar_electricity,1965,0,HUN
Hungary,solar_electricity,1966,0,HUN
Hungary,solar_electricity,1967,0,HUN
Hungary,solar_electricity,1968,0,HUN
Hungary,solar_electricity,1969,0,HUN
Hungary,solar_electricity,1970,0,HUN
Hungary,solar_electricity,1971,0,HUN
Hungary,solar_electricity,1972,0,HUN
Hungary,solar_electricity,1973,0,HUN
Hungary,solar_electricity,1974,0,HUN
Hungary,solar_electricity,1975,0,HUN
Hungary,solar_electricity,1976,0,HUN
Hungary,solar_electricity,1977,0,HUN
Hungary,solar_electricity,1978,0,HUN
Hungary,solar_electricity,1979,0,HUN
Hungary,solar_electricity,1980,0,HUN
Hungary,solar_electricity,1981,0,HUN
Hungary,solar_electricity,1982,0,HUN
Hungary,solar_electricity,1983,0,HUN
Hungary,solar_electricity,1984,0,HUN
Hungary,solar_electricity,1985,0,HUN
Hungary,solar_electricity,1986,0,HUN
Hungary,solar_electricity,1987,0,HUN
Hungary,solar_electricity,1988,0,HUN
Hungary,solar_electricity,1989,0,HUN
Hungary,solar_electricity,1990,0,HUN
Hungary,solar_electricity,1991,0,HUN
Hungary,solar_electricity,1992,0,HUN
Hungary,solar_electricity,1993,0,HUN
Hungary,solar_electricity,1994,0,HUN
Hungary,solar_electricity,1995,0,HUN
Hungary,solar_electricity,1996,0,HUN
Hungary,solar_electricity,1997,0,HUN
Hungary,solar_electricity,1998,0,HUN
Hungary,solar_electricity,1999,0,HUN
Hungary,solar_electricity,2000,0,HUN
Hungary,solar_electricity,2001,0,HUN
Hungary,solar_electricity,2002,0,HUN
Hungary,solar_electricity,2003,0,HUN
Hungary,solar_electricity,2004,0,HUN
Hungary,solar_electricity,2005,0,HUN
Hungary,solar_electricity,2006,0,HUN
Hungary,solar_electricity,2007,0,HUN
Hungary,solar_electricity,2008,0,HUN
Hungary,solar_electricity,2009,0,HUN
Hungary,solar_electricity,2010,0,HUN
Hungary,solar_electricity,2011,0,HUN
Hungary,solar_electricity,2012,0.01,HUN
Hungary,solar_electricity,2013,0.02,HUN
Hungary,solar_electricity,2014,0.07,HUN
Hungary,solar_electricity,2015,0.14,HUN
Hungary,solar_electricity,2016,0.24,HUN
Hungary,solar_electricity,2017,0.35,HUN
Hungary,solar_electricity,2018,0.63,HUN
Hungary,solar_electricity,2019,1.5,HUN
Hungary,solar_electricity,2020,2.46,HUN
Hungary,solar_electricity,2021,3.8,HUN
Hungary,solar_electricity,2022,4.73,HUN
Hungary,solar_electricity,2023,6.93,HUN
Hungary,solar_electricity,2024,9.4,HUN
Iceland,solar_electricity,1965,0,ISL
Iceland,solar_electricity,1966,0,ISL
Iceland,solar_electricity,1967,0,ISL
Iceland,solar_electricity,1968,0,ISL
Iceland,solar_electricity,1969,0,ISL
Iceland,solar_electricity,1970,0,ISL
Iceland,solar_electricity,1971,0,ISL
Iceland,solar_electricity,1972,0,ISL
Iceland,solar_electricity,1973,0,ISL
Iceland,solar_electricity,1974,0,ISL
Iceland,solar_electricity,1975,0,ISL
Iceland,solar_electricity,1976,0,ISL
Iceland,solar_electricity,1977,0,ISL
Iceland,solar_electricity,1978,0,ISL
Iceland,solar_electricity,1979,0,ISL
Iceland,solar_electricity,1980,0,ISL
Iceland,solar_electricity,1981,0,ISL
Iceland,solar_electricity,1982,0,ISL
Iceland,solar_electricity,1983,0,ISL
Iceland,solar_electricity,1984,0,ISL
Iceland,solar_electricity,1985,0,ISL
Iceland,solar_electricity,1986,0,ISL
Iceland,solar_electricity,1987,0,ISL
Iceland,solar_electricity,1988,0,ISL
Iceland,solar_electricity,1989,0,ISL
Iceland,solar_electricity,1990,0,ISL
Iceland,solar_electricity,1991,0,ISL
Iceland,solar_electricity,1992,0,ISL
Iceland,solar_electricity,1993,0,ISL
Iceland,solar_electricity,1994,0,ISL
Iceland,solar_electricity,1995,0,ISL
Iceland,solar_electricity,1996,0,ISL
Iceland,solar_electricity,1997,0,ISL
Iceland,solar_electricity,1998,0,ISL
Iceland,solar_electricity,1999,0,ISL
Iceland,solar_electricity,2000,0,ISL
Iceland,solar_electricity,2001,0,ISL
Iceland,solar_electricity,2002,0,ISL
Iceland,solar_electricity,2003,0,ISL
Iceland,solar_electricity,2004,0,ISL
Iceland,solar_electricity,2005,0,ISL
Iceland,solar_electricity,2006,0,ISL
Iceland,solar_electricity,2007,0,ISL
Iceland,solar_electricity,2008,0,ISL
Iceland,solar_electricity,2009,0,ISL
Iceland,solar_electricity,2010,0,ISL
Iceland,solar_electricity,2011,0,ISL
Iceland,solar_electricity,2012,0,ISL
Iceland,solar_electricity,2013,0,ISL
Iceland,solar_electricity,2014,0,ISL
Iceland,solar_electricity,2015,0,ISL
Iceland,solar_electricity,2016,0,ISL
Iceland,solar_electricity,2017,0,ISL
Iceland,solar_electricity,2018,0,ISL
Iceland,solar_electricity,2019,0,ISL
Iceland,solar_electricity,2020,0,ISL
Iceland,solar_electricity,2021,0,ISL
Iceland,solar_electricity,2022,0,ISL
Iceland,solar_electricity,2023,0,ISL
Iceland,solar_electricity,2024,0,ISL
India,solar_electricity,1965,0,IND
India,solar_electricity,1966,0,IND
India,solar_electricity,1967,0,IND
India,solar_electricity,1968,0,IND
India,solar_electricity,1969,0,IND
India,solar_electricity,1970,0,IND
India,solar_electricity,1971,0,IND
India,solar_electricity,1972,0,IND
India,solar_electricity,1973,0,IND
India,solar_electricity,1974,0,IND
India,solar_electricity,1975,0,IND
India,solar_electricity,1976,0,IND
India,solar_electricity,1977,0,IND
India,solar_electricity,1978,0,IND
India,solar_electricity,1979,0,IND
India,solar_electricity,1980,0,IND
India,solar_electricity,1981,0,IND
India,solar_electricity,1982,0,IND
India,solar_electricity,1983,0,IND
India,solar_electricity,1984,0,IND
India,solar_electricity,1985,0,IND
India,solar_electricity,1986,0,IND
India,solar_electricity,1987,0,IND
India,solar_electricity,1988,0,IND
India,solar_electricity,1989,0,IND
India,solar_electricity,1990,0,IND
India,solar_electricity,1991,0,IND
India,solar_electricity,1992,0,IND
India,solar_electricity,1993,0,IND
India,solar_electricity,1994,0,IND
India,solar_electricity,1995,0.001,IND
India,solar_electricity,1996,0.006,IND
India,solar_electricity,1997,0.006,IND
India,solar_electricity,1998,0.006,IND
India,solar_electricity,1999,0.006,IND
India,solar_electricity,2000,0.01,IND
India,solar_electricity,2001,0.01,IND
India,solar_electricity,2002,0.01,IND
India,solar_electricity,2003,0.02,IND
India,solar_electricity,2004,0.02,IND
India,solar_electricity,2005,0.02,IND
India,solar_electricity,2006,0.01,IND
India,solar_electricity,2007,0.06,IND
India,solar_electricity,2008,0.06,IND
India,solar_electricity,2009,0.08,IND
India,solar_electricity,2010,0.11,IND
India,solar_electricity,2011,0.83,IND
India,solar_electricity,2012,2.1,IND
India,solar_electricity,2013,3.43,IND
India,solar_electricity,2014,4.91,IND
India,solar_electricity,2015,6.57,IND
India,solar_electricity,2016,11.56,IND
India,solar_electricity,2017,21.54,IND
India,solar_electricity,2018,36.33,IND
India,solar_electricity,2019,46.27,IND
India,solar_electricity,2020,58.68,IND
India,solar_electricity,2021,68.31,IND
India,solar_electricity,2022,95.16,IND
India,solar_electricity,2023,113.41,IND
India,solar_electricity,2024,133.81,IND
Indonesia,solar_electricity,1965,0,IDN
Indonesia,solar_electricity,1966,0,IDN
Indonesia,solar_electricity,1967,0,IDN
Indonesia,solar_electricity,1968,0,IDN
Indonesia,solar_electricity,1969,0,IDN
Indonesia,solar_electricity,1970,0,IDN
Indonesia,solar_electricity,1971,0,IDN
Indonesia,solar_electricity,1972,0,IDN
Indonesia,solar_electricity,1973,0,IDN
Indonesia,solar_electricity,1974,0,IDN
Indonesia,solar_electricity,1975,0,IDN
Indonesia,solar_electricity,1976,0,IDN
Indonesia,solar_electricity,1977,0,IDN
Indonesia,solar_electricity,1978,0,IDN
Indonesia,solar_electricity,1979,0,IDN
Indonesia,solar_electricity,1980,0,IDN
Indonesia,solar_electricity,1981,0,IDN
Indonesia,solar_electricity,1982,0,IDN
Indonesia,solar_electricity,1983,0,IDN
Indonesia,solar_electricity,1984,0,IDN
Indonesia,solar_electricity,1985,0,IDN
Indonesia,solar_electricity,1986,0,IDN
Indonesia,solar_electricity,1987,0,IDN
Indonesia,solar_electricity,1988,0,IDN
Indonesia,solar_electricity,1989,0,IDN
Indonesia,solar_electricity,1990,0,IDN
Indonesia,solar_electricity,1991,0,IDN
Indonesia,solar_electricity,1992,0,IDN
Indonesia,solar_electricity,1993,0,IDN
Indonesia,solar_electricity,1994,0,IDN
Indonesia,solar_electricity,1995,0,IDN
Indonesia,solar_electricity,1996,0,IDN
Indonesia,solar_electricity,1997,0,IDN
Indonesia,solar_electricity,1998,0,IDN
Indonesia,solar_electricity,1999,0,IDN
Indonesia,solar_electricity,2000,0,IDN
Indonesia,solar_electricity,2001,0,IDN
Indonesia,solar_electricity,2002,0,IDN
Indonesia,solar_electricity,2003,0,IDN
Indonesia,solar_electricity,2004,0,IDN
Indonesia,solar_electricity,2005,0,IDN
Indonesia,solar_electricity,2006,0,IDN
Indonesia,solar_electricity,2007,0,IDN
Indonesia,solar_electricity,2008,0,IDN
Indonesia,solar_electricity,2009,0,IDN
Indonesia,solar_electricity,2010,0,IDN
Indonesia,solar_electricity,2011,0,IDN
Indonesia,solar_electricity,2012,0,IDN
Indonesia,solar_electricity,2013,0.01,IDN
Indonesia,solar_electricity,2014,0.01,IDN
Indonesia,solar_electricity,2015,0.01,IDN
Indonesia,solar_electricity,2016,0.02,IDN
Indonesia,solar_electricity,2017,0.03,IDN
Indonesia,solar_electricity,2018,0.09,IDN
Indonesia,solar_electricity,2019,0.12,IDN
Indonesia,solar_electricity,2020,0.17,IDN
Indonesia,solar_electricity,2021,0.19,IDN
Indonesia,solar_electricity,2022,0.44,IDN
Indonesia,solar_electricity,2023,0.71,IDN
Indonesia,solar_electricity,2024,0.925,IDN
Iran,solar_electricity,1965,0,IRN
Iran,solar_electricity,1966,0,IRN
Iran,solar_electricity,1967,0,IRN
Iran,solar_electricity,1968,0,IRN
Iran,solar_electricity,1969,0,IRN
Iran,solar_electricity,1970,0,IRN
Iran,solar_electricity,1971,0,IRN
Iran,solar_electricity,1972,0,IRN
Iran,solar_electricity,1973,0,IRN
Iran,solar_electricity,1974,0,IRN
Iran,solar_electricity,1975,0,IRN
Iran,solar_electricity,1976,0,IRN
Iran,solar_electricity,1977,0,IRN
Iran,solar_electricity,1978,0,IRN
Iran,solar_electricity,1979,0,IRN
Iran,solar_electricity,1980,0,IRN
Iran,solar_electricity,1981,0,IRN
Iran,solar_electricity,1982,0,IRN
Iran,solar_electricity,1983,0,IRN
Iran,solar_electricity,1984,0,IRN
Iran,solar_electricity,1985,0,IRN
Iran,solar_electricity,1986,0,IRN
Iran,solar_electricity,1987,0,IRN
Iran,solar_electricity,1988,0,IRN
Iran,solar_electricity,1989,0,IRN
Iran,solar_electricity,1990,0,IRN
Iran,solar_electricity,1991,0,IRN
Iran,solar_electricity,1992,0,IRN
Iran,solar_electricity,1993,0,IRN
Iran,solar_electricity,1994,0,IRN
Iran,solar_electricity,1995,0,IRN
Iran,solar_electricity,1996,0,IRN
Iran,solar_electricity,1997,0,IRN
Iran,solar_electricity,1998,0,IRN
Iran,solar_electricity,1999,0,IRN
Iran,solar_electricity,2000,0,IRN
Iran,solar_electricity,2001,0,IRN
Iran,solar_electricity,2002,0,IRN
Iran,solar_electricity,2003,0,IRN
Iran,solar_electricity,2004,0,IRN
Iran,solar_electricity,2005,0,IRN
Iran,solar_electricity,2006,0,IRN
Iran,solar_electricity,2007,0,IRN
Iran,solar_electricity,2008,0,IRN
Iran,solar_electricity,2009,0,IRN
Iran,solar_electricity,2010,0,IRN
Iran,solar_electricity,2011,0,IRN
Iran,solar_electricity,2012,0,IRN
Iran,solar_electricity,2013,0,IRN
Iran,solar_electricity,2014,0,IRN
Iran,solar_electricity,2015,0,IRN
Iran,solar_electricity,2016,0,IRN
Iran,solar_electricity,2017,0.09,IRN
Iran,solar_electricity,2018,0.22,IRN
Iran,solar_electricity,2019,0.51,IRN
Iran,solar_electricity,2020,0.58,IRN
Iran,solar_electricity,2021,0.58,IRN
Iran,solar_electricity,2022,0.69,IRN
Iran,solar_electricity,2023,0.76,IRN
Iran,solar_electricity,2024,0.76,IRN
Iraq,solar_electricity,1965,0,IRQ
Iraq,solar_electricity,1966,0,IRQ
Iraq,solar_electricity,1967,0,IRQ
Iraq,solar_electricity,1968,0,IRQ
Iraq,solar_electricity,1969,0,IRQ
Iraq,solar_electricity,1970,0,IRQ
Iraq,solar_electricity,1971,0,IRQ
Iraq,solar_electricity,1972,0,IRQ
Iraq,solar_electricity,1973,0,IRQ
Iraq,solar_electricity,1974,0,IRQ
Iraq,solar_electricity,1975,0,IRQ
Iraq,solar_electricity,1976,0,IRQ
Iraq,solar_electricity,1977,0,IRQ
Iraq,solar_electricity,1978,0,IRQ
Iraq,solar_electricity,1979,0,IRQ
Iraq,solar_electricity,1980,0,IRQ
Iraq,solar_electricity,1981,0,IRQ
Iraq,solar_electricity,1982,0,IRQ
Iraq,solar_electricity,1983,0,IRQ
Iraq,solar_electricity,1984,0,IRQ
Iraq,solar_electricity,1985,0,IRQ
Iraq,solar_electricity,1986,0,IRQ
Iraq,solar_electricity,1987,0,IRQ
Iraq,solar_electricity,1988,0,IRQ
Iraq,solar_electricity,1989,0,IRQ
Iraq,solar_electricity,1990,0,IRQ
Iraq,solar_electricity,1991,0,IRQ
Iraq,solar_electricity,1992,0,IRQ
Iraq,solar_electricity,1993,0,IRQ
Iraq,solar_electricity,1994,0,IRQ
Iraq,solar_electricity,1995,0,IRQ
Iraq,solar_electricity,1996,0,IRQ
Iraq,solar_electricity,1997,0,IRQ
Iraq,solar_electricity,1998,0,IRQ
Iraq,solar_electricity,1999,0,IRQ
Iraq,solar_electricity,2000,0,IRQ
Iraq,solar_electricity,2001,0,IRQ
Iraq,solar_electricity,2002,0,IRQ
Iraq,solar_electricity,2003,0,IRQ
Iraq,solar_electricity,2004,0,IRQ
Iraq,solar_electricity,2005,0,IRQ
Iraq,solar_electricity,2006,0,IRQ
Iraq,solar_electricity,2007,0,IRQ
Iraq,solar_electricity,2008,0,IRQ
Iraq,solar_electricity,2009,0,IRQ
Iraq,solar_electricity,2010,0,IRQ
Iraq,solar_electricity,2011,0,IRQ
Iraq,solar_electricity,2012,0,IRQ
Iraq,solar_electricity,2013,0.05,IRQ
Iraq,solar_electricity,2014,0.06,IRQ
Iraq,solar_electricity,2015,0.06,IRQ
Iraq,solar_electricity,2016,0.06,IRQ
Iraq,solar_electricity,2017,0.06,IRQ
Iraq,solar_electricity,2018,0.06,IRQ
Iraq,solar_electricity,2019,0.06,IRQ
Iraq,solar_electricity,2020,0.38,IRQ
Iraq,solar_electricity,2021,0.38,IRQ
Iraq,solar_electricity,2022,0.38,IRQ
Iraq,solar_electricity,2023,0.38,IRQ
Iraq,solar_electricity,2024,0.378,IRQ
Ireland,solar_electricity,1965,0,IRL
Ireland,solar_electricity,1966,0,IRL
Ireland,solar_electricity,1967,0,IRL
Ireland,solar_electricity,1968,0,IRL
Ireland,solar_electricity,1969,0,IRL
Ireland,solar_electricity,1970,0,IRL
Ireland,solar_electricity,1971,0,IRL
Ireland,solar_electricity,1972,0,IRL
Ireland,solar_electricity,1973,0,IRL
Ireland,solar_electricity,1974,0,IRL
Ireland,solar_electricity,1975,0,IRL
Ireland,solar_electricity,1976,0,IRL
Ireland,solar_electricity,1977,0,IRL
Ireland,solar_electricity,1978,0,IRL
Ireland,solar_electricity,1979,0,IRL
Ireland,solar_electricity,1980,0,IRL
Ireland,solar_electricity,1981,0,IRL
Ireland,solar_electricity,1982,0,IRL
Ireland,solar_electricity,1983,0,IRL
Ireland,solar_electricity,1984,0,IRL
Ireland,solar_electricity,1985,0,IRL
Ireland,solar_electricity,1986,0,IRL
Ireland,solar_electricity,1987,0,IRL
Ireland,solar_electricity,1988,0,IRL
Ireland,solar_electricity,1989,0,IRL
Ireland,solar_electricity,1990,0,IRL
Ireland,solar_electricity,1991,0,IRL
Ireland,solar_electricity,1992,0,IRL
Ireland,solar_electricity,1993,0,IRL
Ireland,solar_electricity,1994,0,IRL
Ireland,solar_electricity,1995,0,IRL
Ireland,solar_electricity,1996,0,IRL
Ireland,solar_electricity,1997,0,IRL
Ireland,solar_electricity,1998,0,IRL
Ireland,solar_electricity,1999,0,IRL
Ireland,solar_electricity,2000,0,IRL
Ireland,solar_electricity,2001,0,IRL
Ireland,solar_electricity,2002,0,IRL
Ireland,solar_electricity,2003,0,IRL
Ireland,solar_electricity,2004,0,IRL
Ireland,solar_electricity,2005,0,IRL
Ireland,solar_electricity,2006,0,IRL
Ireland,solar_electricity,2007,0,IRL
Ireland,solar_electricity,2008,0,IRL
Ireland,solar_electricity,2009,0,IRL
Ireland,solar_electricity,2010,0,IRL
Ireland,solar_electricity,2011,0,IRL
Ireland,solar_electricity,2012,0,IRL
Ireland,solar_electricity,2013,0,IRL
Ireland,solar_electricity,2014,0,IRL
Ireland,solar_electricity,2015,0,IRL
Ireland,solar_electricity,2016,0,IRL
Ireland,solar_electricity,2017,0.01,IRL
Ireland,solar_electricity,2018,0.02,IRL
Ireland,solar_electricity,2019,0.03,IRL
Ireland,solar_electricity,2020,0.06,IRL
Ireland,solar_electricity,2021,0.08,IRL
Ireland,solar_electricity,2022,0.15,IRL
Ireland,solar_electricity,2023,0.65,IRL
Ireland,solar_electricity,2024,0.97,IRL
Israel,solar_electricity,1965,0,ISR
Israel,solar_electricity,1966,0,ISR
Israel,solar_electricity,1967,0,ISR
Israel,solar_electricity,1968,0,ISR
Israel,solar_electricity,1969,0,ISR
Israel,solar_electricity,1970,0,ISR
Israel,solar_electricity,1971,0,ISR
Israel,solar_electricity,1972,0,ISR
Israel,solar_electricity,1973,0,ISR
Israel,solar_electricity,1974,0,ISR
Israel,solar_electricity,1975,0,ISR
Israel,solar_electricity,1976,0,ISR
Israel,solar_electricity,1977,0,ISR
Israel,solar_electricity,1978,0,ISR
Israel,solar_electricity,1979,0,ISR
Israel,solar_electricity,1980,0,ISR
Israel,solar_electricity,1981,0,ISR
Israel,solar_electricity,1982,0,ISR
Israel,solar_electricity,1983,0,ISR
Israel,solar_electricity,1984,0,ISR
Israel,solar_electricity,1985,0,ISR
Israel,solar_electricity,1986,0,ISR
Israel,solar_electricity,1987,0,ISR
Israel,solar_electricity,1988,0,ISR
Israel,solar_electricity,1989,0,ISR
Israel,solar_electricity,1990,0,ISR
Israel,solar_electricity,1991,0,ISR
Israel,solar_electricity,1992,0,ISR
Israel,solar_electricity,1993,0,ISR
Israel,solar_electricity,1994,0,ISR
Israel,solar_electricity,1995,0,ISR
Israel,solar_electricity,1996,0,ISR
Israel,solar_electricity,1997,0,ISR
Israel,solar_electricity,1998,0,ISR
Israel,solar_electricity,1999,0,ISR
Israel,solar_electricity,2000,0,ISR
Israel,solar_electricity,2001,0,ISR
Israel,solar_electricity,2002,0,ISR
Israel,solar_electricity,2003,0,ISR
Israel,solar_electricity,2004,0,ISR
Israel,solar_electricity,2005,0,ISR
Israel,solar_electricity,2006,0,ISR
Israel,solar_electricity,2007,0,ISR
Israel,solar_electricity,2008,0,ISR
Israel,solar_electricity,2009,0.02,ISR
Israel,solar_electricity,2010,0.07,ISR
Israel,solar_electricity,2011,0.19,ISR
Israel,solar_electricity,2012,0.37,ISR
Israel,solar_electricity,2013,0.49,ISR
Israel,solar_electricity,2014,0.88,ISR
Israel,solar_electricity,2015,1.12,ISR
Israel,solar_electricity,2016,1.54,ISR
Israel,solar_electricity,2017,1.51,ISR
Israel,solar_electricity,2018,1.57,ISR
Israel,solar_electricity,2019,2.61,ISR
Israel,solar_electricity,2020,3.53,ISR
Israel,solar_electricity,2021,4.57,ISR
Israel,solar_electricity,2022,5.35,ISR
Israel,solar_electricity,2023,6.97,ISR
Israel,solar_electricity,2024,10.144,ISR
Italy,solar_electricity,1965,0,ITA
Italy,solar_electricity,1966,0,ITA
Italy,solar_electricity,1967,0,ITA
Italy,solar_electricity,1968,0,ITA
Italy,solar_electricity,1969,0,ITA
Italy,solar_electricity,1970,0,ITA
Italy,solar_electricity,1971,0,ITA
Italy,solar_electricity,1972,0,ITA
Italy,solar_electricity,1973,0,ITA
Italy,solar_electricity,1974,0,ITA
Italy,solar_electricity,1975,0,ITA
Italy,solar_electricity,1976,0,ITA
Italy,solar_electricity,1977,0,ITA
Italy,solar_electricity,1978,0,ITA
Italy,solar_electricity,1979,0,ITA
Italy,solar_electricity,1980,0,ITA
Italy,solar_electricity,1981,0,ITA
Italy,solar_electricity,1982,0,ITA
Italy,solar_electricity,1983,0,ITA
Italy,solar_electricity,1984,0,ITA
Italy,solar_electricity,1985,0,ITA
Italy,solar_electricity,1986,0,ITA
Italy,solar_electricity,1987,0,ITA
Italy,solar_electricity,1988,0,ITA
Italy,solar_electricity,1989,0.002,ITA
Italy,solar_electricity,1990,0,ITA
Italy,solar_electricity,1991,0,ITA
Italy,solar_electricity,1992,0.01,ITA
Italy,solar_electricity,1993,0.01,ITA
Italy,solar_electricity,1994,0.01,ITA
Italy,solar_electricity,1995,0.01,ITA
Italy,solar_electricity,1996,0.01,ITA
Italy,solar_electricity,1997,0.01,ITA
Italy,solar_electricity,1998,0.02,ITA
Italy,solar_electricity,1999,0.02,ITA
Italy,solar_electricity,2000,0.02,ITA
Italy,solar_electricity,2001,0.02,ITA
Italy,solar_electricity,2002,0.02,ITA
Italy,solar_electricity,2003,0.02,ITA
Italy,solar_electricity,2004,0.03,ITA
Italy,solar_electricity,2005,0.03,ITA
Italy,solar_electricity,2006,0.04,ITA
Italy,solar_electricity,2007,0.04,ITA
Italy,solar_electricity,2008,0.19,ITA
Italy,solar_electricity,2009,0.68,ITA
Italy,solar_electricity,2010,1.91,ITA
Italy,solar_electricity,2011,10.8,ITA
Italy,solar_electricity,2012,18.86,ITA
Italy,solar_electricity,2013,21.59,ITA
Italy,solar_electricity,2014,22.31,ITA
Italy,solar_electricity,2015,22.94,ITA
Italy,solar_electricity,2016,22.1,ITA
Italy,solar_electricity,2017,24.38,ITA
Italy,solar_electricity,2018,22.65,ITA
Italy,solar_electricity,2019,23.69,ITA
Italy,solar_electricity,2020,24.94,ITA
Italy,solar_electricity,2021,25.04,ITA
Italy,solar_electricity,2022,28.12,ITA
Italy,solar_electricity,2023,30.71,ITA
Italy,solar_electricity,2024,35.81,ITA
Jamaica,solar_electricity,2000,0,JAM
Jamaica,solar_electricity,2001,0,JAM
Jamaica,solar_electricity,2002,0,JAM
Jamaica,solar_electricity,2003,0,JAM
Jamaica,solar_electricity,2004,0,JAM
Jamaica,solar_electricity,2005,0,JAM
Jamaica,solar_electricity,2006,0,JAM
Jamaica,solar_electricity,2007,0,JAM
Jamaica,solar_electricity,2008,0,JAM
Jamaica,solar_electricity,2009,0,JAM
Jamaica,solar_electricity,2010,0,JAM
Jamaica,solar_electricity,2011,0,JAM
Jamaica,solar_electricity,2012,0,JAM
Jamaica,solar_electricity,2013,0,JAM
Jamaica,solar_electricity,2014,0.01,JAM
Jamaica,solar_electricity,2015,0.01,JAM
Jamaica,solar_electricity,2016,0.01,JAM
Jamaica,solar_electricity,2017,0.04,JAM
Jamaica,solar_electricity,2018,0.05,JAM
Jamaica,solar_electricity,2019,0.09,JAM
Jamaica,solar_electricity,2020,0.12,JAM
Jamaica,solar_electricity,2021,0.13,JAM
Jamaica,solar_electricity,2022,0.13,JAM
Japan,solar_electricity,1965,0,JPN
Japan,solar_electricity,1966,0,JPN
Japan,solar_electricity,1967,0,JPN
Japan,solar_electricity,1968,0,JPN
Japan,solar_electricity,1969,0,JPN
Japan,solar_electricity,1970,0,JPN
Japan,solar_electricity,1971,0,JPN
Japan,solar_electricity,1972,0,JPN
Japan,solar_electricity,1973,0,JPN
Japan,solar_electricity,1974,0,JPN
Japan,solar_electricity,1975,0,JPN
Japan,solar_electricity,1976,0,JPN
Japan,solar_electricity,1977,0,JPN
Japan,solar_electricity,1978,0,JPN
Japan,solar_electricity,1979,0,JPN
Japan,solar_electricity,1980,0,JPN
Japan,solar_electricity,1981,0,JPN
Japan,solar_electricity,1982,0,JPN
Japan,solar_electricity,1983,0,JPN
Japan,solar_electricity,1984,0,JPN
Japan,solar_electricity,1985,0,JPN
Japan,solar_electricity,1986,0,JPN
Japan,solar_electricity,1987,0,JPN
Japan,solar_electricity,1988,0,JPN
Japan,solar_electricity,1989,0,JPN
Japan,solar_electricity,1990,0.001,JPN
Japan,solar_electricity,1991,0.001,JPN
Japan,solar_electricity,1992,0.01,JPN
Japan,solar_electricity,1993,0.023,JPN
Japan,solar_electricity,1994,0.029,JPN
Japan,solar_electricity,1995,0.04,JPN
Japan,solar_electricity,1996,0.054,JPN
Japan,solar_electricity,1997,0.096,JPN
Japan,solar_electricity,1998,0.143,JPN
Japan,solar_electricity,1999,0.218,JPN
Japan,solar_electricity,2000,0.34,JPN
Japan,solar_electricity,2001,0.5,JPN
Japan,solar_electricity,2002,0.69,JPN
Japan,solar_electricity,2003,0.95,JPN
Japan,solar_electricity,2004,1.27,JPN
Japan,solar_electricity,2005,1.63,JPN
Japan,solar_electricity,2006,2,JPN
Japan,solar_electricity,2007,2.31,JPN
Japan,solar_electricity,2008,2.59,JPN
Japan,solar_electricity,2009,3.05,JPN
Japan,solar_electricity,2010,3.98,JPN
Japan,solar_electricity,2011,5.44,JPN
Japan,solar_electricity,2012,7.37,JPN
Japan,solar_electricity,2013,12.91,JPN
Japan,solar_electricity,2014,23.55,JPN
Japan,solar_electricity,2015,34.54,JPN
Japan,solar_electricity,2016,43.33,JPN
Japan,solar_electricity,2017,54.04,JPN
Japan,solar_electricity,2018,61.22,JPN
Japan,solar_electricity,2019,67.43,JPN
Japan,solar_electricity,2020,75.92,JPN
Japan,solar_electricity,2021,84.18,JPN
Japan,solar_electricity,2022,91.07,JPN
Japan,solar_electricity,2023,96.99,JPN
Japan,solar_electricity,2024,102.02,JPN
Jordan,solar_electricity,2000,0,JOR
Jordan,solar_electricity,2001,0,JOR
Jordan,solar_electricity,2002,0,JOR
Jordan,solar_electricity,2003,0,JOR
Jordan,solar_electricity,2004,0,JOR
Jordan,solar_electricity,2005,0,JOR
Jordan,solar_electricity,2006,0,JOR
Jordan,solar_electricity,2007,0,JOR
Jordan,solar_electricity,2008,0,JOR
Jordan,solar_electricity,2009,0,JOR
Jordan,solar_electricity,2010,0,JOR
Jordan,solar_electricity,2011,0,JOR
Jordan,solar_electricity,2012,0,JOR
Jordan,solar_electricity,2013,0,JOR
Jordan,solar_electricity,2014,0,JOR
Jordan,solar_electricity,2015,0.05,JOR
Jordan,solar_electricity,2016,0.43,JOR
Jordan,solar_electricity,2017,0.91,JOR
Jordan,solar_electricity,2018,1.43,JOR
Jordan,solar_electricity,2019,2.06,JOR
Jordan,solar_electricity,2020,2.52,JOR
Jordan,solar_electricity,2021,3.29,JOR
Jordan,solar_electricity,2022,3.45,JOR
Kazakhstan,solar_electricity,1985,0,KAZ
Kazakhstan,solar_electricity,1986,0,KAZ
Kazakhstan,solar_electricity,1987,0,KAZ
Kazakhstan,solar_electricity,1988,0,KAZ
Kazakhstan,solar_electricity,1989,0,KAZ
Kazakhstan,solar_electricity,1990,0,KAZ
Kazakhstan,solar_electricity,1991,0,KAZ
Kazakhstan,solar_electricity,1992,0,KAZ
Kazakhstan,solar_electricity,1993,0,KAZ
Kazakhstan,solar_electricity,1994,0,KAZ
Kazakhstan,solar_electricity,1995,0,KAZ
Kazakhstan,solar_electricity,1996,0,KAZ
Kazakhstan,solar_electricity,1997,0,KAZ
Kazakhstan,solar_electricity,1998,0,KAZ
Kazakhstan,solar_electricity,1999,0,KAZ
Kazakhstan,solar_electricity,2000,0,KAZ
Kazakhstan,solar_electricity,2001,0,KAZ
Kazakhstan,solar_electricity,2002,0,KAZ
Kazakhstan,solar_electricity,2003,0,KAZ
Kazakhstan,solar_electricity,2004,0,KAZ
Kazakhstan,solar_electricity,2005,0,KAZ
Kazakhstan,solar_electricity,2006,0,KAZ
Kazakhstan,solar_electricity,2007,0,KAZ
Kazakhstan,solar_electricity,2008,0,KAZ
Kazakhstan,solar_electricity,2009,0,KAZ
Kazakhstan,solar_electricity,2010,0,KAZ
Kazakhstan,solar_electricity,2011,0,KAZ
Kazakhstan,solar_electricity,2012,0,KAZ
Kazakhstan,solar_electricity,2013,0,KAZ
Kazakhstan,solar_electricity,2014,0,KAZ
Kazakhstan,solar_electricity,2015,0.05,KAZ
Kazakhstan,solar_electricity,2016,0.09,KAZ
Kazakhstan,solar_electricity,2017,0.09,KAZ
Kazakhstan,solar_electricity,2018,0.14,KAZ
Kazakhstan,solar_electricity,2019,0.39,KAZ
Kazakhstan,solar_electricity,2020,1.24,KAZ
Kazakhstan,solar_electricity,2021,1.63,KAZ
Kazakhstan,solar_electricity,2022,1.77,KAZ
Kazakhstan,solar_electricity,2023,1.96,KAZ
Kazakhstan,solar_electricity,2024,2,KAZ
Kenya,solar_electricity,2000,0,KEN
Kenya,solar_electricity,2001,0,KEN
Kenya,solar_electricity,2002,0,KEN
Kenya,solar_electricity,2003,0,KEN
Kenya,solar_electricity,2004,0,KEN
Kenya,solar_electricity,2005,0,KEN
Kenya,solar_electricity,2006,0,KEN
Kenya,solar_electricity,2007,0,KEN
Kenya,solar_electricity,2008,0,KEN
Kenya,solar_electricity,2009,0,KEN
Kenya,solar_electricity,2010,0,KEN
Kenya,solar_electricity,2011,0.01,KEN
Kenya,solar_electricity,2012,0.01,KEN
Kenya,solar_electricity,2013,0.03,KEN
Kenya,solar_electricity,2014,0.05,KEN
Kenya,solar_electricity,2015,0.05,KEN
Kenya,solar_electricity,2016,0.06,KEN
Kenya,solar_electricity,2017,0.07,KEN
Kenya,solar_electricity,2018,0.09,KEN
Kenya,solar_electricity,2019,0.09,KEN
Kenya,solar_electricity,2020,0.09,KEN
Kenya,solar_electricity,2021,0.17,KEN
Kenya,solar_electricity,2022,0.42,KEN
Kenya,solar_electricity,2023,0.58,KEN
Kenya,solar_electricity,2024,0.55,KEN
Kiribati,solar_electricity,2000,0,KIR
Kiribati,solar_electricity,2001,0,KIR
Kiribati,solar_electricity,2002,0,KIR
Kiribati,solar_electricity,2003,0,KIR
Kiribati,solar_electricity,2004,0,KIR
Kiribati,solar_electricity,2005,0,KIR
Kiribati,solar_electricity,2006,0,KIR
Kiribati,solar_electricity,2007,0,KIR
Kiribati,solar_electricity,2008,0,KIR
Kiribati,solar_electricity,2009,0,KIR
Kiribati,solar_electricity,2010,0,KIR
Kiribati,solar_electricity,2011,0,KIR
Kiribati,solar_electricity,2012,0,KIR
Kiribati,solar_electricity,2013,0,KIR
Kiribati,solar_electricity,2014,0,KIR
Kiribati,solar_electricity,2015,0,KIR
Kiribati,solar_electricity,2016,0,KIR
Kiribati,solar_electricity,2017,0,KIR
Kiribati,solar_electricity,2018,0,KIR
Kiribati,solar_electricity,2019,0.01,KIR
Kiribati,solar_electricity,2020,0.01,KIR
Kiribati,solar_electricity,2021,0.01,KIR
Kiribati,solar_electricity,2022,0.01,KIR
Kuwait,solar_electricity,1965,0,KWT
Kuwait,solar_electricity,1966,0,KWT
Kuwait,solar_electricity,1967,0,KWT
Kuwait,solar_electricity,1968,0,KWT
Kuwait,solar_electricity,1969,0,KWT
Kuwait,solar_electricity,1970,0,KWT
Kuwait,solar_electricity,1971,0,KWT
Kuwait,solar_electricity,1972,0,KWT
Kuwait,solar_electricity,1973,0,KWT
Kuwait,solar_electricity,1974,0,KWT
Kuwait,solar_electricity,1975,0,KWT
Kuwait,solar_electricity,1976,0,KWT
Kuwait,solar_electricity,1977,0,KWT
Kuwait,solar_electricity,1978,0,KWT
Kuwait,solar_electricity,1979,0,KWT
Kuwait,solar_electricity,1980,0,KWT
Kuwait,solar_electricity,1981,0,KWT
Kuwait,solar_electricity,1982,0,KWT
Kuwait,solar_electricity,1983,0,KWT
Kuwait,solar_electricity,1984,0,KWT
Kuwait,solar_electricity,1985,0,KWT
Kuwait,solar_electricity,1986,0,KWT
Kuwait,solar_electricity,1987,0,KWT
Kuwait,solar_electricity,1988,0,KWT
Kuwait,solar_electricity,1989,0,KWT
Kuwait,solar_electricity,1990,0,KWT
Kuwait,solar_electricity,1991,0,KWT
Kuwait,solar_electricity,1992,0,KWT
Kuwait,solar_electricity,1993,0,KWT
Kuwait,solar_electricity,1994,0,KWT
Kuwait,solar_electricity,1995,0,KWT
Kuwait,solar_electricity,1996,0,KWT
Kuwait,solar_electricity,1997,0,KWT
Kuwait,solar_electricity,1998,0,KWT
Kuwait,solar_electricity,1999,0,KWT
Kuwait,solar_electricity,2000,0,KWT
Kuwait,solar_electricity,2001,0,KWT
Kuwait,solar_electricity,2002,0,KWT
Kuwait,solar_electricity,2003,0,KWT
Kuwait,solar_electricity,2004,0,KWT
Kuwait,solar_electricity,2005,0,KWT
Kuwait,solar_electricity,2006,0,KWT
Kuwait,solar_electricity,2007,0,KWT
Kuwait,solar_electricity,2008,0,KWT
Kuwait,solar_electricity,2009,0,KWT
Kuwait,solar_electricity,2010,0,KWT
Kuwait,solar_electricity,2011,0,KWT
Kuwait,solar_electricity,2012,0,KWT
Kuwait,solar_electricity,2013,0,KWT
Kuwait,solar_electricity,2014,0,KWT
Kuwait,solar_electricity,2015,0,KWT
Kuwait,solar_electricity,2016,0.01,KWT
Kuwait,solar_electricity,2017,0.01,KWT
Kuwait,solar_electricity,2018,0.05,KWT
Kuwait,solar_electricity,2019,0.06,KWT
Kuwait,solar_electricity,2020,0.06,KWT
Kuwait,solar_electricity,2021,0.14,KWT
Kuwait,solar_electricity,2022,0.18,KWT
Kuwait,solar_electricity,2023,0.19,KWT
Kuwait,solar_electricity,2024,0.19,KWT
Kyrgyzstan,solar_electricity,2000,0,KGZ
Kyrgyzstan,solar_electricity,2001,0,KGZ
Kyrgyzstan,solar_electricity,2002,0,KGZ
Kyrgyzstan,solar_electricity,2003,0,KGZ
Kyrgyzstan,solar_electricity,2004,0,KGZ
Kyrgyzstan,solar_electricity,2005,0,KGZ
Kyrgyzstan,solar_electricity,2006,0,KGZ
Kyrgyzstan,solar_electricity,2007,0,KGZ
Kyrgyzstan,solar_electricity,2008,0,KGZ
Kyrgyzstan,solar_electricity,2009,0,KGZ
Kyrgyzstan,solar_electricity,2010,0,KGZ
Kyrgyzstan,solar_electricity,2011,0,KGZ
Kyrgyzstan,solar_electricity,2012,0,KGZ
Kyrgyzstan,solar_electricity,2013,0,KGZ
Kyrgyzstan,solar_electricity,2014,0,KGZ
Kyrgyzstan,solar_electricity,2015,0,KGZ
Kyrgyzstan,solar_electricity,2016,0,KGZ
Kyrgyzstan,solar_electricity,2017,0,KGZ
Kyrgyzstan,solar_electricity,2018,0,KGZ
Kyrgyzstan,solar_electricity,2019,0,KGZ
Kyrgyzstan,solar_electricity,2020,0,KGZ
Kyrgyzstan,solar_electricity,2021,0,KGZ
Kyrgyzstan,solar_electricity,2022,0,KGZ
Kyrgyzstan,solar_electricity,2023,0,KGZ
Kyrgyzstan,solar_electricity,2024,0,KGZ
Laos,solar_electricity,2000,0,LAO
Laos,solar_electricity,2001,0,LAO
Laos,solar_electricity,2002,0,LAO
Laos,solar_electricity,2003,0,LAO
Laos,solar_electricity,2004,0,LAO
Laos,solar_electricity,2005,0,LAO
Laos,solar_electricity,2006,0,LAO
Laos,solar_electricity,2007,0,LAO
Laos,solar_electricity,2008,0,LAO
Laos,solar_electricity,2009,0,LAO
Laos,solar_electricity,2010,0,LAO
Laos,solar_electricity,2011,0,LAO
Laos,solar_electricity,2012,0,LAO
Laos,solar_electricity,2013,0,LAO
Laos,solar_electricity,2014,0,LAO
Laos,solar_electricity,2015,0,LAO
Laos,solar_electricity,2016,0,LAO
Laos,solar_electricity,2017,0.01,LAO
Laos,solar_electricity,2018,0.02,LAO
Laos,solar_electricity,2019,0.04,LAO
Laos,solar_electricity,2020,0.04,LAO
Laos,solar_electricity,2021,0.07,LAO
Laos,solar_electricity,2022,0.08,LAO
Laos,solar_electricity,2023,0.08,LAO
Latvia,solar_electricity,1985,0,LVA
Latvia,solar_electricity,1986,0,LVA
Latvia,solar_electricity,1987,0,LVA
Latvia,solar_electricity,1988,0,LVA
Latvia,solar_electricity,1989,0,LVA
Latvia,solar_electricity,1990,0,LVA
Latvia,solar_electricity,1991,0,LVA
Latvia,solar_electricity,1992,0,LVA
Latvia,solar_electricity,1993,0,LVA
Latvia,solar_electricity,1994,0,LVA
Latvia,solar_electricity,1995,0,LVA
Latvia,solar_electricity,1996,0,LVA
Latvia,solar_electricity,1997,0,LVA
Latvia,solar_electricity,1998,0,LVA
Latvia,solar_electricity,1999,0,LVA
Latvia,solar_electricity,2000,0,LVA
Latvia,solar_electricity,2001,0,LVA
Latvia,solar_electricity,2002,0,LVA
Latvia,solar_electricity,2003,0,LVA
Latvia,solar_electricity,2004,0,LVA
Latvia,solar_electricity,2005,0,LVA
Latvia,solar_electricity,2006,0,LVA
Latvia,solar_electricity,2007,0,LVA
Latvia,solar_electricity,2008,0,LVA
Latvia,solar_electricity,2009,0,LVA
Latvia,solar_electricity,2010,0,LVA
Latvia,solar_electricity,2011,0,LVA
Latvia,solar_electricity,2012,0,LVA
Latvia,solar_electricity,2013,0,LVA
Latvia,solar_electricity,2014,0,LVA
Latvia,solar_electricity,2015,0,LVA
Latvia,solar_electricity,2016,0,LVA
Latvia,solar_electricity,2017,0,LVA
Latvia,solar_electricity,2018,0,LVA
Latvia,solar_electricity,2019,0,LVA
Latvia,solar_electricity,2020,0,LVA
Latvia,solar_electricity,2021,0.01,LVA
Latvia,solar_electricity,2022,0.08,LVA
Latvia,solar_electricity,2023,0.24,LVA
Latvia,solar_electricity,2024,0.51,LVA
Lebanon,solar_electricity,2000,0,LBN
Lebanon,solar_electricity,2001,0,LBN
Lebanon,solar_electricity,2002,0,LBN
Lebanon,solar_electricity,2003,0,LBN
Lebanon,solar_electricity,2004,0,LBN
Lebanon,solar_electricity,2005,0,LBN
Lebanon,solar_electricity,2006,0,LBN
Lebanon,solar_electricity,2007,0,LBN
Lebanon,solar_electricity,2008,0,LBN
Lebanon,solar_electricity,2009,0,LBN
Lebanon,solar_electricity,2010,0,LBN
Lebanon,solar_electricity,2011,0,LBN
Lebanon,solar_electricity,2012,0,LBN
Lebanon,solar_electricity,2013,0,LBN
Lebanon,solar_electricity,2014,0.01,LBN
Lebanon,solar_electricity,2015,0.02,LBN
Lebanon,solar_electricity,2016,0.04,LBN
Lebanon,solar_electricity,2017,0.06,LBN
Lebanon,solar_electricity,2018,0.09,LBN
Lebanon,solar_electricity,2019,0.12,LBN
Lebanon,solar_electricity,2020,0.14,LBN
Lebanon,solar_electricity,2021,0.31,LBN
Lebanon,solar_electricity,2022,1.26,LBN
Lebanon,solar_electricity,2023,1.4,LBN
Lesotho,solar_electricity,2000,0,LSO
Lesotho,solar_electricity,2001,0,LSO
Lesotho,solar_electricity,2002,0,LSO
Lesotho,solar_electricity,2003,0,LSO
Lesotho,solar_electricity,2004,0,LSO
Lesotho,solar_electricity,2005,0,LSO
Lesotho,solar_electricity,2006,0,LSO
Lesotho,solar_electricity,2007,0,LSO
Lesotho,solar_electricity,2008,0,LSO
Lesotho,solar_electricity,2009,0,LSO
Lesotho,solar_electricity,2010,0,LSO
Lesotho,solar_electricity,2011,0,LSO
Lesotho,solar_electricity,2012,0,LSO
Lesotho,solar_electricity,2013,0,LSO
Lesotho,solar_electricity,2014,0,LSO
Lesotho,solar_electricity,2015,0,LSO
Lesotho,solar_electricity,2016,0,LSO
Lesotho,solar_electricity,2017,0,LSO
Lesotho,solar_electricity,2018,0,LSO
Lesotho,solar_electricity,2019,0,LSO
Lesotho,solar_electricity,2020,0,LSO
Lesotho,solar_electricity,2021,0,LSO
Lesotho,solar_electricity,2022,0,LSO
Liberia,solar_electricity,2000,0,LBR
Liberia,solar_electricity,2001,0,LBR
Liberia,solar_electricity,2002,0,LBR
Liberia,solar_electricity,2003,0,LBR
Liberia,solar_electricity,2004,0,LBR
Liberia,solar_electricity,2005,0,LBR
Liberia,solar_electricity,2006,0,LBR
Liberia,solar_electricity,2007,0,LBR
Liberia,solar_electricity,2008,0,LBR
Liberia,solar_electricity,2009,0,LBR
Liberia,solar_electricity,2010,0,LBR
Liberia,solar_electricity,2011,0,LBR
Liberia,solar_electricity,2012,0,LBR
Liberia,solar_electricity,2013,0,LBR
Liberia,solar_electricity,2014,0,LBR
Liberia,solar_electricity,2015,0,LBR
Liberia,solar_electricity,2016,0,LBR
Liberia,solar_electricity,2017,0,LBR
Liberia,solar_electricity,2018,0,LBR
Liberia,solar_electricity,2019,0,LBR
Liberia,solar_electricity,2020,0,LBR
Liberia,solar_electricity,2021,0,LBR
Liberia,solar_electricity,2022,0,LBR
Liberia,solar_electricity,2023,0,LBR
Libya,solar_electricity,2000,0,LBY
Libya,solar_electricity,2001,0,LBY
Libya,solar_electricity,2002,0,LBY
Libya,solar_electricity,2003,0,LBY
Libya,solar_electricity,2004,0,LBY
Libya,solar_electricity,2005,0,LBY
Libya,solar_electricity,2006,0,LBY
Libya,solar_electricity,2007,0,LBY
Libya,solar_electricity,2008,0,LBY
Libya,solar_electricity,2009,0,LBY
Libya,solar_electricity,2010,0.01,LBY
Libya,solar_electricity,2011,0.01,LBY
Libya,solar_electricity,2012,0.01,LBY
Libya,solar_electricity,2013,0.01,LBY
Libya,solar_electricity,2014,0.01,LBY
Libya,solar_electricity,2015,0.01,LBY
Libya,solar_electricity,2016,0.01,LBY
Libya,solar_electricity,2017,0.01,LBY
Libya,solar_electricity,2018,0.01,LBY
Libya,solar_electricity,2019,0.01,LBY
Libya,solar_electricity,2020,0.01,LBY
Libya,solar_electricity,2021,0.01,LBY
Libya,solar_electricity,2022,0.01,LBY
Libya,solar_electricity,2023,0.01,LBY
Lithuania,solar_electricity,1985,0,LTU
Lithuania,solar_electricity,1986,0,LTU
Lithuania,solar_electricity,1987,0,LTU
Lithuania,solar_electricity,1988,0,LTU
Lithuania,solar_electricity,1989,0,LTU
Lithuania,solar_electricity,1990,0,LTU
Lithuania,solar_electricity,1991,0,LTU
Lithuania,solar_electricity,1992,0,LTU
Lithuania,solar_electricity,1993,0,LTU
Lithuania,solar_electricity,1994,0,LTU
Lithuania,solar_electricity,1995,0,LTU
Lithuania,solar_electricity,1996,0,LTU
Lithuania,solar_electricity,1997,0,LTU
Lithuania,solar_electricity,1998,0,LTU
Lithuania,solar_electricity,1999,0,LTU
Lithuania,solar_electricity,2000,0,LTU
Lithuania,solar_electricity,2001,0,LTU
Lithuania,solar_electricity,2002,0,LTU
Lithuania,solar_electricity,2003,0,LTU
Lithuania,solar_electricity,2004,0,LTU
Lithuania,solar_electricity,2005,0,LTU
Lithuania,solar_electricity,2006,0,LTU
Lithuania,solar_electricity,2007,0,LTU
Lithuania,solar_electricity,2008,0,LTU
Lithuania,solar_electricity,2009,0,LTU
Lithuania,solar_electricity,2010,0,LTU
Lithuania,solar_electricity,2011,0,LTU
Lithuania,solar_electricity,2012,0,LTU
Lithuania,solar_electricity,2013,0.05,LTU
Lithuania,solar_electricity,2014,0.07,LTU
Lithuania,solar_electricity,2015,0.07,LTU
Lithuania,solar_electricity,2016,0.07,LTU
Lithuania,solar_electricity,2017,0.07,LTU
Lithuania,solar_electricity,2018,0.09,LTU
Lithuania,solar_electricity,2019,0.09,LTU
Lithuania,solar_electricity,2020,0.13,LTU
Lithuania,solar_electricity,2021,0.19,LTU
Lithuania,solar_electricity,2022,0.34,LTU
Lithuania,solar_electricity,2023,0.69,LTU
Lithuania,solar_electricity,2024,1.41,LTU
Luxembourg,solar_electricity,1965,0,LUX
Luxembourg,solar_electricity,1966,0,LUX
Luxembourg,solar_electricity,1967,0,LUX
Luxembourg,solar_electricity,1968,0,LUX
Luxembourg,solar_electricity,1969,0,LUX
Luxembourg,solar_electricity,1970,0,LUX
Luxembourg,solar_electricity,1971,0,LUX
Luxembourg,solar_electricity,1972,0,LUX
Luxembourg,solar_electricity,1973,0,LUX
Luxembourg,solar_electricity,1974,0,LUX
Luxembourg,solar_electricity,1975,0,LUX
Luxembourg,solar_electricity,1976,0,LUX
Luxembourg,solar_electricity,1977,0,LUX
Luxembourg,solar_electricity,1978,0,LUX
Luxembourg,solar_electricity,1979,0,LUX
Luxembourg,solar_electricity,1980,0,LUX
Luxembourg,solar_electricity,1981,0,LUX
Luxembourg,solar_electricity,1982,0,LUX
Luxembourg,solar_electricity,1983,0,LUX
Luxembourg,solar_electricity,1984,0,LUX
Luxembourg,solar_electricity,1985,0,LUX
Luxembourg,solar_electricity,1986,0,LUX
Luxembourg,solar_electricity,1987,0,LUX
Luxembourg,solar_electricity,1988,0,LUX
Luxembourg,solar_electricity,1989,0,LUX
Luxembourg,solar_electricity,1990,0,LUX
Luxembourg,solar_electricity,1991,0,LUX
Luxembourg,solar_electricity,1992,0,LUX
Luxembourg,solar_electricity,1993,0,LUX
Luxembourg,solar_electricity,1994,0,LUX
Luxembourg,solar_electricity,1995,0,LUX
Luxembourg,solar_electricity,1996,0,LUX
Luxembourg,solar_electricity,1997,0,LUX
Luxembourg,solar_electricity,1998,0,LUX
Luxembourg,solar_electricity,1999,0,LUX
Luxembourg,solar_electricity,2000,0,LUX
Luxembourg,solar_electricity,2001,0,LUX
Luxembourg,solar_electricity,2002,0,LUX
Luxembourg,solar_electricity,2003,0,LUX
Luxembourg,solar_electricity,2004,0.01,LUX
Luxembourg,solar_electricity,2005,0.02,LUX
Luxembourg,solar_electricity,2006,0.02,LUX
Luxembourg,solar_electricity,2007,0.02,LUX
Luxembourg,solar_electricity,2008,0.02,LUX
Luxembourg,solar_electricity,2009,0.02,LUX
Luxembourg,solar_electricity,2010,0.02,LUX
Luxembourg,solar_electricity,2011,0.03,LUX
Luxembourg,solar_electricity,2012,0.04,LUX
Luxembourg,solar_electricity,2013,0.07,LUX
Luxembourg,solar_electricity,2014,0.09,LUX
Luxembourg,solar_electricity,2015,0.1,LUX
Luxembourg,solar_electricity,2016,0.1,LUX
Luxembourg,solar_electricity,2017,0.11,LUX
Luxembourg,solar_electricity,2018,0.12,LUX
Luxembourg,solar_electricity,2019,0.13,LUX
Luxembourg,solar_electricity,2020,0.16,LUX
Luxembourg,solar_electricity,2021,0.18,LUX
Luxembourg,solar_electricity,2022,0.28,LUX
Luxembourg,solar_electricity,2023,0.29,LUX
Luxembourg,solar_electricity,2024,0.35,LUX
Macao,solar_electricity,2000,0,MAC
Macao,solar_electricity,2001,0,MAC
Macao,solar_electricity,2002,0,MAC
Macao,solar_electricity,2003,0,MAC
Macao,solar_electricity,2004,0,MAC
Macao,solar_electricity,2005,0,MAC
Macao,solar_electricity,2006,0,MAC
Macao,solar_electricity,2007,0,MAC
Macao,solar_electricity,2008,0,MAC
Macao,solar_electricity,2009,0,MAC
Macao,solar_electricity,2010,0,MAC
Macao,solar_electricity,2011,0,MAC
Macao,solar_electricity,2012,0,MAC
Macao,solar_electricity,2013,0,MAC
Macao,solar_electricity,2014,0,MAC
Macao,solar_electricity,2015,0,MAC
Macao,solar_electricity,2016,0,MAC
Macao,solar_electricity,2017,0,MAC
Macao,solar_electricity,2018,0,MAC
Macao,solar_electricity,2019,0,MAC
Macao,solar_electricity,2020,0,MAC
Macao,solar_electricity,2021,0,MAC
Macao,solar_electricity,2022,0,MAC
Madagascar,solar_electricity,2000,0,MDG
Madagascar,solar_electricity,2001,0,MDG
Madagascar,solar_electricity,2002,0,MDG
Madagascar,solar_electricity,2003,0,MDG
Madagascar,solar_electricity,2004,0,MDG
Madagascar,solar_electricity,2005,0,MDG
Madagascar,solar_electricity,2006,0,MDG
Madagascar,solar_electricity,2007,0,MDG
Madagascar,solar_electricity,2008,0,MDG
Madagascar,solar_electricity,2009,0,MDG
Madagascar,solar_electricity,2010,0,MDG
Madagascar,solar_electricity,2011,0,MDG
Madagascar,solar_electricity,2012,0,MDG
Madagascar,solar_electricity,2013,0.01,MDG
Madagascar,solar_electricity,2014,0.01,MDG
Madagascar,solar_electricity,2015,0.02,MDG
Madagascar,solar_electricity,2016,0.02,MDG
Madagascar,solar_electricity,2017,0.02,MDG
Madagascar,solar_electricity,2018,0.04,MDG
Madagascar,solar_electricity,2019,0.04,MDG
Madagascar,solar_electricity,2020,0.04,MDG
Madagascar,solar_electricity,2021,0.04,MDG
Madagascar,solar_electricity,2022,0.08,MDG
Malawi,solar_electricity,2000,0,MWI
Malawi,solar_electricity,2001,0,MWI
Malawi,solar_electricity,2002,0,MWI
Malawi,solar_electricity,2003,0,MWI
Malawi,solar_electricity,2004,0,MWI
Malawi,solar_electricity,2005,0,MWI
Malawi,solar_electricity,2006,0,MWI
Malawi,solar_electricity,2007,0,MWI
Malawi,solar_electricity,2008,0,MWI
Malawi,solar_electricity,2009,0,MWI
Malawi,solar_electricity,2010,0,MWI
Malawi,solar_electricity,2011,0,MWI
Malawi,solar_electricity,2012,0.01,MWI
Malawi,solar_electricity,2013,0.01,MWI
Malawi,solar_electricity,2014,0.02,MWI
Malawi,solar_electricity,2015,0.03,MWI
Malawi,solar_electricity,2016,0.03,MWI
Malawi,solar_electricity,2017,0.04,MWI
Malawi,solar_electricity,2018,0.01,MWI
Malawi,solar_electricity,2019,0.01,MWI
Malawi,solar_electricity,2020,0.01,MWI
Malawi,solar_electricity,2021,0.01,MWI
Malawi,solar_electricity,2022,0.01,MWI
Malaysia,solar_electricity,1965,0,MYS
Malaysia,solar_electricity,1966,0,MYS
Malaysia,solar_electricity,1967,0,MYS
Malaysia,solar_electricity,1968,0,MYS
Malaysia,solar_electricity,1969,0,MYS
Malaysia,solar_electricity,1970,0,MYS
Malaysia,solar_electricity,1971,0,MYS
Malaysia,solar_electricity,1972,0,MYS
Malaysia,solar_electricity,1973,0,MYS
Malaysia,solar_electricity,1974,0,MYS
Malaysia,solar_electricity,1975,0,MYS
Malaysia,solar_electricity,1976,0,MYS
Malaysia,solar_electricity,1977,0,MYS
Malaysia,solar_electricity,1978,0,MYS
Malaysia,solar_electricity,1979,0,MYS
Malaysia,solar_electricity,1980,0,MYS
Malaysia,solar_electricity,1981,0,MYS
Malaysia,solar_electricity,1982,0,MYS
Malaysia,solar_electricity,1983,0,MYS
Malaysia,solar_electricity,1984,0,MYS
Malaysia,solar_electricity,1985,0,MYS
Malaysia,solar_electricity,1986,0,MYS
Malaysia,solar_electricity,1987,0,MYS
Malaysia,solar_electricity,1988,0,MYS
Malaysia,solar_electricity,1989,0,MYS
Malaysia,solar_electricity,1990,0,MYS
Malaysia,solar_electricity,1991,0,MYS
Malaysia,solar_electricity,1992,0,MYS
Malaysia,solar_electricity,1993,0,MYS
Malaysia,solar_electricity,1994,0,MYS
Malaysia,solar_electricity,1995,0,MYS
Malaysia,solar_electricity,1996,0,MYS
Malaysia,solar_electricity,1997,0,MYS
Malaysia,solar_electricity,1998,0,MYS
Malaysia,solar_electricity,1999,0,MYS
Malaysia,solar_electricity,2000,0,MYS
Malaysia,solar_electricity,2001,0,MYS
Malaysia,solar_electricity,2002,0,MYS
Malaysia,solar_electricity,2003,0,MYS
Malaysia,solar_electricity,2004,0,MYS
Malaysia,solar_electricity,2005,0,MYS
Malaysia,solar_electricity,2006,0,MYS
Malaysia,solar_electricity,2007,0,MYS
Malaysia,solar_electricity,2008,0,MYS
Malaysia,solar_electricity,2009,0,MYS
Malaysia,solar_electricity,2010,0,MYS
Malaysia,solar_electricity,2011,0,MYS
Malaysia,solar_electricity,2012,0.01,MYS
Malaysia,solar_electricity,2013,0.14,MYS
Malaysia,solar_electricity,2014,0.23,MYS
Malaysia,solar_electricity,2015,0.27,MYS
Malaysia,solar_electricity,2016,0.31,MYS
Malaysia,solar_electricity,2017,0.33,MYS
Malaysia,solar_electricity,2018,0.63,MYS
Malaysia,solar_electricity,2019,1.46,MYS
Malaysia,solar_electricity,2020,2.06,MYS
Malaysia,solar_electricity,2021,2.3,MYS
Malaysia,solar_electricity,2022,2.75,MYS
Malaysia,solar_electricity,2023,3.24,MYS
Malaysia,solar_electricity,2024,4.12,MYS
Maldives,solar_electricity,2000,0,MDV
Maldives,solar_electricity,2001,0,MDV
Maldives,solar_electricity,2002,0,MDV
Maldives,solar_electricity,2003,0,MDV
Maldives,solar_electricity,2004,0,MDV
Maldives,solar_electricity,2005,0,MDV
Maldives,solar_electricity,2006,0,MDV
Maldives,solar_electricity,2007,0,MDV
Maldives,solar_electricity,2008,0,MDV
Maldives,solar_electricity,2009,0,MDV
Maldives,solar_electricity,2010,0,MDV
Maldives,solar_electricity,2011,0,MDV
Maldives,solar_electricity,2012,0,MDV
Maldives,solar_electricity,2013,0,MDV
Maldives,solar_electricity,2014,0.01,MDV
Maldives,solar_electricity,2015,0.01,MDV
Maldives,solar_electricity,2016,0.01,MDV
Maldives,solar_electricity,2017,0.02,MDV
Maldives,solar_electricity,2018,0.03,MDV
Maldives,solar_electricity,2019,0.03,MDV
Maldives,solar_electricity,2020,0.04,MDV
Maldives,solar_electricity,2021,0.05,MDV
Maldives,solar_electricity,2022,0.06,MDV
Maldives,solar_electricity,2023,0.06,MDV
Mali,solar_electricity,2000,0,MLI
Mali,solar_electricity,2001,0,MLI
Mali,solar_electricity,2002,0,MLI
Mali,solar_electricity,2003,0,MLI
Mali,solar_electricity,2004,0,MLI
Mali,solar_electricity,2005,0,MLI
Mali,solar_electricity,2006,0,MLI
Mali,solar_electricity,2007,0,MLI
Mali,solar_electricity,2008,0,MLI
Mali,solar_electricity,2009,0,MLI
Mali,solar_electricity,2010,0.01,MLI
Mali,solar_electricity,2011,0.02,MLI
Mali,solar_electricity,2012,0.03,MLI
Mali,solar_electricity,2013,0.03,MLI
Mali,solar_electricity,2014,0.03,MLI
Mali,solar_electricity,2015,0.03,MLI
Mali,solar_electricity,2016,0.03,MLI
Mali,solar_electricity,2017,0.03,MLI
Mali,solar_electricity,2018,0.03,MLI
Mali,solar_electricity,2019,0.03,MLI
Mali,solar_electricity,2020,0.1,MLI
Mali,solar_electricity,2021,0.14,MLI
Mali,solar_electricity,2022,0.15,MLI
Mali,solar_electricity,2023,0.15,MLI
Malta,solar_electricity,1990,0,MLT
Malta,solar_electricity,1991,0,MLT
Malta,solar_electricity,1992,0,MLT
Malta,solar_electricity,1993,0,MLT
Malta,solar_electricity,1994,0,MLT
Malta,solar_electricity,1995,0,MLT
Malta,solar_electricity,1996,0,MLT
Malta,solar_electricity,1997,0,MLT
Malta,solar_electricity,1998,0,MLT
Malta,solar_electricity,1999,0,MLT
Malta,solar_electricity,2000,0,MLT
Malta,solar_electricity,2001,0,MLT
Malta,solar_electricity,2002,0,MLT
Malta,solar_electricity,2003,0,MLT
Malta,solar_electricity,2004,0,MLT
Malta,solar_electricity,2005,0,MLT
Malta,solar_electricity,2006,0,MLT
Malta,solar_electricity,2007,0,MLT
Malta,solar_electricity,2008,0,MLT
Malta,solar_electricity,2009,0,MLT
Malta,solar_electricity,2010,0,MLT
Malta,solar_electricity,2011,0,MLT
Malta,solar_electricity,2012,0.02,MLT
Malta,solar_electricity,2013,0.03,MLT
Malta,solar_electricity,2014,0.07,MLT
Malta,solar_electricity,2015,0.09,MLT
Malta,solar_electricity,2016,0.13,MLT
Malta,solar_electricity,2017,0.16,MLT
Malta,solar_electricity,2018,0.19,MLT
Malta,solar_electricity,2019,0.2,MLT
Malta,solar_electricity,2020,0.24,MLT
Malta,solar_electricity,2021,0.26,MLT
Malta,solar_electricity,2022,0.29,MLT
Malta,solar_electricity,2023,0.31,MLT
Malta,solar_electricity,2024,0.36,MLT
Martinique,solar_electricity,2006,0,MTQ
Martinique,solar_electricity,2007,0,MTQ
Martinique,solar_electricity,2008,0.01,MTQ
Martinique,solar_electricity,2009,0.01,MTQ
Martinique,solar_electricity,2010,0.02,MTQ
Martinique,solar_electricity,2011,0.04,MTQ
Martinique,solar_electricity,2012,0.08,MTQ
Martinique,solar_electricity,2013,0.08,MTQ
Martinique,solar_electricity,2014,0.08,MTQ
Martinique,solar_electricity,2015,0.08,MTQ
Martinique,solar_electricity,2016,0.08,MTQ
Martinique,solar_electricity,2017,0.08,MTQ
Martinique,solar_electricity,2018,0.08,MTQ
Martinique,solar_electricity,2019,0.09,MTQ
Martinique,solar_electricity,2020,0.08,MTQ
Martinique,solar_electricity,2021,0.09,MTQ
Martinique,solar_electricity,2022,0.09,MTQ
Mauritania,solar_electricity,2000,0,MRT
Mauritania,solar_electricity,2001,0,MRT
Mauritania,solar_electricity,2002,0,MRT
Mauritania,solar_electricity,2003,0,MRT
Mauritania,solar_electricity,2004,0,MRT
Mauritania,solar_electricity,2005,0,MRT
Mauritania,solar_electricity,2006,0,MRT
Mauritania,solar_electricity,2007,0,MRT
Mauritania,solar_electricity,2008,0,MRT
Mauritania,solar_electricity,2009,0,MRT
Mauritania,solar_electricity,2010,0,MRT
Mauritania,solar_electricity,2011,0,MRT
Mauritania,solar_electricity,2012,0,MRT
Mauritania,solar_electricity,2013,0.03,MRT
Mauritania,solar_electricity,2014,0.03,MRT
Mauritania,solar_electricity,2015,0.03,MRT
Mauritania,solar_electricity,2016,0.06,MRT
Mauritania,solar_electricity,2017,0.06,MRT
Mauritania,solar_electricity,2018,0.15,MRT
Mauritania,solar_electricity,2019,0.15,MRT
Mauritania,solar_electricity,2020,0.14,MRT
Mauritania,solar_electricity,2021,0.14,MRT
Mauritania,solar_electricity,2022,0.14,MRT
Mauritius,solar_electricity,2000,0,MUS
Mauritius,solar_electricity,2001,0,MUS
Mauritius,solar_electricity,2002,0,MUS
Mauritius,solar_electricity,2003,0,MUS
Mauritius,solar_electricity,2004,0,MUS
Mauritius,solar_electricity,2005,0,MUS
Mauritius,solar_electricity,2006,0,MUS
Mauritius,solar_electricity,2007,0,MUS
Mauritius,solar_electricity,2008,0,MUS
Mauritius,solar_electricity,2009,0,MUS
Mauritius,solar_electricity,2010,0,MUS
Mauritius,solar_electricity,2011,0,MUS
Mauritius,solar_electricity,2012,0,MUS
Mauritius,solar_electricity,2013,0,MUS
Mauritius,solar_electricity,2014,0.03,MUS
Mauritius,solar_electricity,2015,0.03,MUS
Mauritius,solar_electricity,2016,0.03,MUS
Mauritius,solar_electricity,2017,0.04,MUS
Mauritius,solar_electricity,2018,0.05,MUS
Mauritius,solar_electricity,2019,0.13,MUS
Mauritius,solar_electricity,2020,0.15,MUS
Mauritius,solar_electricity,2021,0.15,MUS
Mauritius,solar_electricity,2022,0.16,MUS
Mauritius,solar_electricity,2023,0.15,MUS
Mexico,solar_electricity,1965,0,MEX
Mexico,solar_electricity,1966,0,MEX
Mexico,solar_electricity,1967,0,MEX
Mexico,solar_electricity,1968,0,MEX
Mexico,solar_electricity,1969,0,MEX
Mexico,solar_electricity,1970,0,MEX
Mexico,solar_electricity,1971,0,MEX
Mexico,solar_electricity,1972,0,MEX
Mexico,solar_electricity,1973,0,MEX
Mexico,solar_electricity,1974,0,MEX
Mexico,solar_electricity,1975,0,MEX
Mexico,solar_electricity,1976,0,MEX
Mexico,solar_electricity,1977,0,MEX
Mexico,solar_electricity,1978,0,MEX
Mexico,solar_electricity,1979,0,MEX
Mexico,solar_electricity,1980,0,MEX
Mexico,solar_electricity,1981,0,MEX
Mexico,solar_electricity,1982,0,MEX
Mexico,solar_electricity,1983,0,MEX
Mexico,solar_electricity,1984,0,MEX
Mexico,solar_electricity,1985,0,MEX
Mexico,solar_electricity,1986,0,MEX
Mexico,solar_electricity,1987,0,MEX
Mexico,solar_electricity,1988,0,MEX
Mexico,solar_electricity,1989,0,MEX
Mexico,solar_electricity,1990,0.001,MEX
Mexico,solar_electricity,1991,0.002,MEX
Mexico,solar_electricity,1992,0.003,MEX
Mexico,solar_electricity,1993,0.004,MEX
Mexico,solar_electricity,1994,0.005,MEX
Mexico,solar_electricity,1995,0.005,MEX
Mexico,solar_electricity,1996,0.006,MEX
Mexico,solar_electricity,1997,0.006,MEX
Mexico,solar_electricity,1998,0.007,MEX
Mexico,solar_electricity,1999,0.007,MEX
Mexico,solar_electricity,2000,0.01,MEX
Mexico,solar_electricity,2001,0.01,MEX
Mexico,solar_electricity,2002,0.01,MEX
Mexico,solar_electricity,2003,0.01,MEX
Mexico,solar_electricity,2004,0.01,MEX
Mexico,solar_electricity,2005,0.01,MEX
Mexico,solar_electricity,2006,0.01,MEX
Mexico,solar_electricity,2007,0.01,MEX
Mexico,solar_electricity,2008,0.02,MEX
Mexico,solar_electricity,2009,0.03,MEX
Mexico,solar_electricity,2010,0.03,MEX
Mexico,solar_electricity,2011,0.04,MEX
Mexico,solar_electricity,2012,0.07,MEX
Mexico,solar_electricity,2013,0.11,MEX
Mexico,solar_electricity,2014,0.22,MEX
Mexico,solar_electricity,2015,0.2,MEX
Mexico,solar_electricity,2016,0.25,MEX
Mexico,solar_electricity,2017,1.19,MEX
Mexico,solar_electricity,2018,3.21,MEX
Mexico,solar_electricity,2019,9.96,MEX
Mexico,solar_electricity,2020,15.84,MEX
Mexico,solar_electricity,2021,20.19,MEX
Mexico,solar_electricity,2022,20.34,MEX
Mexico,solar_electricity,2023,27.14,MEX
Mexico,solar_electricity,2024,27.55,MEX
Moldova,solar_electricity,2000,0,MDA
Moldova,solar_electricity,2001,0,MDA
Moldova,solar_electricity,2002,0,MDA
Moldova,solar_electricity,2003,0,MDA
Moldova,solar_electricity,2004,0,MDA
Moldova,solar_electricity,2005,0,MDA
Moldova,solar_electricity,2006,0,MDA
Moldova,solar_electricity,2007,0,MDA
Moldova,solar_electricity,2008,0,MDA
Moldova,solar_electricity,2009,0,MDA
Moldova,solar_electricity,2010,0,MDA
Moldova,solar_electricity,2011,0,MDA
Moldova,solar_electricity,2012,0,MDA
Moldova,solar_electricity,2013,0,MDA
Moldova,solar_electricity,2014,0,MDA
Moldova,solar_electricity,2015,0,MDA
Moldova,solar_electricity,2016,0,MDA
Moldova,solar_electricity,2017,0,MDA
Moldova,solar_electricity,2018,0,MDA
Moldova,solar_electricity,2019,0,MDA
Moldova,solar_electricity,2020,0,MDA
Moldova,solar_electricity,2021,0.01,MDA
Moldova,solar_electricity,2022,0.05,MDA
Moldova,solar_electricity,2023,0.09,MDA
Moldova,solar_electricity,2024,0.15,MDA
Mongolia,solar_electricity,2000,0,MNG
Mongolia,solar_electricity,2001,0,MNG
Mongolia,solar_electricity,2002,0,MNG
Mongolia,solar_electricity,2003,0,MNG
Mongolia,solar_electricity,2004,0,MNG
Mongolia,solar_electricity,2005,0,MNG
Mongolia,solar_electricity,2006,0,MNG
Mongolia,solar_electricity,2007,0,MNG
Mongolia,solar_electricity,2008,0.01,MNG
Mongolia,solar_electricity,2009,0.01,MNG
Mongolia,solar_electricity,2010,0.01,MNG
Mongolia,solar_electricity,2011,0.01,MNG
Mongolia,solar_electricity,2012,0.01,MNG
Mongolia,solar_electricity,2013,0.01,MNG
Mongolia,solar_electricity,2014,0.01,MNG
Mongolia,solar_electricity,2015,0.01,MNG
Mongolia,solar_electricity,2016,0.01,MNG
Mongolia,solar_electricity,2017,0.03,MNG
Mongolia,solar_electricity,2018,0.06,MNG
Mongolia,solar_electricity,2019,0.12,MNG
Mongolia,solar_electricity,2020,0.12,MNG
Mongolia,solar_electricity,2021,0.17,MNG
Mongolia,solar_electricity,2022,0.19,MNG
Mongolia,solar_electricity,2023,0.19,MNG
Mongolia,solar_electricity,2024,0.19,MNG
Montenegro,solar_electricity,2005,0,MNE
Montenegro,solar_electricity,2006,0,MNE
Montenegro,solar_electricity,2007,0,MNE
Montenegro,solar_electricity,2008,0,MNE
Montenegro,solar_electricity,2009,0,MNE
Montenegro,solar_electricity,2010,0,MNE
Montenegro,solar_electricity,2011,0,MNE
Montenegro,solar_electricity,2012,0,MNE
Montenegro,solar_electricity,2013,0,MNE
Montenegro,solar_electricity,2014,0,MNE
Montenegro,solar_electricity,2015,0,MNE
Montenegro,solar_electricity,2016,0,MNE
Montenegro,solar_electricity,2017,0,MNE
Montenegro,solar_electricity,2018,0,MNE
Montenegro,solar_electricity,2019,0,MNE
Montenegro,solar_electricity,2020,0,MNE
Montenegro,solar_electricity,2021,0,MNE
Montenegro,solar_electricity,2022,0,MNE
Montenegro,solar_electricity,2023,0.02,MNE
Montenegro,solar_electricity,2024,0.08,MNE
Montserrat,solar_electricity,2000,0,MSR
Montserrat,solar_electricity,2001,0,MSR
Montserrat,solar_electricity,2002,0,MSR
Montserrat,solar_electricity,2003,0,MSR
Montserrat,solar_electricity,2004,0,MSR
Montserrat,solar_electricity,2005,0,MSR
Montserrat,solar_electricity,2006,0,MSR
Montserrat,solar_electricity,2007,0,MSR
Montserrat,solar_electricity,2008,0,MSR
Montserrat,solar_electricity,2009,0,MSR
Montserrat,solar_electricity,2010,0,MSR
Montserrat,solar_electricity,2011,0,MSR
Montserrat,solar_electricity,2012,0,MSR
Montserrat,solar_electricity,2013,0,MSR
Montserrat,solar_electricity,2014,0,MSR
Montserrat,solar_electricity,2015,0,MSR
Montserrat,solar_electricity,2016,0,MSR
Montserrat,solar_electricity,2017,0,MSR
Montserrat,solar_electricity,2018,0,MSR
Montserrat,solar_electricity,2019,0,MSR
Montserrat,solar_electricity,2020,0,MSR
Montserrat,solar_electricity,2021,0,MSR
Montserrat,solar_electricity,2022,0,MSR
Morocco,solar_electricity,1965,0,MAR
Morocco,solar_electricity,1966,0,MAR
Morocco,solar_electricity,1967,0,MAR
Morocco,solar_electricity,1968,0,MAR
Morocco,solar_electricity,1969,0,MAR
Morocco,solar_electricity,1970,0,MAR
Morocco,solar_electricity,1971,0,MAR
Morocco,solar_electricity,1972,0,MAR
Morocco,solar_electricity,1973,0,MAR
Morocco,solar_electricity,1974,0,MAR
Morocco,solar_electricity,1975,0,MAR
Morocco,solar_electricity,1976,0,MAR
Morocco,solar_electricity,1977,0,MAR
Morocco,solar_electricity,1978,0,MAR
Morocco,solar_electricity,1979,0,MAR
Morocco,solar_electricity,1980,0,MAR
Morocco,solar_electricity,1981,0,MAR
Morocco,solar_electricity,1982,0,MAR
Morocco,solar_electricity,1983,0,MAR
Morocco,solar_electricity,1984,0,MAR
Morocco,solar_electricity,1985,0,MAR
Morocco,solar_electricity,1986,0,MAR
Morocco,solar_electricity,1987,0,MAR
Morocco,solar_electricity,1988,0,MAR
Morocco,solar_electricity,1989,0,MAR
Morocco,solar_electricity,1990,0,MAR
Morocco,solar_electricity,1991,0,MAR
Morocco,solar_electricity,1992,0,MAR
Morocco,solar_electricity,1993,0,MAR
Morocco,solar_electricity,1994,0,MAR
Morocco,solar_electricity,1995,0,MAR
Morocco,solar_electricity,1996,0,MAR
Morocco,solar_electricity,1997,0,MAR
Morocco,solar_electricity,1998,0,MAR
Morocco,solar_electricity,1999,0,MAR
Morocco,solar_electricity,2000,0,MAR
Morocco,solar_electricity,2001,0,MAR
Morocco,solar_electricity,2002,0,MAR
Morocco,solar_electricity,2003,0,MAR
Morocco,solar_electricity,2004,0,MAR
Morocco,solar_electricity,2005,0,MAR
Morocco,solar_electricity,2006,0,MAR
Morocco,solar_electricity,2007,0,MAR
Morocco,solar_electricity,2008,0,MAR
Morocco,solar_electricity,2009,0,MAR
Morocco,solar_electricity,2010,0,MAR
Morocco,solar_electricity,2011,0,MAR
Morocco,solar_electricity,2012,0,MAR
Morocco,solar_electricity,2013,0,MAR
Morocco,solar_electricity,2014,0,MAR
Morocco,solar_electricity,2015,0,MAR
Morocco,solar_electricity,2016,0.4,MAR
Morocco,solar_electricity,2017,0.41,MAR
Morocco,solar_electricity,2018,0.95,MAR
Morocco,solar_electricity,2019,1.58,MAR
Morocco,solar_electricity,2020,1.52,MAR
Morocco,solar_electricity,2021,1.82,MAR
Morocco,solar_electricity,2022,1.45,MAR
Morocco,solar_electricity,2023,2.11,MAR
Morocco,solar_electricity,2024,1.59,MAR
Mozambique,solar_electricity,2000,0,MOZ
Mozambique,solar_electricity,2001,0,MOZ
Mozambique,solar_electricity,2002,0,MOZ
Mozambique,solar_electricity,2003,0,MOZ
Mozambique,solar_electricity,2004,0,MOZ
Mozambique,solar_electricity,2005,0,MOZ
Mozambique,solar_electricity,2006,0,MOZ
Mozambique,solar_electricity,2007,0,MOZ
Mozambique,solar_electricity,2008,0,MOZ
Mozambique,solar_electricity,2009,0,MOZ
Mozambique,solar_electricity,2010,0,MOZ
Mozambique,solar_electricity,2011,0,MOZ
Mozambique,solar_electricity,2012,0,MOZ
Mozambique,solar_electricity,2013,0,MOZ
Mozambique,solar_electricity,2014,0,MOZ
Mozambique,solar_electricity,2015,0,MOZ
Mozambique,solar_electricity,2016,0,MOZ
Mozambique,solar_electricity,2017,0,MOZ
Mozambique,solar_electricity,2018,0,MOZ
Mozambique,solar_electricity,2019,0.03,MOZ
Mozambique,solar_electricity,2020,0.07,MOZ
Mozambique,solar_electricity,2021,0.07,MOZ
Mozambique,solar_electricity,2022,0.07,MOZ
Mozambique,solar_electricity,2023,0.07,MOZ
Myanmar,solar_electricity,2000,0,MMR
Myanmar,solar_electricity,2001,0,MMR
Myanmar,solar_electricity,2002,0,MMR
Myanmar,solar_electricity,2003,0,MMR
Myanmar,solar_electricity,2004,0,MMR
Myanmar,solar_electricity,2005,0,MMR
Myanmar,solar_electricity,2006,0,MMR
Myanmar,solar_electricity,2007,0,MMR
Myanmar,solar_electricity,2008,0,MMR
Myanmar,solar_electricity,2009,0,MMR
Myanmar,solar_electricity,2010,0,MMR
Myanmar,solar_electricity,2011,0,MMR
Myanmar,solar_electricity,2012,0,MMR
Myanmar,solar_electricity,2013,0.01,MMR
Myanmar,solar_electricity,2014,0.01,MMR
Myanmar,solar_electricity,2015,0.03,MMR
Myanmar,solar_electricity,2016,0.05,MMR
Myanmar,solar_electricity,2017,0.06,MMR
Myanmar,solar_electricity,2018,0.07,MMR
Myanmar,solar_electricity,2019,0.09,MMR
Myanmar,solar_electricity,2020,0.08,MMR
Myanmar,solar_electricity,2021,0.09,MMR
Myanmar,solar_electricity,2022,0.16,MMR
Myanmar,solar_electricity,2023,0.11,MMR
Myanmar,solar_electricity,2024,0.13,MMR
Namibia,solar_electricity,2000,0,NAM
Namibia,solar_electricity,2001,0,NAM
Namibia,solar_electricity,2002,0,NAM
Namibia,solar_electricity,2003,0,NAM
Namibia,solar_electricity,2004,0,NAM
Namibia,solar_electricity,2005,0,NAM
Namibia,solar_electricity,2006,0,NAM
Namibia,solar_electricity,2007,0,NAM
Namibia,solar_electricity,2008,0,NAM
Namibia,solar_electricity,2009,0.01,NAM
Namibia,solar_electricity,2010,0.01,NAM
Namibia,solar_electricity,2011,0.01,NAM
Namibia,solar_electricity,2012,0.01,NAM
Namibia,solar_electricity,2013,0.02,NAM
Namibia,solar_electricity,2014,0.03,NAM
Namibia,solar_electricity,2015,0.04,NAM
Namibia,solar_electricity,2016,0.06,NAM
Namibia,solar_electricity,2017,0.11,NAM
Namibia,solar_electricity,2018,0.23,NAM
Namibia,solar_electricity,2019,0.36,NAM
Namibia,solar_electricity,2020,0.41,NAM
Namibia,solar_electricity,2021,0.48,NAM
Namibia,solar_electricity,2022,0.5,NAM
Namibia,solar_electricity,2023,0.51,NAM
Nauru,solar_electricity,2000,0,NRU
Nauru,solar_electricity,2001,0,NRU
Nauru,solar_electricity,2002,0,NRU
Nauru,solar_electricity,2003,0,NRU
Nauru,solar_electricity,2004,0,NRU
Nauru,solar_electricity,2005,0,NRU
Nauru,solar_electricity,2006,0,NRU
Nauru,solar_electricity,2007,0,NRU
Nauru,solar_electricity,2008,0,NRU
Nauru,solar_electricity,2009,0,NRU
Nauru,solar_electricity,2010,0,NRU
Nauru,solar_electricity,2011,0,NRU
Nauru,solar_electricity,2012,0,NRU
Nauru,solar_electricity,2013,0,NRU
Nauru,solar_electricity,2014,0,NRU
Nauru,solar_electricity,2015,0,NRU
Nauru,solar_electricity,2016,0,NRU
Nauru,solar_electricity,2017,0,NRU
Nauru,solar_electricity,2018,0,NRU
Nauru,solar_electricity,2019,0,NRU
Nauru,solar_electricity,2020,0,NRU
Nauru,solar_electricity,2021,0,NRU
Nauru,solar_electricity,2022,0,NRU
Nauru,solar_electricity,2023,0,NRU
Nepal,solar_electricity,2000,0,NPL
Nepal,solar_electricity,2001,0,NPL
Nepal,solar_electricity,2002,0,NPL
Nepal,solar_electricity,2003,0,NPL
Nepal,solar_electricity,2004,0,NPL
Nepal,solar_electricity,2005,0,NPL
Nepal,solar_electricity,2006,0,NPL
Nepal,solar_electricity,2007,0,NPL
Nepal,solar_electricity,2008,0,NPL
Nepal,solar_electricity,2009,0,NPL
Nepal,solar_electricity,2010,0.01,NPL
Nepal,solar_electricity,2011,0.01,NPL
Nepal,solar_electricity,2012,0.01,NPL
Nepal,solar_electricity,2013,0.02,NPL
Nepal,solar_electricity,2014,0.02,NPL
Nepal,solar_electricity,2015,0.02,NPL
Nepal,solar_electricity,2016,0.02,NPL
Nepal,solar_electricity,2017,0.08,NPL
Nepal,solar_electricity,2018,0.08,NPL
Nepal,solar_electricity,2019,0.08,NPL
Nepal,solar_electricity,2020,0.08,NPL
Nepal,solar_electricity,2021,0.09,NPL
Nepal,solar_electricity,2022,0.1,NPL
Netherlands,solar_electricity,1965,0,NLD
Netherlands,solar_electricity,1966,0,NLD
Netherlands,solar_electricity,1967,0,NLD
Netherlands,solar_electricity,1968,0,NLD
Netherlands,solar_electricity,1969,0,NLD
Netherlands,solar_electricity,1970,0,NLD
Netherlands,solar_electricity,1971,0,NLD
Netherlands,solar_electricity,1972,0,NLD
Netherlands,solar_electricity,1973,0,NLD
Netherlands,solar_electricity,1974,0,NLD
Netherlands,solar_electricity,1975,0,NLD
Netherlands,solar_electricity,1976,0,NLD
Netherlands,solar_electricity,1977,0,NLD
Netherlands,solar_electricity,1978,0,NLD
Netherlands,solar_electricity,1979,0,NLD
Netherlands,solar_electricity,1980,0,NLD
Netherlands,solar_electricity,1981,0,NLD
Netherlands,solar_electricity,1982,0,NLD
Netherlands,solar_electricity,1983,0,NLD
Netherlands,solar_electricity,1984,0,NLD
Netherlands,solar_electricity,1985,0,NLD
Netherlands,solar_electricity,1986,0,NLD
Netherlands,solar_electricity,1987,0,NLD
Netherlands,solar_electricity,1988,0,NLD
Netherlands,solar_electricity,1989,0,NLD
Netherlands,solar_electricity,1990,0,NLD
Netherlands,solar_electricity,1991,0,NLD
Netherlands,solar_electricity,1992,0,NLD
Netherlands,solar_electricity,1993,0,NLD
Netherlands,solar_electricity,1994,0,NLD
Netherlands,solar_electricity,1995,0,NLD
Netherlands,solar_electricity,1996,0,NLD
Netherlands,solar_electricity,1997,0,NLD
Netherlands,solar_electricity,1998,0,NLD
Netherlands,solar_electricity,1999,0.01,NLD
Netherlands,solar_electricity,2000,0.01,NLD
Netherlands,solar_electricity,2001,0.01,NLD
Netherlands,solar_electricity,2002,0.02,NLD
Netherlands,solar_electricity,2003,0.03,NLD
Netherlands,solar_electricity,2004,0.03,NLD
Netherlands,solar_electricity,2005,0.04,NLD
Netherlands,solar_electricity,2006,0.04,NLD
Netherlands,solar_electricity,2007,0.04,NLD
Netherlands,solar_electricity,2008,0.04,NLD
Netherlands,solar_electricity,2009,0.04,NLD
Netherlands,solar_electricity,2010,0.06,NLD
Netherlands,solar_electricity,2011,0.1,NLD
Netherlands,solar_electricity,2012,0.19,NLD
Netherlands,solar_electricity,2013,0.41,NLD
Netherlands,solar_electricity,2014,0.73,NLD
Netherlands,solar_electricity,2015,1.11,NLD
Netherlands,solar_electricity,2016,1.6,NLD
Netherlands,solar_electricity,2017,2.2,NLD
Netherlands,solar_electricity,2018,3.71,NLD
Netherlands,solar_electricity,2019,5.4,NLD
Netherlands,solar_electricity,2020,8.57,NLD
Netherlands,solar_electricity,2021,11.3,NLD
Netherlands,solar_electricity,2022,16.66,NLD
Netherlands,solar_electricity,2023,19.58,NLD
Netherlands,solar_electricity,2024,21.65,NLD
New Caledonia,solar_electricity,2000,0,NCL
New Caledonia,solar_electricity,2001,0,NCL
New Caledonia,solar_electricity,2002,0,NCL
New Caledonia,solar_electricity,2003,0,NCL
New Caledonia,solar_electricity,2004,0,NCL
New Caledonia,solar_electricity,2005,0,NCL
New Caledonia,solar_electricity,2006,0,NCL
New Caledonia,solar_electricity,2007,0,NCL
New Caledonia,solar_electricity,2008,0,NCL
New Caledonia,solar_electricity,2009,0,NCL
New Caledonia,solar_electricity,2010,0,NCL
New Caledonia,solar_electricity,2011,0,NCL
New Caledonia,solar_electricity,2012,0,NCL
New Caledonia,solar_electricity,2013,0,NCL
New Caledonia,solar_electricity,2014,0,NCL
New Caledonia,solar_electricity,2015,0.01,NCL
New Caledonia,solar_electricity,2016,0.01,NCL
New Caledonia,solar_electricity,2017,0.03,NCL
New Caledonia,solar_electricity,2018,0.05,NCL
New Caledonia,solar_electricity,2019,0.12,NCL
New Caledonia,solar_electricity,2020,0.15,NCL
New Caledonia,solar_electricity,2021,0.18,NCL
New Caledonia,solar_electricity,2022,0.23,NCL
New Zealand,solar_electricity,1965,0,NZL
New Zealand,solar_electricity,1966,0,NZL
New Zealand,solar_electricity,1967,0,NZL
New Zealand,solar_electricity,1968,0,NZL
New Zealand,solar_electricity,1969,0,NZL
New Zealand,solar_electricity,1970,0,NZL
New Zealand,solar_electricity,1971,0,NZL
New Zealand,solar_electricity,1972,0,NZL
New Zealand,solar_electricity,1973,0,NZL
New Zealand,solar_electricity,1974,0,NZL
New Zealand,solar_electricity,1975,0,NZL
New Zealand,solar_electricity,1976,0,NZL
New Zealand,solar_electricity,1977,0,NZL
New Zealand,solar_electricity,1978,0,NZL
New Zealand,solar_electricity,1979,0,NZL
New Zealand,solar_electricity,1980,0,NZL
New Zealand,solar_electricity,1981,0,NZL
New Zealand,solar_electricity,1982,0,NZL
New Zealand,solar_electricity,1983,0,NZL
New Zealand,solar_electricity,1984,0,NZL
New Zealand,solar_electricity,1985,0,NZL
New Zealand,solar_electricity,1986,0,NZL
New Zealand,solar_electricity,1987,0,NZL
New Zealand,solar_electricity,1988,0,NZL
New Zealand,solar_electricity,1989,0,NZL
New Zealand,solar_electricity,1990,0,NZL
New Zealand,solar_electricity,1991,0,NZL
New Zealand,solar_electricity,1992,0,NZL
New Zealand,solar_electricity,1993,0,NZL
New Zealand,solar_electricity,1994,0,NZL
New Zealand,solar_electricity,1995,0,NZL
New Zealand,solar_electricity,1996,0,NZL
New Zealand,solar_electricity,1997,0,NZL
New Zealand,solar_electricity,1998,0,NZL
New Zealand,solar_electricity,1999,0,NZL
New Zealand,solar_electricity,2000,0,NZL
New Zealand,solar_electricity,2001,0,NZL
New Zealand,solar_electricity,2002,0,NZL
New Zealand,solar_electricity,2003,0,NZL
New Zealand,solar_electricity,2004,0,NZL
New Zealand,solar_electricity,2005,0,NZL
New Zealand,solar_electricity,2006,0,NZL
New Zealand,solar_electricity,2007,0,NZL
New Zealand,solar_electricity,2008,0,NZL
New Zealand,solar_electricity,2009,0,NZL
New Zealand,solar_electricity,2010,0,NZL
New Zealand,solar_electricity,2011,0,NZL
New Zealand,solar_electricity,2012,0,NZL
New Zealand,solar_electricity,2013,0.01,NZL
New Zealand,solar_electricity,2014,0.02,NZL
New Zealand,solar_electricity,2015,0.04,NZL
New Zealand,solar_electricity,2016,0.06,NZL
New Zealand,solar_electricity,2017,0.08,NZL
New Zealand,solar_electricity,2018,0.1,NZL
New Zealand,solar_electricity,2019,0.13,NZL
New Zealand,solar_electricity,2020,0.16,NZL
New Zealand,solar_electricity,2021,0.21,NZL
New Zealand,solar_electricity,2022,0.28,NZL
New Zealand,solar_electricity,2023,0.37,NZL
New Zealand,solar_electricity,2024,0.37,NZL
Nicaragua,solar_electricity,2000,0,NIC
Nicaragua,solar_electricity,2001,0,NIC
Nicaragua,solar_electricity,2002,0,NIC
Nicaragua,solar_electricity,2003,0,NIC
Nicaragua,solar_electricity,2004,0,NIC
Nicaragua,solar_electricity,2005,0,NIC
Nicaragua,solar_electricity,2006,0,NIC
Nicaragua,solar_electricity,2007,0,NIC
Nicaragua,solar_electricity,2008,0,NIC
Nicaragua,solar_electricity,2009,0,NIC
Nicaragua,solar_electricity,2010,0,NIC
Nicaragua,solar_electricity,2011,0,NIC
Nicaragua,solar_electricity,2012,0,NIC
Nicaragua,solar_electricity,2013,0,NIC
Nicaragua,solar_electricity,2014,0,NIC
Nicaragua,solar_electricity,2015,0,NIC
Nicaragua,solar_electricity,2016,0,NIC
Nicaragua,solar_electricity,2017,0.01,NIC
Nicaragua,solar_electricity,2018,0.02,NIC
Nicaragua,solar_electricity,2019,0.03,NIC
Nicaragua,solar_electricity,2020,0.03,NIC
Nicaragua,solar_electricity,2021,0.03,NIC
Nicaragua,solar_electricity,2022,0.03,NIC
Nicaragua,solar_electricity,2023,0.03,NIC
Niger,solar_electricity,2000,0,NER
Niger,solar_electricity,2001,0,NER
Niger,solar_electricity,2002,0,NER
Niger,solar_electricity,2003,0,NER
Niger,solar_electricity,2004,0,NER
Niger,solar_electricity,2005,0,NER
Niger,solar_electricity,2006,0,NER
Niger,solar_electricity,2007,0,NER
Niger,solar_electricity,2008,0,NER
Niger,solar_electricity,2009,0,NER
Niger,solar_electricity,2010,0,NER
Niger,solar_electricity,2011,0,NER
Niger,solar_electricity,2012,0,NER
Niger,solar_electricity,2013,0,NER
Niger,solar_electricity,2014,0.01,NER
Niger,solar_electricity,2015,0.01,NER
Niger,solar_electricity,2016,0.01,NER
Niger,solar_electricity,2017,0.01,NER
Niger,solar_electricity,2018,0.01,NER
Niger,solar_electricity,2019,0.02,NER
Niger,solar_electricity,2020,0.02,NER
Niger,solar_electricity,2021,0.02,NER
Niger,solar_electricity,2022,0.02,NER
Niger,solar_electricity,2023,0.02,NER
Nigeria,solar_electricity,2000,0,NGA
Nigeria,solar_electricity,2001,0,NGA
Nigeria,solar_electricity,2002,0,NGA
Nigeria,solar_electricity,2003,0,NGA
Nigeria,solar_electricity,2004,0,NGA
Nigeria,solar_electricity,2005,0,NGA
Nigeria,solar_electricity,2006,0,NGA
Nigeria,solar_electricity,2007,0,NGA
Nigeria,solar_electricity,2008,0,NGA
Nigeria,solar_electricity,2009,0,NGA
Nigeria,solar_electricity,2010,0,NGA
Nigeria,solar_electricity,2011,0,NGA
Nigeria,solar_electricity,2012,0.02,NGA
Nigeria,solar_electricity,2013,0.02,NGA
Nigeria,solar_electricity,2014,0.02,NGA
Nigeria,solar_electricity,2015,0.03,NGA
Nigeria,solar_electricity,2016,0.03,NGA
Nigeria,solar_electricity,2017,0.03,NGA
Nigeria,solar_electricity,2018,0.04,NGA
Nigeria,solar_electricity,2019,0.05,NGA
Nigeria,solar_electricity,2020,0.08,NGA
Nigeria,solar_electricity,2021,0.1,NGA
Nigeria,solar_electricity,2022,0.1,NGA
Nigeria,solar_electricity,2023,0.1,NGA
Nigeria,solar_electricity,2024,0.1,NGA
Niue,solar_electricity,2000,0,NIU
Niue,solar_electricity,2001,0,NIU
Niue,solar_electricity,2002,0,NIU
Niue,solar_electricity,2003,0,NIU
Niue,solar_electricity,2004,0,NIU
Niue,solar_electricity,2005,0,NIU
Niue,solar_electricity,2006,0,NIU
Niue,solar_electricity,2007,0,NIU
Niue,solar_electricity,2008,0,NIU
Niue,solar_electricity,2009,0,NIU
Niue,solar_electricity,2010,0,NIU
Niue,solar_electricity,2011,0,NIU
Niue,solar_electricity,2012,0,NIU
Niue,solar_electricity,2013,0,NIU
Niue,solar_electricity,2014,0,NIU
Niue,solar_electricity,2015,0,NIU
Niue,solar_electricity,2016,0,NIU
Niue,solar_electricity,2017,0,NIU
Niue,solar_electricity,2018,0,NIU
Niue,solar_electricity,2019,0,NIU
Niue,solar_electricity,2020,0,NIU
Niue,solar_electricity,2021,0,NIU
Niue,solar_electricity,2022,0,NIU
North Korea,solar_electricity,2000,0,PRK
North Korea,solar_electricity,2001,0,PRK
North Korea,solar_electricity,2002,0,PRK
North Korea,solar_electricity,2003,0,PRK
North Korea,solar_electricity,2004,0,PRK
North Korea,solar_electricity,2005,0,PRK
North Korea,solar_electricity,2006,0,PRK
North Korea,solar_electricity,2007,0,PRK
North Korea,solar_electricity,2008,0,PRK
North Korea,solar_electricity,2009,0,PRK
North Korea,solar_electricity,2010,0,PRK
North Korea,solar_electricity,2011,0,PRK
North Korea,solar_electricity,2012,0,PRK
North Korea,solar_electricity,2013,0.01,PRK
North Korea,solar_electricity,2014,0.01,PRK
North Korea,solar_electricity,2015,0.03,PRK
North Korea,solar_electricity,2016,0.04,PRK
North Korea,solar_electricity,2017,0.05,PRK
North Korea,solar_electricity,2018,0.06,PRK
North Korea,solar_electricity,2019,0.08,PRK
North Korea,solar_electricity,2020,0.1,PRK
North Korea,solar_electricity,2021,0.13,PRK
North Korea,solar_electricity,2022,0.15,PRK
North Macedonia,solar_electricity,1990,0,MKD
North Macedonia,solar_electricity,1991,0,MKD
North Macedonia,solar_electricity,1992,0,MKD
North Macedonia,solar_electricity,1993,0,MKD
North Macedonia,solar_electricity,1994,0,MKD
North Macedonia,solar_electricity,1995,0,MKD
North Macedonia,solar_electricity,1996,0,MKD
North Macedonia,solar_electricity,1997,0,MKD
North Macedonia,solar_electricity,1998,0,MKD
North Macedonia,solar_electricity,1999,0,MKD
North Macedonia,solar_electricity,2000,0,MKD
North Macedonia,solar_electricity,2001,0,MKD
North Macedonia,solar_electricity,2002,0,MKD
North Macedonia,solar_electricity,2003,0,MKD
North Macedonia,solar_electricity,2004,0,MKD
North Macedonia,solar_electricity,2005,0,MKD
North Macedonia,solar_electricity,2006,0,MKD
North Macedonia,solar_electricity,2007,0,MKD
North Macedonia,solar_electricity,2008,0,MKD
North Macedonia,solar_electricity,2009,0,MKD
North Macedonia,solar_electricity,2010,0,MKD
North Macedonia,solar_electricity,2011,0,MKD
North Macedonia,solar_electricity,2012,0,MKD
North Macedonia,solar_electricity,2013,0.01,MKD
North Macedonia,solar_electricity,2014,0.01,MKD
North Macedonia,solar_electricity,2015,0.02,MKD
North Macedonia,solar_electricity,2016,0.02,MKD
North Macedonia,solar_electricity,2017,0.02,MKD
North Macedonia,solar_electricity,2018,0.02,MKD
North Macedonia,solar_electricity,2019,0.02,MKD
North Macedonia,solar_electricity,2020,0.02,MKD
North Macedonia,solar_electricity,2021,0.05,MKD
North Macedonia,solar_electricity,2022,0.1,MKD
North Macedonia,solar_electricity,2023,0.36,MKD
North Macedonia,solar_electricity,2024,0.32,MKD
Norway,solar_electricity,1965,0,NOR
Norway,solar_electricity,1966,0,NOR
Norway,solar_electricity,1967,0,NOR
Norway,solar_electricity,1968,0,NOR
Norway,solar_electricity,1969,0,NOR
Norway,solar_electricity,1970,0,NOR
Norway,solar_electricity,1971,0,NOR
Norway,solar_electricity,1972,0,NOR
Norway,solar_electricity,1973,0,NOR
Norway,solar_electricity,1974,0,NOR
Norway,solar_electricity,1975,0,NOR
Norway,solar_electricity,1976,0,NOR
Norway,solar_electricity,1977,0,NOR
Norway,solar_electricity,1978,0,NOR
Norway,solar_electricity,1979,0,NOR
Norway,solar_electricity,1980,0,NOR
Norway,solar_electricity,1981,0,NOR
Norway,solar_electricity,1982,0,NOR
Norway,solar_electricity,1983,0,NOR
Norway,solar_electricity,1984,0,NOR
Norway,solar_electricity,1985,0,NOR
Norway,solar_electricity,1986,0,NOR
Norway,solar_electricity,1987,0,NOR
Norway,solar_electricity,1988,0,NOR
Norway,solar_electricity,1989,0,NOR
Norway,solar_electricity,1990,0,NOR
Norway,solar_electricity,1991,0,NOR
Norway,solar_electricity,1992,0,NOR
Norway,solar_electricity,1993,0,NOR
Norway,solar_electricity,1994,0,NOR
Norway,solar_electricity,1995,0,NOR
Norway,solar_electricity,1996,0,NOR
Norway,solar_electricity,1997,0,NOR
Norway,solar_electricity,1998,0,NOR
Norway,solar_electricity,1999,0,NOR
Norway,solar_electricity,2000,0,NOR
Norway,solar_electricity,2001,0,NOR
Norway,solar_electricity,2002,0,NOR
Norway,solar_electricity,2003,0,NOR
Norway,solar_electricity,2004,0,NOR
Norway,solar_electricity,2005,0,NOR
Norway,solar_electricity,2006,0,NOR
Norway,solar_electricity,2007,0,NOR
Norway,solar_electricity,2008,0,NOR
Norway,solar_electricity,2009,0,NOR
Norway,solar_electricity,2010,0,NOR
Norway,solar_electricity,2011,0,NOR
Norway,solar_electricity,2012,0,NOR
Norway,solar_electricity,2013,0,NOR
Norway,solar_electricity,2014,0,NOR
Norway,solar_electricity,2015,0,NOR
Norway,solar_electricity,2016,0,NOR
Norway,solar_electricity,2017,0,NOR
Norway,solar_electricity,2018,0,NOR
Norway,solar_electricity,2019,0.01,NOR
Norway,solar_electricity,2020,0.08,NOR
Norway,solar_electricity,2021,0.11,NOR
Norway,solar_electricity,2022,0.17,NOR
Norway,solar_electricity,2023,0.36,NOR
Norway,solar_electricity,2024,0.36,NOR
Oman,solar_electricity,1965,0,OMN
Oman,solar_electricity,1966,0,OMN
Oman,solar_electricity,1967,0,OMN
Oman,solar_electricity,1968,0,OMN
Oman,solar_electricity,1969,0,OMN
Oman,solar_electricity,1970,0,OMN
Oman,solar_electricity,1971,0,OMN
Oman,solar_electricity,1972,0,OMN
Oman,solar_electricity,1973,0,OMN
Oman,solar_electricity,1974,0,OMN
Oman,solar_electricity,1975,0,OMN
Oman,solar_electricity,1976,0,OMN
Oman,solar_electricity,1977,0,OMN
Oman,solar_electricity,1978,0,OMN
Oman,solar_electricity,1979,0,OMN
Oman,solar_electricity,1980,0,OMN
Oman,solar_electricity,1981,0,OMN
Oman,solar_electricity,1982,0,OMN
Oman,solar_electricity,1983,0,OMN
Oman,solar_electricity,1984,0,OMN
Oman,solar_electricity,1985,0,OMN
Oman,solar_electricity,1986,0,OMN
Oman,solar_electricity,1987,0,OMN
Oman,solar_electricity,1988,0,OMN
Oman,solar_electricity,1989,0,OMN
Oman,solar_electricity,1990,0,OMN
Oman,solar_electricity,1991,0,OMN
Oman,solar_electricity,1992,0,OMN
Oman,solar_electricity,1993,0,OMN
Oman,solar_electricity,1994,0,OMN
Oman,solar_electricity,1995,0,OMN
Oman,solar_electricity,1996,0,OMN
Oman,solar_electricity,1997,0,OMN
Oman,solar_electricity,1998,0,OMN
Oman,solar_electricity,1999,0,OMN
Oman,solar_electricity,2000,0,OMN
Oman,solar_electricity,2001,0,OMN
Oman,solar_electricity,2002,0,OMN
Oman,solar_electricity,2003,0,OMN
Oman,solar_electricity,2004,0,OMN
Oman,solar_electricity,2005,0,OMN
Oman,solar_electricity,2006,0,OMN
Oman,solar_electricity,2007,0,OMN
Oman,solar_electricity,2008,0,OMN
Oman,solar_electricity,2009,0,OMN
Oman,solar_electricity,2010,0,OMN
Oman,solar_electricity,2011,0,OMN
Oman,solar_electricity,2012,0,OMN
Oman,solar_electricity,2013,0,OMN
Oman,solar_electricity,2014,0,OMN
Oman,solar_electricity,2015,0,OMN
Oman,solar_electricity,2016,0,OMN
Oman,solar_electricity,2017,0.02,OMN
Oman,solar_electricity,2018,0.05,OMN
Oman,solar_electricity,2019,0.05,OMN
Oman,solar_electricity,2020,0.21,OMN
Oman,solar_electricity,2021,0.68,OMN
Oman,solar_electricity,2022,1.55,OMN
Oman,solar_electricity,2023,1.7,OMN
Oman,solar_electricity,2024,1.7,OMN
Pakistan,solar_electricity,1965,0,PAK
Pakistan,solar_electricity,1966,0,PAK
Pakistan,solar_electricity,1967,0,PAK
Pakistan,solar_electricity,1968,0,PAK
Pakistan,solar_electricity,1969,0,PAK
Pakistan,solar_electricity,1970,0,PAK
Pakistan,solar_electricity,1971,0,PAK
Pakistan,solar_electricity,1972,0,PAK
Pakistan,solar_electricity,1973,0,PAK
Pakistan,solar_electricity,1974,0,PAK
Pakistan,solar_electricity,1975,0,PAK
Pakistan,solar_electricity,1976,0,PAK
Pakistan,solar_electricity,1977,0,PAK
Pakistan,solar_electricity,1978,0,PAK
Pakistan,solar_electricity,1979,0,PAK
Pakistan,solar_electricity,1980,0,PAK
Pakistan,solar_electricity,1981,0,PAK
Pakistan,solar_electricity,1982,0,PAK
Pakistan,solar_electricity,1983,0,PAK
Pakistan,solar_electricity,1984,0,PAK
Pakistan,solar_electricity,1985,0,PAK
Pakistan,solar_electricity,1986,0,PAK
Pakistan,solar_electricity,1987,0,PAK
Pakistan,solar_electricity,1988,0,PAK
Pakistan,solar_electricity,1989,0,PAK
Pakistan,solar_electricity,1990,0,PAK
Pakistan,solar_electricity,1991,0,PAK
Pakistan,solar_electricity,1992,0,PAK
Pakistan,solar_electricity,1993,0,PAK
Pakistan,solar_electricity,1994,0,PAK
Pakistan,solar_electricity,1995,0,PAK
Pakistan,solar_electricity,1996,0,PAK
Pakistan,solar_electricity,1997,0,PAK
Pakistan,solar_electricity,1998,0,PAK
Pakistan,solar_electricity,1999,0,PAK
Pakistan,solar_electricity,2000,0,PAK
Pakistan,solar_electricity,2001,0,PAK
Pakistan,solar_electricity,2002,0,PAK
Pakistan,solar_electricity,2003,0,PAK
Pakistan,solar_electricity,2004,0,PAK
Pakistan,solar_electricity,2005,0,PAK
Pakistan,solar_electricity,2006,0,PAK
Pakistan,solar_electricity,2007,0,PAK
Pakistan,solar_electricity,2008,0,PAK
Pakistan,solar_electricity,2009,0,PAK
Pakistan,solar_electricity,2010,0.01,PAK
Pakistan,solar_electricity,2011,0.03,PAK
Pakistan,solar_electricity,2012,0.07,PAK
Pakistan,solar_electricity,2013,0.14,PAK
Pakistan,solar_electricity,2014,0.24,PAK
Pakistan,solar_electricity,2015,0.38,PAK
Pakistan,solar_electricity,2016,0.68,PAK
Pakistan,solar_electricity,2017,0.92,PAK
Pakistan,solar_electricity,2018,0.92,PAK
Pakistan,solar_electricity,2019,0.93,PAK
Pakistan,solar_electricity,2020,2.43,PAK
Pakistan,solar_electricity,2021,4.34,PAK
Pakistan,solar_electricity,2022,6.47,PAK
Pakistan,solar_electricity,2023,10.2,PAK
Pakistan,solar_electricity,2024,18.81,PAK
Palestine,solar_electricity,2000,0,PSE
Palestine,solar_electricity,2001,0,PSE
Palestine,solar_electricity,2002,0,PSE
Palestine,solar_electricity,2003,0,PSE
Palestine,solar_electricity,2004,0,PSE
Palestine,solar_electricity,2005,0,PSE
Palestine,solar_electricity,2006,0,PSE
Palestine,solar_electricity,2007,0,PSE
Palestine,solar_electricity,2008,0,PSE
Palestine,solar_electricity,2009,0,PSE
Palestine,solar_electricity,2010,0,PSE
Palestine,solar_electricity,2011,0,PSE
Palestine,solar_electricity,2012,0,PSE
Palestine,solar_electricity,2013,0,PSE
Palestine,solar_electricity,2014,0,PSE
Palestine,solar_electricity,2015,0.01,PSE
Palestine,solar_electricity,2016,0.04,PSE
Palestine,solar_electricity,2017,0.05,PSE
Palestine,solar_electricity,2018,0.06,PSE
Palestine,solar_electricity,2019,0.12,PSE
Palestine,solar_electricity,2020,0.18,PSE
Palestine,solar_electricity,2021,0.22,PSE
Palestine,solar_electricity,2022,0.34,PSE
Panama,solar_electricity,2000,0,PAN
Panama,solar_electricity,2001,0,PAN
Panama,solar_electricity,2002,0,PAN
Panama,solar_electricity,2003,0,PAN
Panama,solar_electricity,2004,0,PAN
Panama,solar_electricity,2005,0,PAN
Panama,solar_electricity,2006,0,PAN
Panama,solar_electricity,2007,0,PAN
Panama,solar_electricity,2008,0,PAN
Panama,solar_electricity,2009,0,PAN
Panama,solar_electricity,2010,0,PAN
Panama,solar_electricity,2011,0,PAN
Panama,solar_electricity,2012,0,PAN
Panama,solar_electricity,2013,0,PAN
Panama,solar_electricity,2014,0.01,PAN
Panama,solar_electricity,2015,0.02,PAN
Panama,solar_electricity,2016,0.07,PAN
Panama,solar_electricity,2017,0.16,PAN
Panama,solar_electricity,2018,0.23,PAN
Panama,solar_electricity,2019,0.29,PAN
Panama,solar_electricity,2020,0.32,PAN
Panama,solar_electricity,2021,0.59,PAN
Panama,solar_electricity,2022,0.7,PAN
Panama,solar_electricity,2023,0.87,PAN
Papua New Guinea,solar_electricity,2000,0,PNG
Papua New Guinea,solar_electricity,2001,0,PNG
Papua New Guinea,solar_electricity,2002,0,PNG
Papua New Guinea,solar_electricity,2003,0,PNG
Papua New Guinea,solar_electricity,2004,0,PNG
Papua New Guinea,solar_electricity,2005,0,PNG
Papua New Guinea,solar_electricity,2006,0,PNG
Papua New Guinea,solar_electricity,2007,0,PNG
Papua New Guinea,solar_electricity,2008,0,PNG
Papua New Guinea,solar_electricity,2009,0,PNG
Papua New Guinea,solar_electricity,2010,0,PNG
Papua New Guinea,solar_electricity,2011,0,PNG
Papua New Guinea,solar_electricity,2012,0,PNG
Papua New Guinea,solar_electricity,2013,0,PNG
Papua New Guinea,solar_electricity,2014,0,PNG
Papua New Guinea,solar_electricity,2015,0,PNG
Papua New Guinea,solar_electricity,2016,0,PNG
Papua New Guinea,solar_electricity,2017,0,PNG
Papua New Guinea,solar_electricity,2018,0,PNG
Papua New Guinea,solar_electricity,2019,0,PNG
Papua New Guinea,solar_electricity,2020,0,PNG
Papua New Guinea,solar_electricity,2021,0,PNG
Papua New Guinea,solar_electricity,2022,0.01,PNG
Papua New Guinea,solar_electricity,2023,0.01,PNG
Paraguay,solar_electricity,2000,0,PRY
Paraguay,solar_electricity,2001,0,PRY
Paraguay,solar_electricity,2002,0,PRY
Paraguay,solar_electricity,2003,0,PRY
Paraguay,solar_electricity,2004,0,PRY
Paraguay,solar_electricity,2005,0,PRY
Paraguay,solar_electricity,2006,0,PRY
Paraguay,solar_electricity,2007,0,PRY
Paraguay,solar_electricity,2008,0,PRY
Paraguay,solar_electricity,2009,0,PRY
Paraguay,solar_electricity,2010,0,PRY
Paraguay,solar_electricity,2011,0,PRY
Paraguay,solar_electricity,2012,0,PRY
Paraguay,solar_electricity,2013,0,PRY
Paraguay,solar_electricity,2014,0,PRY
Paraguay,solar_electricity,2015,0,PRY
Paraguay,solar_electricity,2016,0,PRY
Paraguay,solar_electricity,2017,0,PRY
Paraguay,solar_electricity,2018,0,PRY
Paraguay,solar_electricity,2019,0,PRY
Paraguay,solar_electricity,2020,0,PRY
Paraguay,solar_electricity,2021,0,PRY
Paraguay,solar_electricity,2022,0,PRY
Paraguay,solar_electricity,2023,0,PRY
Peru,solar_electricity,1965,0,PER
Peru,solar_electricity,1966,0,PER
Peru,solar_electricity,1967,0,PER
Peru,solar_electricity,1968,0,PER
Peru,solar_electricity,1969,0,PER
Peru,solar_electricity,1970,0,PER
Peru,solar_electricity,1971,0,PER
Peru,solar_electricity,1972,0,PER
Peru,solar_electricity,1973,0,PER
Peru,solar_electricity,1974,0,PER
Peru,solar_electricity,1975,0,PER
Peru,solar_electricity,1976,0,PER
Peru,solar_electricity,1977,0,PER
Peru,solar_electricity,1978,0,PER
Peru,solar_electricity,1979,0,PER
Peru,solar_electricity,1980,0,PER
Peru,solar_electricity,1981,0,PER
Peru,solar_electricity,1982,0,PER
Peru,solar_electricity,1983,0,PER
Peru,solar_electricity,1984,0,PER
Peru,solar_electricity,1985,0,PER
Peru,solar_electricity,1986,0,PER
Peru,solar_electricity,1987,0,PER
Peru,solar_electricity,1988,0,PER
Peru,solar_electricity,1989,0,PER
Peru,solar_electricity,1990,0,PER
Peru,solar_electricity,1991,0,PER
Peru,solar_electricity,1992,0,PER
Peru,solar_electricity,1993,0,PER
Peru,solar_electricity,1994,0,PER
Peru,solar_electricity,1995,0,PER
Peru,solar_electricity,1996,0,PER
Peru,solar_electricity,1997,0,PER
Peru,solar_electricity,1998,0,PER
Peru,solar_electricity,1999,0,PER
Peru,solar_electricity,2000,0,PER
Peru,solar_electricity,2001,0,PER
Peru,solar_electricity,2002,0,PER
Peru,solar_electricity,2003,0,PER
Peru,solar_electricity,2004,0,PER
Peru,solar_electricity,2005,0,PER
Peru,solar_electricity,2006,0,PER
Peru,solar_electricity,2007,0,PER
Peru,solar_electricity,2008,0,PER
Peru,solar_electricity,2009,0,PER
Peru,solar_electricity,2010,0,PER
Peru,solar_electricity,2011,0,PER
Peru,solar_electricity,2012,0.06,PER
Peru,solar_electricity,2013,0.2,PER
Peru,solar_electricity,2014,0.2,PER
Peru,solar_electricity,2015,0.23,PER
Peru,solar_electricity,2016,0.24,PER
Peru,solar_electricity,2017,0.29,PER
Peru,solar_electricity,2018,0.75,PER
Peru,solar_electricity,2019,0.78,PER
Peru,solar_electricity,2020,0.79,PER
Peru,solar_electricity,2021,0.8,PER
Peru,solar_electricity,2022,0.84,PER
Peru,solar_electricity,2023,0.97,PER
Peru,solar_electricity,2024,1.29,PER
Philippines,solar_electricity,1965,0,PHL
Philippines,solar_electricity,1966,0,PHL
Philippines,solar_electricity,1967,0,PHL
Philippines,solar_electricity,1968,0,PHL
Philippines,solar_electricity,1969,0,PHL
Philippines,solar_electricity,1970,0,PHL
Philippines,solar_electricity,1971,0,PHL
Philippines,solar_electricity,1972,0,PHL
Philippines,solar_electricity,1973,0,PHL
Philippines,solar_electricity,1974,0,PHL
Philippines,solar_electricity,1975,0,PHL
Philippines,solar_electricity,1976,0,PHL
Philippines,solar_electricity,1977,0,PHL
Philippines,solar_electricity,1978,0,PHL
Philippines,solar_electricity,1979,0,PHL
Philippines,solar_electricity,1980,0,PHL
Philippines,solar_electricity,1981,0,PHL
Philippines,solar_electricity,1982,0,PHL
Philippines,solar_electricity,1983,0,PHL
Philippines,solar_electricity,1984,0,PHL
Philippines,solar_electricity,1985,0,PHL
Philippines,solar_electricity,1986,0,PHL
Philippines,solar_electricity,1987,0,PHL
Philippines,solar_electricity,1988,0,PHL
Philippines,solar_electricity,1989,0,PHL
Philippines,solar_electricity,1990,0,PHL
Philippines,solar_electricity,1991,0,PHL
Philippines,solar_electricity,1992,0,PHL
Philippines,solar_electricity,1993,0,PHL
Philippines,solar_electricity,1994,0,PHL
Philippines,solar_electricity,1995,0,PHL
Philippines,solar_electricity,1996,0,PHL
Philippines,solar_electricity,1997,0,PHL
Philippines,solar_electricity,1998,0,PHL
Philippines,solar_electricity,1999,0,PHL
Philippines,solar_electricity,2000,0,PHL
Philippines,solar_electricity,2001,0,PHL
Philippines,solar_electricity,2002,0,PHL
Philippines,solar_electricity,2003,0,PHL
Philippines,solar_electricity,2004,0,PHL
Philippines,solar_electricity,2005,0,PHL
Philippines,solar_electricity,2006,0,PHL
Philippines,solar_electricity,2007,0,PHL
Philippines,solar_electricity,2008,0,PHL
Philippines,solar_electricity,2009,0,PHL
Philippines,solar_electricity,2010,0,PHL
Philippines,solar_electricity,2011,0,PHL
Philippines,solar_electricity,2012,0,PHL
Philippines,solar_electricity,2013,0,PHL
Philippines,solar_electricity,2014,0.02,PHL
Philippines,solar_electricity,2015,0.14,PHL
Philippines,solar_electricity,2016,1.1,PHL
Philippines,solar_electricity,2017,1.2,PHL
Philippines,solar_electricity,2018,1.25,PHL
Philippines,solar_electricity,2019,1.25,PHL
Philippines,solar_electricity,2020,1.37,PHL
Philippines,solar_electricity,2021,1.47,PHL
Philippines,solar_electricity,2022,1.82,PHL
Philippines,solar_electricity,2023,2.47,PHL
Philippines,solar_electricity,2024,3.68,PHL
Poland,solar_electricity,1965,0,POL
Poland,solar_electricity,1966,0,POL
Poland,solar_electricity,1967,0,POL
Poland,solar_electricity,1968,0,POL
Poland,solar_electricity,1969,0,POL
Poland,solar_electricity,1970,0,POL
Poland,solar_electricity,1971,0,POL
Poland,solar_electricity,1972,0,POL
Poland,solar_electricity,1973,0,POL
Poland,solar_electricity,1974,0,POL
Poland,solar_electricity,1975,0,POL
Poland,solar_electricity,1976,0,POL
Poland,solar_electricity,1977,0,POL
Poland,solar_electricity,1978,0,POL
Poland,solar_electricity,1979,0,POL
Poland,solar_electricity,1980,0,POL
Poland,solar_electricity,1981,0,POL
Poland,solar_electricity,1982,0,POL
Poland,solar_electricity,1983,0,POL
Poland,solar_electricity,1984,0,POL
Poland,solar_electricity,1985,0,POL
Poland,solar_electricity,1986,0,POL
Poland,solar_electricity,1987,0,POL
Poland,solar_electricity,1988,0,POL
Poland,solar_electricity,1989,0,POL
Poland,solar_electricity,1990,0,POL
Poland,solar_electricity,1991,0,POL
Poland,solar_electricity,1992,0,POL
Poland,solar_electricity,1993,0,POL
Poland,solar_electricity,1994,0,POL
Poland,solar_electricity,1995,0,POL
Poland,solar_electricity,1996,0,POL
Poland,solar_electricity,1997,0,POL
Poland,solar_electricity,1998,0,POL
Poland,solar_electricity,1999,0,POL
Poland,solar_electricity,2000,0,POL
Poland,solar_electricity,2001,0,POL
Poland,solar_electricity,2002,0,POL
Poland,solar_electricity,2003,0,POL
Poland,solar_electricity,2004,0,POL
Poland,solar_electricity,2005,0,POL
Poland,solar_electricity,2006,0,POL
Poland,solar_electricity,2007,0,POL
Poland,solar_electricity,2008,0,POL
Poland,solar_electricity,2009,0,POL
Poland,solar_electricity,2010,0,POL
Poland,solar_electricity,2011,0,POL
Poland,solar_electricity,2012,0,POL
Poland,solar_electricity,2013,0,POL
Poland,solar_electricity,2014,0.01,POL
Poland,solar_electricity,2015,0.06,POL
Poland,solar_electricity,2016,0.12,POL
Poland,solar_electricity,2017,0.17,POL
Poland,solar_electricity,2018,0.3,POL
Poland,solar_electricity,2019,0.71,POL
Poland,solar_electricity,2020,1.96,POL
Poland,solar_electricity,2021,3.93,POL
Poland,solar_electricity,2022,8.31,POL
Poland,solar_electricity,2023,11.11,POL
Poland,solar_electricity,2024,15.23,POL
Portugal,solar_electricity,1965,0,PRT
Portugal,solar_electricity,1966,0,PRT
Portugal,solar_electricity,1967,0,PRT
Portugal,solar_electricity,1968,0,PRT
Portugal,solar_electricity,1969,0,PRT
Portugal,solar_electricity,1970,0,PRT
Portugal,solar_electricity,1971,0,PRT
Portugal,solar_electricity,1972,0,PRT
Portugal,solar_electricity,1973,0,PRT
Portugal,solar_electricity,1974,0,PRT
Portugal,solar_electricity,1975,0,PRT
Portugal,solar_electricity,1976,0,PRT
Portugal,solar_electricity,1977,0,PRT
Portugal,solar_electricity,1978,0,PRT
Portugal,solar_electricity,1979,0,PRT
Portugal,solar_electricity,1980,0,PRT
Portugal,solar_electricity,1981,0,PRT
Portugal,solar_electricity,1982,0,PRT
Portugal,solar_electricity,1983,0,PRT
Portugal,solar_electricity,1984,0,PRT
Portugal,solar_electricity,1985,0,PRT
Portugal,solar_electricity,1986,0,PRT
Portugal,solar_electricity,1987,0,PRT
Portugal,solar_electricity,1988,0,PRT
Portugal,solar_electricity,1989,0.001,PRT
Portugal,solar_electricity,1990,0,PRT
Portugal,solar_electricity,1991,0,PRT
Portugal,solar_electricity,1992,0,PRT
Portugal,solar_electricity,1993,0,PRT
Portugal,solar_electricity,1994,0,PRT
Portugal,solar_electricity,1995,0,PRT
Portugal,solar_electricity,1996,0,PRT
Portugal,solar_electricity,1997,0,PRT
Portugal,solar_electricity,1998,0,PRT
Portugal,solar_electricity,1999,0,PRT
Portugal,solar_electricity,2000,0,PRT
Portugal,solar_electricity,2001,0,PRT
Portugal,solar_electricity,2002,0,PRT
Portugal,solar_electricity,2003,0,PRT
Portugal,solar_electricity,2004,0,PRT
Portugal,solar_electricity,2005,0,PRT
Portugal,solar_electricity,2006,0,PRT
Portugal,solar_electricity,2007,0.02,PRT
Portugal,solar_electricity,2008,0.04,PRT
Portugal,solar_electricity,2009,0.16,PRT
Portugal,solar_electricity,2010,0.21,PRT
Portugal,solar_electricity,2011,0.28,PRT
Portugal,solar_electricity,2012,0.39,PRT
Portugal,solar_electricity,2013,0.48,PRT
Portugal,solar_electricity,2014,0.63,PRT
Portugal,solar_electricity,2015,0.8,PRT
Portugal,solar_electricity,2016,0.87,PRT
Portugal,solar_electricity,2017,0.99,PRT
Portugal,solar_electricity,2018,1.01,PRT
Portugal,solar_electricity,2019,1.34,PRT
Portugal,solar_electricity,2020,1.72,PRT
Portugal,solar_electricity,2021,2.24,PRT
Portugal,solar_electricity,2022,3.52,PRT
Portugal,solar_electricity,2023,5.16,PRT
Portugal,solar_electricity,2024,6.72,PRT
Puerto Rico,solar_electricity,2000,0,PRI
Puerto Rico,solar_electricity,2001,0,PRI
Puerto Rico,solar_electricity,2002,0,PRI
Puerto Rico,solar_electricity,2003,0,PRI
Puerto Rico,solar_electricity,2004,0,PRI
Puerto Rico,solar_electricity,2005,0,PRI
Puerto Rico,solar_electricity,2006,0,PRI
Puerto Rico,solar_electricity,2007,0,PRI
Puerto Rico,solar_electricity,2008,0,PRI
Puerto Rico,solar_electricity,2009,0,PRI
Puerto Rico,solar_electricity,2010,0,PRI
Puerto Rico,solar_electricity,2011,0,PRI
Puerto Rico,solar_electricity,2012,0.02,PRI
Puerto Rico,solar_electricity,2013,0.04,PRI
Puerto Rico,solar_electricity,2014,0.05,PRI
Puerto Rico,solar_electricity,2015,0.09,PRI
Puerto Rico,solar_electricity,2016,0.12,PRI
Puerto Rico,solar_electricity,2017,0.16,PRI
Puerto Rico,solar_electricity,2018,0.31,PRI
Puerto Rico,solar_electricity,2019,0.5,PRI
Puerto Rico,solar_electricity,2020,0.56,PRI
Puerto Rico,solar_electricity,2021,0.68,PRI
Puerto Rico,solar_electricity,2022,0.85,PRI
Puerto Rico,solar_electricity,2023,0.85,PRI
Puerto Rico,solar_electricity,2024,0.81,PRI
Qatar,solar_electricity,1965,0,QAT
Qatar,solar_electricity,1966,0,QAT
Qatar,solar_electricity,1967,0,QAT
Qatar,solar_electricity,1968,0,QAT
Qatar,solar_electricity,1969,0,QAT
Qatar,solar_electricity,1970,0,QAT
Qatar,solar_electricity,1971,0,QAT
Qatar,solar_electricity,1972,0,QAT
Qatar,solar_electricity,1973,0,QAT
Qatar,solar_electricity,1974,0,QAT
Qatar,solar_electricity,1975,0,QAT
Qatar,solar_electricity,1976,0,QAT
Qatar,solar_electricity,1977,0,QAT
Qatar,solar_electricity,1978,0,QAT
Qatar,solar_electricity,1979,0,QAT
Qatar,solar_electricity,1980,0,QAT
Qatar,solar_electricity,1981,0,QAT
Qatar,solar_electricity,1982,0,QAT
Qatar,solar_electricity,1983,0,QAT
Qatar,solar_electricity,1984,0,QAT
Qatar,solar_electricity,1985,0,QAT
Qatar,solar_electricity,1986,0,QAT
Qatar,solar_electricity,1987,0,QAT
Qatar,solar_electricity,1988,0,QAT
Qatar,solar_electricity,1989,0,QAT
Qatar,solar_electricity,1990,0,QAT
Qatar,solar_electricity,1991,0,QAT
Qatar,solar_electricity,1992,0,QAT
Qatar,solar_electricity,1993,0,QAT
Qatar,solar_electricity,1994,0,QAT
Qatar,solar_electricity,1995,0,QAT
Qatar,solar_electricity,1996,0,QAT
Qatar,solar_electricity,1997,0,QAT
Qatar,solar_electricity,1998,0,QAT
Qatar,solar_electricity,1999,0,QAT
Qatar,solar_electricity,2000,0,QAT
Qatar,solar_electricity,2001,0,QAT
Qatar,solar_electricity,2002,0,QAT
Qatar,solar_electricity,2003,0,QAT
Qatar,solar_electricity,2004,0,QAT
Qatar,solar_electricity,2005,0,QAT
Qatar,solar_electricity,2006,0,QAT
Qatar,solar_electricity,2007,0,QAT
Qatar,solar_electricity,2008,0,QAT
Qatar,solar_electricity,2009,0,QAT
Qatar,solar_electricity,2010,0,QAT
Qatar,solar_electricity,2011,0,QAT
Qatar,solar_electricity,2012,0,QAT
Qatar,solar_electricity,2013,0,QAT
Qatar,solar_electricity,2014,0.01,QAT
Qatar,solar_electricity,2015,0.01,QAT
Qatar,solar_electricity,2016,0.01,QAT
Qatar,solar_electricity,2017,0.01,QAT
Qatar,solar_electricity,2018,0.01,QAT
Qatar,solar_electricity,2019,0.01,QAT
Qatar,solar_electricity,2020,0.01,QAT
Qatar,solar_electricity,2021,0.01,QAT
Qatar,solar_electricity,2022,0.01,QAT
Qatar,solar_electricity,2023,0.01,QAT
Qatar,solar_electricity,2024,0.01,QAT
Reunion,solar_electricity,2004,0,REU
Reunion,solar_electricity,2005,0,REU
Reunion,solar_electricity,2006,0,REU
Reunion,solar_electricity,2007,0,REU
Reunion,solar_electricity,2008,0,REU
Reunion,solar_electricity,2009,0.02,REU
Reunion,solar_electricity,2010,0.08,REU
Reunion,solar_electricity,2011,0.14,REU
Reunion,solar_electricity,2012,0.19,REU
Reunion,solar_electricity,2013,0.22,REU
Reunion,solar_electricity,2014,0.24,REU
Reunion,solar_electricity,2015,0.24,REU
Reunion,solar_electricity,2016,0.26,REU
Reunion,solar_electricity,2017,0.26,REU
Reunion,solar_electricity,2018,0.25,REU
Reunion,solar_electricity,2019,0.26,REU
Reunion,solar_electricity,2020,0.26,REU
Reunion,solar_electricity,2021,0.27,REU
Reunion,solar_electricity,2022,0.27,REU
Romania,solar_electricity,1965,0,ROU
Romania,solar_electricity,1966,0,ROU
Romania,solar_electricity,1967,0,ROU
Romania,solar_electricity,1968,0,ROU
Romania,solar_electricity,1969,0,ROU
Romania,solar_electricity,1970,0,ROU
Romania,solar_electricity,1971,0,ROU
Romania,solar_electricity,1972,0,ROU
Romania,solar_electricity,1973,0,ROU
Romania,solar_electricity,1974,0,ROU
Romania,solar_electricity,1975,0,ROU
Romania,solar_electricity,1976,0,ROU
Romania,solar_electricity,1977,0,ROU
Romania,solar_electricity,1978,0,ROU
Romania,solar_electricity,1979,0,ROU
Romania,solar_electricity,1980,0,ROU
Romania,solar_electricity,1981,0,ROU
Romania,solar_electricity,1982,0,ROU
Romania,solar_electricity,1983,0,ROU
Romania,solar_electricity,1984,0,ROU
Romania,solar_electricity,1985,0,ROU
Romania,solar_electricity,1986,0,ROU
Romania,solar_electricity,1987,0,ROU
Romania,solar_electricity,1988,0,ROU
Romania,solar_electricity,1989,0,ROU
Romania,solar_electricity,1990,0,ROU
Romania,solar_electricity,1991,0,ROU
Romania,solar_electricity,1992,0,ROU
Romania,solar_electricity,1993,0,ROU
Romania,solar_electricity,1994,0,ROU
Romania,solar_electricity,1995,0,ROU
Romania,solar_electricity,1996,0,ROU
Romania,solar_electricity,1997,0,ROU
Romania,solar_electricity,1998,0,ROU
Romania,solar_electricity,1999,0,ROU
Romania,solar_electricity,2000,0,ROU
Romania,solar_electricity,2001,0,ROU
Romania,solar_electricity,2002,0,ROU
Romania,solar_electricity,2003,0,ROU
Romania,solar_electricity,2004,0,ROU
Romania,solar_electricity,2005,0,ROU
Romania,solar_electricity,2006,0,ROU
Romania,solar_electricity,2007,0,ROU
Romania,solar_electricity,2008,0,ROU
Romania,solar_electricity,2009,0,ROU
Romania,solar_electricity,2010,0,ROU
Romania,solar_electricity,2011,0,ROU
Romania,solar_electricity,2012,0.01,ROU
Romania,solar_electricity,2013,0.42,ROU
Romania,solar_electricity,2014,1.62,ROU
Romania,solar_electricity,2015,1.98,ROU
Romania,solar_electricity,2016,1.82,ROU
Romania,solar_electricity,2017,1.86,ROU
Romania,solar_electricity,2018,1.77,ROU
Romania,solar_electricity,2019,1.78,ROU
Romania,solar_electricity,2020,1.73,ROU
Romania,solar_electricity,2021,1.7,ROU
Romania,solar_electricity,2022,1.99,ROU
Romania,solar_electricity,2023,2.23,ROU
Romania,solar_electricity,2024,4.2,ROU
Russia,solar_electricity,1985,0,RUS
Russia,solar_electricity,1986,0,RUS
Russia,solar_electricity,1987,0,RUS
Russia,solar_electricity,1988,0,RUS
Russia,solar_electricity,1989,0,RUS
Russia,solar_electricity,1990,0,RUS
Russia,solar_electricity,1991,0,RUS
Russia,solar_electricity,1992,0,RUS
Russia,solar_electricity,1993,0,RUS
Russia,solar_electricity,1994,0,RUS
Russia,solar_electricity,1995,0,RUS
Russia,solar_electricity,1996,0,RUS
Russia,solar_electricity,1997,0,RUS
Russia,solar_electricity,1998,0,RUS
Russia,solar_electricity,1999,0,RUS
Russia,solar_electricity,2000,0,RUS
Russia,solar_electricity,2001,0,RUS
Russia,solar_electricity,2002,0,RUS
Russia,solar_electricity,2003,0,RUS
Russia,solar_electricity,2004,0,RUS
Russia,solar_electricity,2005,0,RUS
Russia,solar_electricity,2006,0,RUS
Russia,solar_electricity,2007,0,RUS
Russia,solar_electricity,2008,0,RUS
Russia,solar_electricity,2009,0,RUS
Russia,solar_electricity,2010,0,RUS
Russia,solar_electricity,2011,0,RUS
Russia,solar_electricity,2012,0,RUS
Russia,solar_electricity,2013,0.01,RUS
Russia,solar_electricity,2014,0.16,RUS
Russia,solar_electricity,2015,0.34,RUS
Russia,solar_electricity,2016,0.47,RUS
Russia,solar_electricity,2017,0.54,RUS
Russia,solar_electricity,2018,0.62,RUS
Russia,solar_electricity,2019,0.99,RUS
Russia,solar_electricity,2020,1.86,RUS
Russia,solar_electricity,2021,2.31,RUS
Russia,solar_electricity,2022,2.4,RUS
Russia,solar_electricity,2023,2.63,RUS
Russia,solar_electricity,2024,2.84,RUS
Rwanda,solar_electricity,2000,0,RWA
Rwanda,solar_electricity,2001,0,RWA
Rwanda,solar_electricity,2002,0,RWA
Rwanda,solar_electricity,2003,0,RWA
Rwanda,solar_electricity,2004,0,RWA
Rwanda,solar_electricity,2005,0,RWA
Rwanda,solar_electricity,2006,0,RWA
Rwanda,solar_electricity,2007,0,RWA
Rwanda,solar_electricity,2008,0,RWA
Rwanda,solar_electricity,2009,0,RWA
Rwanda,solar_electricity,2010,0,RWA
Rwanda,solar_electricity,2011,0,RWA
Rwanda,solar_electricity,2012,0,RWA
Rwanda,solar_electricity,2013,0,RWA
Rwanda,solar_electricity,2014,0,RWA
Rwanda,solar_electricity,2015,0.01,RWA
Rwanda,solar_electricity,2016,0.02,RWA
Rwanda,solar_electricity,2017,0.02,RWA
Rwanda,solar_electricity,2018,0.03,RWA
Rwanda,solar_electricity,2019,0.03,RWA
Rwanda,solar_electricity,2020,0.03,RWA
Rwanda,solar_electricity,2021,0.04,RWA
Rwanda,solar_electricity,2022,0.04,RWA
Rwanda,solar_electricity,2023,0.04,RWA
Saint Helena,solar_electricity,2000,0,SHN
Saint Helena,solar_electricity,2001,0,SHN
Saint Helena,solar_electricity,2002,0,SHN
Saint Helena,solar_electricity,2003,0,SHN
Saint Helena,solar_electricity,2004,0,SHN
Saint Helena,solar_electricity,2005,0,SHN
Saint Helena,solar_electricity,2006,0,SHN
Saint Helena,solar_electricity,2007,0,SHN
Saint Helena,solar_electricity,2008,0,SHN
Saint Helena,solar_electricity,2009,0,SHN
Saint Helena,solar_electricity,2010,0,SHN
Saint Helena,solar_electricity,2011,0,SHN
Saint Helena,solar_electricity,2012,0,SHN
Saint Helena,solar_electricity,2013,0,SHN
Saint Helena,solar_electricity,2014,0,SHN
Saint Helena,solar_electricity,2015,0,SHN
Saint Helena,solar_electricity,2016,0,SHN
Saint Helena,solar_electricity,2017,0,SHN
Saint Helena,solar_electricity,2018,0,SHN
Saint Helena,solar_electricity,2019,0,SHN
Saint Helena,solar_electricity,2020,0,SHN
Saint Helena,solar_electricity,2021,0,SHN
Saint Helena,solar_electricity,2022,0,SHN
Saint Kitts and Nevis,solar_electricity,2000,0,KNA
Saint Kitts and Nevis,solar_electricity,2001,0,KNA
Saint Kitts and Nevis,solar_electricity,2002,0,KNA
Saint Kitts and Nevis,solar_electricity,2003,0,KNA
Saint Kitts and Nevis,solar_electricity,2004,0,KNA
Saint Kitts and Nevis,solar_electricity,2005,0,KNA
Saint Kitts and Nevis,solar_electricity,2006,0,KNA
Saint Kitts and Nevis,solar_electricity,2007,0,KNA
Saint Kitts and Nevis,solar_electricity,2008,0,KNA
Saint Kitts and Nevis,solar_electricity,2009,0,KNA
Saint Kitts and Nevis,solar_electricity,2010,0,KNA
Saint Kitts and Nevis,solar_electricity,2011,0,KNA
Saint Kitts and Nevis,solar_electricity,2012,0,KNA
Saint Kitts and Nevis,solar_electricity,2013,0,KNA
Saint Kitts and Nevis,solar_electricity,2014,0,KNA
Saint Kitts and Nevis,solar_electricity,2015,0,KNA
Saint Kitts and Nevis,solar_electricity,2016,0,KNA
Saint Kitts and Nevis,solar_electricity,2017,0,KNA
Saint Kitts and Nevis,solar_electricity,2018,0,KNA
Saint Kitts and Nevis,solar_electricity,2019,0,KNA
Saint Kitts and Nevis,solar_electricity,2020,0,KNA
Saint Kitts and Nevis,solar_electricity,2021,0,KNA
Saint Kitts and Nevis,solar_electricity,2022,0,KNA
Saint Lucia,solar_electricity,2000,0,LCA
Saint Lucia,solar_electricity,2001,0,LCA
Saint Lucia,solar_electricity,2002,0,LCA
Saint Lucia,solar_electricity,2003,0,LCA
Saint Lucia,solar_electricity,2004,0,LCA
Saint Lucia,solar_electricity,2005,0,LCA
Saint Lucia,solar_electricity,2006,0,LCA
Saint Lucia,solar_electricity,2007,0,LCA
Saint Lucia,solar_electricity,2008,0,LCA
Saint Lucia,solar_electricity,2009,0,LCA
Saint Lucia,solar_electricity,2010,0,LCA
Saint Lucia,solar_electricity,2011,0,LCA
Saint Lucia,solar_electricity,2012,0,LCA
Saint Lucia,solar_electricity,2013,0,LCA
Saint Lucia,solar_electricity,2014,0,LCA
Saint Lucia,solar_electricity,2015,0,LCA
Saint Lucia,solar_electricity,2016,0,LCA
Saint Lucia,solar_electricity,2017,0,LCA
Saint Lucia,solar_electricity,2018,0.01,LCA
Saint Lucia,solar_electricity,2019,0.01,LCA
Saint Lucia,solar_electricity,2020,0.01,LCA
Saint Lucia,solar_electricity,2021,0.01,LCA
Saint Lucia,solar_electricity,2022,0.01,LCA
Saint Pierre and Miquelon,solar_electricity,2000,0,SPM
Saint Pierre and Miquelon,solar_electricity,2001,0,SPM
Saint Pierre and Miquelon,solar_electricity,2002,0,SPM
Saint Pierre and Miquelon,solar_electricity,2003,0,SPM
Saint Pierre and Miquelon,solar_electricity,2004,0,SPM
Saint Pierre and Miquelon,solar_electricity,2005,0,SPM
Saint Pierre and Miquelon,solar_electricity,2006,0,SPM
Saint Pierre and Miquelon,solar_electricity,2007,0,SPM
Saint Pierre and Miquelon,solar_electricity,2008,0,SPM
Saint Pierre and Miquelon,solar_electricity,2009,0,SPM
Saint Pierre and Miquelon,solar_electricity,2010,0,SPM
Saint Pierre and Miquelon,solar_electricity,2011,0,SPM
Saint Pierre and Miquelon,solar_electricity,2012,0,SPM
Saint Pierre and Miquelon,solar_electricity,2013,0,SPM
Saint Pierre and Miquelon,solar_electricity,2014,0,SPM
Saint Pierre and Miquelon,solar_electricity,2015,0,SPM
Saint Pierre and Miquelon,solar_electricity,2016,0,SPM
Saint Pierre and Miquelon,solar_electricity,2017,0,SPM
Saint Pierre and Miquelon,solar_electricity,2018,0,SPM
Saint Pierre and Miquelon,solar_electricity,2019,0,SPM
Saint Pierre and Miquelon,solar_electricity,2020,0,SPM
Saint Pierre and Miquelon,solar_electricity,2021,0,SPM
Saint Pierre and Miquelon,solar_electricity,2022,0,SPM
Saint Vincent and the Grenadines,solar_electricity,2000,0,VCT
Saint Vincent and the Grenadines,solar_electricity,2001,0,VCT
Saint Vincent and the Grenadines,solar_electricity,2002,0,VCT
Saint Vincent and the Grenadines,solar_electricity,2003,0,VCT
Saint Vincent and the Grenadines,solar_electricity,2004,0,VCT
Saint Vincent and the Grenadines,solar_electricity,2005,0,VCT
Saint Vincent and the Grenadines,solar_electricity,2006,0,VCT
Saint Vincent and the Grenadines,solar_electricity,2007,0,VCT
Saint Vincent and the Grenadines,solar_electricity,2008,0,VCT
Saint Vincent and the Grenadines,solar_electricity,2009,0,VCT
Saint Vincent and the Grenadines,solar_electricity,2010,0,VCT
Saint Vincent and the Grenadines,solar_electricity,2011,0,VCT
Saint Vincent and the Grenadines,solar_electricity,2012,0,VCT
Saint Vincent and the Grenadines,solar_electricity,2013,0,VCT
Saint Vincent and the Grenadines,solar_electricity,2014,0,VCT
Saint Vincent and the Grenadines,solar_electricity,2015,0,VCT
Saint Vincent and the Grenadines,solar_electricity,2016,0,VCT
Saint Vincent and the Grenadines,solar_electricity,2017,0,VCT
Saint Vincent and the Grenadines,solar_electricity,2018,0,VCT
Saint Vincent and the Grenadines,solar_electricity,2019,0,VCT
Saint Vincent and the Grenadines,solar_electricity,2020,0,VCT
Saint Vincent and the Grenadines,solar_electricity,2021,0,VCT
Saint Vincent and the Grenadines,solar_electricity,2022,0,VCT
Saint Vincent and the Grenadines,solar_electricity,2023,0,VCT
Samoa,solar_electricity,2000,0,WSM
Samoa,solar_electricity,2001,0,WSM
Samoa,solar_electricity,2002,0,WSM
Samoa,solar_electricity,2003,0,WSM
Samoa,solar_electricity,2004,0,WSM
Samoa,solar_electricity,2005,0,WSM
Samoa,solar_electricity,2006,0,WSM
Samoa,solar_electricity,2007,0,WSM
Samoa,solar_electricity,2008,0,WSM
Samoa,solar_electricity,2009,0,WSM
Samoa,solar_electricity,2010,0,WSM
Samoa,solar_electricity,2011,0,WSM
Samoa,solar_electricity,2012,0,WSM
Samoa,solar_electricity,2013,0,WSM
Samoa,solar_electricity,2014,0,WSM
Samoa,solar_electricity,2015,0.01,WSM
Samoa,solar_electricity,2016,0.02,WSM
Samoa,solar_electricity,2017,0.02,WSM
Samoa,solar_electricity,2018,0.02,WSM
Samoa,solar_electricity,2019,0.02,WSM
Samoa,solar_electricity,2020,0.02,WSM
Samoa,solar_electricity,2021,0.02,WSM
Samoa,solar_electricity,2022,0.02,WSM
Samoa,solar_electricity,2023,0.02,WSM
Sao Tome and Principe,solar_electricity,2000,0,STP
Sao Tome and Principe,solar_electricity,2001,0,STP
Sao Tome and Principe,solar_electricity,2002,0,STP
Sao Tome and Principe,solar_electricity,2003,0,STP
Sao Tome and Principe,solar_electricity,2004,0,STP
Sao Tome and Principe,solar_electricity,2005,0,STP
Sao Tome and Principe,solar_electricity,2006,0,STP
Sao Tome and Principe,solar_electricity,2007,0,STP
Sao Tome and Principe,solar_electricity,2008,0,STP
Sao Tome and Principe,solar_electricity,2009,0,STP
Sao Tome and Principe,solar_electricity,2010,0,STP
Sao Tome and Principe,solar_electricity,2011,0,STP
Sao Tome and Principe,solar_electricity,2012,0,STP
Sao Tome and Principe,solar_electricity,2013,0,STP
Sao Tome and Principe,solar_electricity,2014,0,STP
Sao Tome and Principe,solar_electricity,2015,0,STP
Sao Tome and Principe,solar_electricity,2016,0,STP
Sao Tome and Principe,solar_electricity,2017,0,STP
Sao Tome and Principe,solar_electricity,2018,0,STP
Sao Tome and Principe,solar_electricity,2019,0,STP
Sao Tome and Principe,solar_electricity,2020,0,STP
Sao Tome and Principe,solar_electricity,2021,0,STP
Sao Tome and Principe,solar_electricity,2022,0,STP
Saudi Arabia,solar_electricity,1965,0,SAU
Saudi Arabia,solar_electricity,1966,0,SAU
Saudi Arabia,solar_electricity,1967,0,SAU
Saudi Arabia,solar_electricity,1968,0,SAU
Saudi Arabia,solar_electricity,1969,0,SAU
Saudi Arabia,solar_electricity,1970,0,SAU
Saudi Arabia,solar_electricity,1971,0,SAU
Saudi Arabia,solar_electricity,1972,0,SAU
Saudi Arabia,solar_electricity,1973,0,SAU
Saudi Arabia,solar_electricity,1974,0,SAU
Saudi Arabia,solar_electricity,1975,0,SAU
Saudi Arabia,solar_electricity,1976,0,SAU
Saudi Arabia,solar_electricity,1977,0,SAU
Saudi Arabia,solar_electricity,1978,0,SAU
Saudi Arabia,solar_electricity,1979,0,SAU
Saudi Arabia,solar_electricity,1980,0,SAU
Saudi Arabia,solar_electricity,1981,0,SAU
Saudi Arabia,solar_electricity,1982,0,SAU
Saudi Arabia,solar_electricity,1983,0,SAU
Saudi Arabia,solar_electricity,1984,0,SAU
Saudi Arabia,solar_electricity,1985,0,SAU
Saudi Arabia,solar_electricity,1986,0,SAU
Saudi Arabia,solar_electricity,1987,0,SAU
Saudi Arabia,solar_electricity,1988,0,SAU
Saudi Arabia,solar_electricity,1989,0,SAU
Saudi Arabia,solar_electricity,1990,0,SAU
Saudi Arabia,solar_electricity,1991,0,SAU
Saudi Arabia,solar_electricity,1992,0,SAU
Saudi Arabia,solar_electricity,1993,0,SAU
Saudi Arabia,solar_electricity,1994,0,SAU
Saudi Arabia,solar_electricity,1995,0,SAU
Saudi Arabia,solar_electricity,1996,0,SAU
Saudi Arabia,solar_electricity,1997,0,SAU
Saudi Arabia,solar_electricity,1998,0,SAU
Saudi Arabia,solar_electricity,1999,0,SAU
Saudi Arabia,solar_electricity,2000,0,SAU
Saudi Arabia,solar_electricity,2001,0,SAU
Saudi Arabia,solar_electricity,2002,0,SAU
Saudi Arabia,solar_electricity,2003,0,SAU
Saudi Arabia,solar_electricity,2004,0,SAU
Saudi Arabia,solar_electricity,2005,0,SAU
Saudi Arabia,solar_electricity,2006,0,SAU
Saudi Arabia,solar_electricity,2007,0,SAU
Saudi Arabia,solar_electricity,2008,0,SAU
Saudi Arabia,solar_electricity,2009,0,SAU
Saudi Arabia,solar_electricity,2010,0,SAU
Saudi Arabia,solar_electricity,2011,0.01,SAU
Saudi Arabia,solar_electricity,2012,0.03,SAU
Saudi Arabia,solar_electricity,2013,0.04,SAU
Saudi Arabia,solar_electricity,2014,0.05,SAU
Saudi Arabia,solar_electricity,2015,0.05,SAU
Saudi Arabia,solar_electricity,2016,0.05,SAU
Saudi Arabia,solar_electricity,2017,0.07,SAU
Saudi Arabia,solar_electricity,2018,0.16,SAU
Saudi Arabia,solar_electricity,2019,0.21,SAU
Saudi Arabia,solar_electricity,2020,0.21,SAU
Saudi Arabia,solar_electricity,2021,0.83,SAU
Saudi Arabia,solar_electricity,2022,0.83,SAU
Saudi Arabia,solar_electricity,2023,4.32,SAU
Saudi Arabia,solar_electricity,2024,8.23,SAU
Senegal,solar_electricity,2000,0,SEN
Senegal,solar_electricity,2001,0,SEN
Senegal,solar_electricity,2002,0,SEN
Senegal,solar_electricity,2003,0,SEN
Senegal,solar_electricity,2004,0,SEN
Senegal,solar_electricity,2005,0,SEN
Senegal,solar_electricity,2006,0,SEN
Senegal,solar_electricity,2007,0,SEN
Senegal,solar_electricity,2008,0,SEN
Senegal,solar_electricity,2009,0,SEN
Senegal,solar_electricity,2010,0,SEN
Senegal,solar_electricity,2011,0,SEN
Senegal,solar_electricity,2012,0,SEN
Senegal,solar_electricity,2013,0,SEN
Senegal,solar_electricity,2014,0,SEN
Senegal,solar_electricity,2015,0,SEN
Senegal,solar_electricity,2016,0.01,SEN
Senegal,solar_electricity,2017,0.09,SEN
Senegal,solar_electricity,2018,0.25,SEN
Senegal,solar_electricity,2019,0.33,SEN
Senegal,solar_electricity,2020,0.38,SEN
Senegal,solar_electricity,2021,0.54,SEN
Senegal,solar_electricity,2022,0.59,SEN
Senegal,solar_electricity,2023,0.59,SEN
Serbia,solar_electricity,1990,0,SRB
Serbia,solar_electricity,1991,0,SRB
Serbia,solar_electricity,1992,0,SRB
Serbia,solar_electricity,1993,0,SRB
Serbia,solar_electricity,1994,0,SRB
Serbia,solar_electricity,1995,0,SRB
Serbia,solar_electricity,1996,0,SRB
Serbia,solar_electricity,1997,0,SRB
Serbia,solar_electricity,1998,0,SRB
Serbia,solar_electricity,1999,0,SRB
Serbia,solar_electricity,2000,0,SRB
Serbia,solar_electricity,2001,0,SRB
Serbia,solar_electricity,2002,0,SRB
Serbia,solar_electricity,2003,0,SRB
Serbia,solar_electricity,2004,0,SRB
Serbia,solar_electricity,2005,0,SRB
Serbia,solar_electricity,2006,0,SRB
Serbia,solar_electricity,2007,0,SRB
Serbia,solar_electricity,2008,0,SRB
Serbia,solar_electricity,2009,0,SRB
Serbia,solar_electricity,2010,0,SRB
Serbia,solar_electricity,2011,0,SRB
Serbia,solar_electricity,2012,0,SRB
Serbia,solar_electricity,2013,0,SRB
Serbia,solar_electricity,2014,0.01,SRB
Serbia,solar_electricity,2015,0.01,SRB
Serbia,solar_electricity,2016,0.01,SRB
Serbia,solar_electricity,2017,0.01,SRB
Serbia,solar_electricity,2018,0.01,SRB
Serbia,solar_electricity,2019,0.01,SRB
Serbia,solar_electricity,2020,0.01,SRB
Serbia,solar_electricity,2021,0.01,SRB
Serbia,solar_electricity,2022,0.02,SRB
Serbia,solar_electricity,2023,0.05,SRB
Serbia,solar_electricity,2024,0.05,SRB
Seychelles,solar_electricity,2000,0,SYC
Seychelles,solar_electricity,2001,0,SYC
Seychelles,solar_electricity,2002,0,SYC
Seychelles,solar_electricity,2003,0,SYC
Seychelles,solar_electricity,2004,0,SYC
Seychelles,solar_electricity,2005,0,SYC
Seychelles,solar_electricity,2006,0,SYC
Seychelles,solar_electricity,2007,0,SYC
Seychelles,solar_electricity,2008,0,SYC
Seychelles,solar_electricity,2009,0,SYC
Seychelles,solar_electricity,2010,0,SYC
Seychelles,solar_electricity,2011,0,SYC
Seychelles,solar_electricity,2012,0,SYC
Seychelles,solar_electricity,2013,0,SYC
Seychelles,solar_electricity,2014,0,SYC
Seychelles,solar_electricity,2015,0,SYC
Seychelles,solar_electricity,2016,0,SYC
Seychelles,solar_electricity,2017,0,SYC
Seychelles,solar_electricity,2018,0,SYC
Seychelles,solar_electricity,2019,0.04,SYC
Seychelles,solar_electricity,2020,0.06,SYC
Seychelles,solar_electricity,2021,0.07,SYC
Seychelles,solar_electricity,2022,0.08,SYC
Seychelles,solar_electricity,2023,0.08,SYC
Sierra Leone,solar_electricity,2000,0,SLE
Sierra Leone,solar_electricity,2001,0,SLE
Sierra Leone,solar_electricity,2002,0,SLE
Sierra Leone,solar_electricity,2003,0,SLE
Sierra Leone,solar_electricity,2004,0,SLE
Sierra Leone,solar_electricity,2005,0,SLE
Sierra Leone,solar_electricity,2006,0,SLE
Sierra Leone,solar_electricity,2007,0,SLE
Sierra Leone,solar_electricity,2008,0,SLE
Sierra Leone,solar_electricity,2009,0,SLE
Sierra Leone,solar_electricity,2010,0,SLE
Sierra Leone,solar_electricity,2011,0,SLE
Sierra Leone,solar_electricity,2012,0,SLE
Sierra Leone,solar_electricity,2013,0,SLE
Sierra Leone,solar_electricity,2014,0,SLE
Sierra Leone,solar_electricity,2015,0,SLE
Sierra Leone,solar_electricity,2016,0,SLE
Sierra Leone,solar_electricity,2017,0.01,SLE
Sierra Leone,solar_electricity,2018,0.01,SLE
Sierra Leone,solar_electricity,2019,0.01,SLE
Sierra Leone,solar_electricity,2020,0.01,SLE
Sierra Leone,solar_electricity,2021,0.01,SLE
Sierra Leone,solar_electricity,2022,0.01,SLE
Sierra Leone,solar_electricity,2023,0.02,SLE
Singapore,solar_electricity,1965,0,SGP
Singapore,solar_electricity,1966,0,SGP
Singapore,solar_electricity,1967,0,SGP
Singapore,solar_electricity,1968,0,SGP
Singapore,solar_electricity,1969,0,SGP
Singapore,solar_electricity,1970,0,SGP
Singapore,solar_electricity,1971,0,SGP
Singapore,solar_electricity,1972,0,SGP
Singapore,solar_electricity,1973,0,SGP
Singapore,solar_electricity,1974,0,SGP
Singapore,solar_electricity,1975,0,SGP
Singapore,solar_electricity,1976,0,SGP
Singapore,solar_electricity,1977,0,SGP
Singapore,solar_electricity,1978,0,SGP
Singapore,solar_electricity,1979,0,SGP
Singapore,solar_electricity,1980,0,SGP
Singapore,solar_electricity,1981,0,SGP
Singapore,solar_electricity,1982,0,SGP
Singapore,solar_electricity,1983,0,SGP
Singapore,solar_electricity,1984,0,SGP
Singapore,solar_electricity,1985,0,SGP
Singapore,solar_electricity,1986,0,SGP
Singapore,solar_electricity,1987,0,SGP
Singapore,solar_electricity,1988,0,SGP
Singapore,solar_electricity,1989,0,SGP
Singapore,solar_electricity,1990,0,SGP
Singapore,solar_electricity,1991,0,SGP
Singapore,solar_electricity,1992,0,SGP
Singapore,solar_electricity,1993,0,SGP
Singapore,solar_electricity,1994,0,SGP
Singapore,solar_electricity,1995,0,SGP
Singapore,solar_electricity,1996,0,SGP
Singapore,solar_electricity,1997,0,SGP
Singapore,solar_electricity,1998,0,SGP
Singapore,solar_electricity,1999,0,SGP
Singapore,solar_electricity,2000,0,SGP
Singapore,solar_electricity,2001,0,SGP
Singapore,solar_electricity,2002,0,SGP
Singapore,solar_electricity,2003,0,SGP
Singapore,solar_electricity,2004,0,SGP
Singapore,solar_electricity,2005,0,SGP
Singapore,solar_electricity,2006,0,SGP
Singapore,solar_electricity,2007,0,SGP
Singapore,solar_electricity,2008,0,SGP
Singapore,solar_electricity,2009,0,SGP
Singapore,solar_electricity,2010,0,SGP
Singapore,solar_electricity,2011,0,SGP
Singapore,solar_electricity,2012,0,SGP
Singapore,solar_electricity,2013,0,SGP
Singapore,solar_electricity,2014,0,SGP
Singapore,solar_electricity,2015,0,SGP
Singapore,solar_electricity,2016,0.09,SGP
Singapore,solar_electricity,2017,0.12,SGP
Singapore,solar_electricity,2018,0.14,SGP
Singapore,solar_electricity,2019,0.19,SGP
Singapore,solar_electricity,2020,0.3,SGP
Singapore,solar_electricity,2021,0.4,SGP
Singapore,solar_electricity,2022,0.67,SGP
Singapore,solar_electricity,2023,0.94,SGP
Singapore,solar_electricity,2024,1.28,SGP
Slovakia,solar_electricity,1965,0,SVK
Slovakia,solar_electricity,1966,0,SVK
Slovakia,solar_electricity,1967,0,SVK
Slovakia,solar_electricity,1968,0,SVK
Slovakia,solar_electricity,1969,0,SVK
Slovakia,solar_electricity,1970,0,SVK
Slovakia,solar_electricity,1971,0,SVK
Slovakia,solar_electricity,1972,0,SVK
Slovakia,solar_electricity,1973,0,SVK
Slovakia,solar_electricity,1974,0,SVK
Slovakia,solar_electricity,1975,0,SVK
Slovakia,solar_electricity,1976,0,SVK
Slovakia,solar_electricity,1977,0,SVK
Slovakia,solar_electricity,1978,0,SVK
Slovakia,solar_electricity,1979,0,SVK
Slovakia,solar_electricity,1980,0,SVK
Slovakia,solar_electricity,1981,0,SVK
Slovakia,solar_electricity,1982,0,SVK
Slovakia,solar_electricity,1983,0,SVK
Slovakia,solar_electricity,1984,0,SVK
Slovakia,solar_electricity,1985,0,SVK
Slovakia,solar_electricity,1986,0,SVK
Slovakia,solar_electricity,1987,0,SVK
Slovakia,solar_electricity,1988,0,SVK
Slovakia,solar_electricity,1989,0,SVK
Slovakia,solar_electricity,1990,0,SVK
Slovakia,solar_electricity,1991,0,SVK
Slovakia,solar_electricity,1992,0,SVK
Slovakia,solar_electricity,1993,0,SVK
Slovakia,solar_electricity,1994,0,SVK
Slovakia,solar_electricity,1995,0,SVK
Slovakia,solar_electricity,1996,0,SVK
Slovakia,solar_electricity,1997,0,SVK
Slovakia,solar_electricity,1998,0,SVK
Slovakia,solar_electricity,1999,0,SVK
Slovakia,solar_electricity,2000,0,SVK
Slovakia,solar_electricity,2001,0,SVK
Slovakia,solar_electricity,2002,0,SVK
Slovakia,solar_electricity,2003,0,SVK
Slovakia,solar_electricity,2004,0,SVK
Slovakia,solar_electricity,2005,0,SVK
Slovakia,solar_electricity,2006,0,SVK
Slovakia,solar_electricity,2007,0,SVK
Slovakia,solar_electricity,2008,0,SVK
Slovakia,solar_electricity,2009,0,SVK
Slovakia,solar_electricity,2010,0.02,SVK
Slovakia,solar_electricity,2011,0.4,SVK
Slovakia,solar_electricity,2012,0.42,SVK
Slovakia,solar_electricity,2013,0.59,SVK
Slovakia,solar_electricity,2014,0.6,SVK
Slovakia,solar_electricity,2015,0.51,SVK
Slovakia,solar_electricity,2016,0.53,SVK
Slovakia,solar_electricity,2017,0.51,SVK
Slovakia,solar_electricity,2018,0.58,SVK
Slovakia,solar_electricity,2019,0.59,SVK
Slovakia,solar_electricity,2020,0.66,SVK
Slovakia,solar_electricity,2021,0.67,SVK
Slovakia,solar_electricity,2022,0.65,SVK
Slovakia,solar_electricity,2023,0.61,SVK
Slovakia,solar_electricity,2024,0.68,SVK
Slovenia,solar_electricity,1990,0,SVN
Slovenia,solar_electricity,1991,0,SVN
Slovenia,solar_electricity,1992,0,SVN
Slovenia,solar_electricity,1993,0,SVN
Slovenia,solar_electricity,1994,0,SVN
Slovenia,solar_electricity,1995,0,SVN
Slovenia,solar_electricity,1996,0,SVN
Slovenia,solar_electricity,1997,0,SVN
Slovenia,solar_electricity,1998,0,SVN
Slovenia,solar_electricity,1999,0,SVN
Slovenia,solar_electricity,2000,0,SVN
Slovenia,solar_electricity,2001,0,SVN
Slovenia,solar_electricity,2002,0,SVN
Slovenia,solar_electricity,2003,0,SVN
Slovenia,solar_electricity,2004,0,SVN
Slovenia,solar_electricity,2005,0,SVN
Slovenia,solar_electricity,2006,0,SVN
Slovenia,solar_electricity,2007,0,SVN
Slovenia,solar_electricity,2008,0,SVN
Slovenia,solar_electricity,2009,0,SVN
Slovenia,solar_electricity,2010,0.01,SVN
Slovenia,solar_electricity,2011,0.07,SVN
Slovenia,solar_electricity,2012,0.16,SVN
Slovenia,solar_electricity,2013,0.22,SVN
Slovenia,solar_electricity,2014,0.26,SVN
Slovenia,solar_electricity,2015,0.27,SVN
Slovenia,solar_electricity,2016,0.27,SVN
Slovenia,solar_electricity,2017,0.28,SVN
Slovenia,solar_electricity,2018,0.25,SVN
Slovenia,solar_electricity,2019,0.3,SVN
Slovenia,solar_electricity,2020,0.37,SVN
Slovenia,solar_electricity,2021,0.45,SVN
Slovenia,solar_electricity,2022,0.65,SVN
Slovenia,solar_electricity,2023,0.98,SVN
Slovenia,solar_electricity,2024,1.48,SVN
Solomon Islands,solar_electricity,2000,0,SLB
Solomon Islands,solar_electricity,2001,0,SLB
Solomon Islands,solar_electricity,2002,0,SLB
Solomon Islands,solar_electricity,2003,0,SLB
Solomon Islands,solar_electricity,2004,0,SLB
Solomon Islands,solar_electricity,2005,0,SLB
Solomon Islands,solar_electricity,2006,0,SLB
Solomon Islands,solar_electricity,2007,0,SLB
Solomon Islands,solar_electricity,2008,0,SLB
Solomon Islands,solar_electricity,2009,0,SLB
Solomon Islands,solar_electricity,2010,0,SLB
Solomon Islands,solar_electricity,2011,0,SLB
Solomon Islands,solar_electricity,2012,0,SLB
Solomon Islands,solar_electricity,2013,0,SLB
Solomon Islands,solar_electricity,2014,0,SLB
Solomon Islands,solar_electricity,2015,0,SLB
Solomon Islands,solar_electricity,2016,0,SLB
Solomon Islands,solar_electricity,2017,0,SLB
Solomon Islands,solar_electricity,2018,0,SLB
Solomon Islands,solar_electricity,2019,0,SLB
Solomon Islands,solar_electricity,2020,0,SLB
Solomon Islands,solar_electricity,2021,0,SLB
Solomon Islands,solar_electricity,2022,0.01,SLB
Solomon Islands,solar_electricity,2023,0.01,SLB
Somalia,solar_electricity,2000,0,SOM
Somalia,solar_electricity,2001,0,SOM
Somalia,solar_electricity,2002,0,SOM
Somalia,solar_electricity,2003,0,SOM
Somalia,solar_electricity,2004,0,SOM
Somalia,solar_electricity,2005,0,SOM
Somalia,solar_electricity,2006,0,SOM
Somalia,solar_electricity,2007,0,SOM
Somalia,solar_electricity,2008,0,SOM
Somalia,solar_electricity,2009,0,SOM
Somalia,solar_electricity,2010,0,SOM
Somalia,solar_electricity,2011,0,SOM
Somalia,solar_electricity,2012,0,SOM
Somalia,solar_electricity,2013,0,SOM
Somalia,solar_electricity,2014,0,SOM
Somalia,solar_electricity,2015,0,SOM
Somalia,solar_electricity,2016,0.01,SOM
Somalia,solar_electricity,2017,0.01,SOM
Somalia,solar_electricity,2018,0.01,SOM
Somalia,solar_electricity,2019,0.01,SOM
Somalia,solar_electricity,2020,0.02,SOM
Somalia,solar_electricity,2021,0.03,SOM
Somalia,solar_electricity,2022,0.07,SOM
Somalia,solar_electricity,2023,0.07,SOM
South Africa,solar_electricity,1965,0,ZAF
South Africa,solar_electricity,1966,0,ZAF
South Africa,solar_electricity,1967,0,ZAF
South Africa,solar_electricity,1968,0,ZAF
South Africa,solar_electricity,1969,0,ZAF
South Africa,solar_electricity,1970,0,ZAF
South Africa,solar_electricity,1971,0,ZAF
South Africa,solar_electricity,1972,0,ZAF
South Africa,solar_electricity,1973,0,ZAF
South Africa,solar_electricity,1974,0,ZAF
South Africa,solar_electricity,1975,0,ZAF
South Africa,solar_electricity,1976,0,ZAF
South Africa,solar_electricity,1977,0,ZAF
South Africa,solar_electricity,1978,0,ZAF
South Africa,solar_electricity,1979,0,ZAF
South Africa,solar_electricity,1980,0,ZAF
South Africa,solar_electricity,1981,0,ZAF
South Africa,solar_electricity,1982,0,ZAF
South Africa,solar_electricity,1983,0,ZAF
South Africa,solar_electricity,1984,0,ZAF
South Africa,solar_electricity,1985,0,ZAF
South Africa,solar_electricity,1986,0,ZAF
South Africa,solar_electricity,1987,0,ZAF
South Africa,solar_electricity,1988,0,ZAF
South Africa,solar_electricity,1989,0,ZAF
South Africa,solar_electricity,1990,0,ZAF
South Africa,solar_electricity,1991,0,ZAF
South Africa,solar_electricity,1992,0,ZAF
South Africa,solar_electricity,1993,0,ZAF
South Africa,solar_electricity,1994,0,ZAF
South Africa,solar_electricity,1995,0,ZAF
South Africa,solar_electricity,1996,0,ZAF
South Africa,solar_electricity,1997,0,ZAF
South Africa,solar_electricity,1998,0,ZAF
South Africa,solar_electricity,1999,0,ZAF
South Africa,solar_electricity,2000,0.01,ZAF
South Africa,solar_electricity,2001,0.01,ZAF
South Africa,solar_electricity,2002,0.01,ZAF
South Africa,solar_electricity,2003,0.01,ZAF
South Africa,solar_electricity,2004,0.02,ZAF
South Africa,solar_electricity,2005,0.02,ZAF
South Africa,solar_electricity,2006,0.02,ZAF
South Africa,solar_electricity,2007,0.02,ZAF
South Africa,solar_electricity,2008,0.02,ZAF
South Africa,solar_electricity,2009,0.02,ZAF
South Africa,solar_electricity,2010,0.03,ZAF
South Africa,solar_electricity,2011,0.08,ZAF
South Africa,solar_electricity,2012,0.09,ZAF
South Africa,solar_electricity,2013,0.24,ZAF
South Africa,solar_electricity,2014,1.07,ZAF
South Africa,solar_electricity,2015,2.75,ZAF
South Africa,solar_electricity,2016,3.27,ZAF
South Africa,solar_electricity,2017,4.24,ZAF
South Africa,solar_electricity,2018,4.57,ZAF
South Africa,solar_electricity,2019,4.9,ZAF
South Africa,solar_electricity,2020,5.7,ZAF
South Africa,solar_electricity,2021,6.78,ZAF
South Africa,solar_electricity,2022,10.13,ZAF
South Africa,solar_electricity,2023,15.57,ZAF
South Africa,solar_electricity,2024,20.01,ZAF
South Korea,solar_electricity,1965,0,KOR
South Korea,solar_electricity,1966,0,KOR
South Korea,solar_electricity,1967,0,KOR
South Korea,solar_electricity,1968,0,KOR
South Korea,solar_electricity,1969,0,KOR
South Korea,solar_electricity,1970,0,KOR
South Korea,solar_electricity,1971,0,KOR
South Korea,solar_electricity,1972,0,KOR
South Korea,solar_electricity,1973,0,KOR
South Korea,solar_electricity,1974,0,KOR
South Korea,solar_electricity,1975,0,KOR
South Korea,solar_electricity,1976,0,KOR
South Korea,solar_electricity,1977,0,KOR
South Korea,solar_electricity,1978,0,KOR
South Korea,solar_electricity,1979,0,KOR
South Korea,solar_electricity,1980,0,KOR
South Korea,solar_electricity,1981,0,KOR
South Korea,solar_electricity,1982,0,KOR
South Korea,solar_electricity,1983,0,KOR
South Korea,solar_electricity,1984,0,KOR
South Korea,solar_electricity,1985,0,KOR
South Korea,solar_electricity,1986,0,KOR
South Korea,solar_electricity,1987,0,KOR
South Korea,solar_electricity,1988,0,KOR
South Korea,solar_electricity,1989,0,KOR
South Korea,solar_electricity,1990,0.001,KOR
South Korea,solar_electricity,1991,0.001,KOR
South Korea,solar_electricity,1992,0.002,KOR
South Korea,solar_electricity,1993,0.002,KOR
South Korea,solar_electricity,1994,0.002,KOR
South Korea,solar_electricity,1995,0.002,KOR
South Korea,solar_electricity,1996,0.003,KOR
South Korea,solar_electricity,1997,0.003,KOR
South Korea,solar_electricity,1998,0.004,KOR
South Korea,solar_electricity,1999,0.005,KOR
South Korea,solar_electricity,2000,0.01,KOR
South Korea,solar_electricity,2001,0.01,KOR
South Korea,solar_electricity,2002,0.01,KOR
South Korea,solar_electricity,2003,0.01,KOR
South Korea,solar_electricity,2004,0.01,KOR
South Korea,solar_electricity,2005,0.01,KOR
South Korea,solar_electricity,2006,0.03,KOR
South Korea,solar_electricity,2007,0.07,KOR
South Korea,solar_electricity,2008,0.28,KOR
South Korea,solar_electricity,2009,0.57,KOR
South Korea,solar_electricity,2010,0.77,KOR
South Korea,solar_electricity,2011,0.92,KOR
South Korea,solar_electricity,2012,1.13,KOR
South Korea,solar_electricity,2013,1.67,KOR
South Korea,solar_electricity,2014,2.69,KOR
South Korea,solar_electricity,2015,4.23,KOR
South Korea,solar_electricity,2016,5.52,KOR
South Korea,solar_electricity,2017,7.74,KOR
South Korea,solar_electricity,2018,10.17,KOR
South Korea,solar_electricity,2019,14.19,KOR
South Korea,solar_electricity,2020,19.34,KOR
South Korea,solar_electricity,2021,24.72,KOR
South Korea,solar_electricity,2022,30.73,KOR
South Korea,solar_electricity,2023,29.37,KOR
South Korea,solar_electricity,2024,32.73,KOR
South Sudan,solar_electricity,2012,0,SSD
South Sudan,solar_electricity,2013,0,SSD
South Sudan,solar_electricity,2014,0,SSD
South Sudan,solar_electricity,2015,0,SSD
South Sudan,solar_electricity,2016,0,SSD
South Sudan,solar_electricity,2017,0,SSD
South Sudan,solar_electricity,2018,0.01,SSD
South Sudan,solar_electricity,2019,0.01,SSD
South Sudan,solar_electricity,2020,0.01,SSD
South Sudan,solar_electricity,2021,0.02,SSD
South Sudan,solar_electricity,2022,0.04,SSD
South Sudan,solar_electricity,2023,0.04,SSD
Spain,solar_electricity,1965,0,ESP
Spain,solar_electricity,1966,0,ESP
Spain,solar_electricity,1967,0,ESP
Spain,solar_electricity,1968,0,ESP
Spain,solar_electricity,1969,0,ESP
Spain,solar_electricity,1970,0,ESP
Spain,solar_electricity,1971,0,ESP
Spain,solar_electricity,1972,0,ESP
Spain,solar_electricity,1973,0,ESP
Spain,solar_electricity,1974,0,ESP
Spain,solar_electricity,1975,0,ESP
Spain,solar_electricity,1976,0,ESP
Spain,solar_electricity,1977,0,ESP
Spain,solar_electricity,1978,0,ESP
Spain,solar_electricity,1979,0,ESP
Spain,solar_electricity,1980,0,ESP
Spain,solar_electricity,1981,0,ESP
Spain,solar_electricity,1982,0,ESP
Spain,solar_electricity,1983,0,ESP
Spain,solar_electricity,1984,0,ESP
Spain,solar_electricity,1985,0,ESP
Spain,solar_electricity,1986,0,ESP
Spain,solar_electricity,1987,0,ESP
Spain,solar_electricity,1988,0,ESP
Spain,solar_electricity,1989,0.006,ESP
Spain,solar_electricity,1990,0.01,ESP
Spain,solar_electricity,1991,0.01,ESP
Spain,solar_electricity,1992,0.01,ESP
Spain,solar_electricity,1993,0.01,ESP
Spain,solar_electricity,1994,0.01,ESP
Spain,solar_electricity,1995,0.02,ESP
Spain,solar_electricity,1996,0.02,ESP
Spain,solar_electricity,1997,0.02,ESP
Spain,solar_electricity,1998,0.02,ESP
Spain,solar_electricity,1999,0.03,ESP
Spain,solar_electricity,2000,0.01,ESP
Spain,solar_electricity,2001,0.02,ESP
Spain,solar_electricity,2002,0.02,ESP
Spain,solar_electricity,2003,0.02,ESP
Spain,solar_electricity,2004,0.02,ESP
Spain,solar_electricity,2005,0.05,ESP
Spain,solar_electricity,2006,0.12,ESP
Spain,solar_electricity,2007,0.52,ESP
Spain,solar_electricity,2008,2.58,ESP
Spain,solar_electricity,2009,6.06,ESP
Spain,solar_electricity,2010,7.19,ESP
Spain,solar_electricity,2011,9.4,ESP
Spain,solar_electricity,2012,11.97,ESP
Spain,solar_electricity,2013,13.1,ESP
Spain,solar_electricity,2014,13.67,ESP
Spain,solar_electricity,2015,13.86,ESP
Spain,solar_electricity,2016,13.64,ESP
Spain,solar_electricity,2017,14.4,ESP
Spain,solar_electricity,2018,12.74,ESP
Spain,solar_electricity,2019,15.1,ESP
Spain,solar_electricity,2020,20.67,ESP
Spain,solar_electricity,2021,27.1,ESP
Spain,solar_electricity,2022,35.72,ESP
Spain,solar_electricity,2023,48.59,ESP
Spain,solar_electricity,2024,58.6,ESP
Sri Lanka,solar_electricity,1965,0,LKA
Sri Lanka,solar_electricity,1966,0,LKA
Sri Lanka,solar_electricity,1967,0,LKA
Sri Lanka,solar_electricity,1968,0,LKA
Sri Lanka,solar_electricity,1969,0,LKA
Sri Lanka,solar_electricity,1970,0,LKA
Sri Lanka,solar_electricity,1971,0,LKA
Sri Lanka,solar_electricity,1972,0,LKA
Sri Lanka,solar_electricity,1973,0,LKA
Sri Lanka,solar_electricity,1974,0,LKA
Sri Lanka,solar_electricity,1975,0,LKA
Sri Lanka,solar_electricity,1976,0,LKA
Sri Lanka,solar_electricity,1977,0,LKA
Sri Lanka,solar_electricity,1978,0,LKA
Sri Lanka,solar_electricity,1979,0,LKA
Sri Lanka,solar_electricity,1980,0,LKA
Sri Lanka,solar_electricity,1981,0,LKA
Sri Lanka,solar_electricity,1982,0,LKA
Sri Lanka,solar_electricity,1983,0,LKA
Sri Lanka,solar_electricity,1984,0,LKA
Sri Lanka,solar_electricity,1985,0,LKA
Sri Lanka,solar_electricity,1986,0,LKA
Sri Lanka,solar_electricity,1987,0,LKA
Sri Lanka,solar_electricity,1988,0,LKA
Sri Lanka,solar_electricity,1989,0,LKA
Sri Lanka,solar_electricity,1990,0,LKA
Sri Lanka,solar_electricity,1991,0,LKA
Sri Lanka,solar_electricity,1992,0,LKA
Sri Lanka,solar_electricity,1993,0,LKA
Sri Lanka,solar_electricity,1994,0,LKA
Sri Lanka,solar_electricity,1995,0,LKA
Sri Lanka,solar_electricity,1996,0,LKA
Sri Lanka,solar_electricity,1997,0,LKA
Sri Lanka,solar_electricity,1998,0,LKA
Sri Lanka,solar_electricity,1999,0,LKA
Sri Lanka,solar_electricity,2000,0,LKA
Sri Lanka,solar_electricity,2001,0,LKA
Sri Lanka,solar_electricity,2002,0,LKA
Sri Lanka,solar_electricity,2003,0,LKA
Sri Lanka,solar_electricity,2004,0,LKA
Sri Lanka,solar_electricity,2005,0,LKA
Sri Lanka,solar_electricity,2006,0,LKA
Sri Lanka,solar_electricity,2007,0,LKA
Sri Lanka,solar_electricity,2008,0.006,LKA
Sri Lanka,solar_electricity,2009,0.007,LKA
Sri Lanka,solar_electricity,2010,0.007,LKA
Sri Lanka,solar_electricity,2011,0,LKA
Sri Lanka,solar_electricity,2012,0,LKA
Sri Lanka,solar_electricity,2013,0.01,LKA
Sri Lanka,solar_electricity,2014,0.02,LKA
Sri Lanka,solar_electricity,2015,0.03,LKA
Sri Lanka,solar_electricity,2016,0.03,LKA
Sri Lanka,solar_electricity,2017,0.14,LKA
Sri Lanka,solar_electricity,2018,0.21,LKA
Sri Lanka,solar_electricity,2019,0.33,LKA
Sri Lanka,solar_electricity,2020,0.45,LKA
Sri Lanka,solar_electricity,2021,0.63,LKA
Sri Lanka,solar_electricity,2022,0.68,LKA
Sri Lanka,solar_electricity,2023,0.98,LKA
Sri Lanka,solar_electricity,2024,1.29,LKA
Sudan,solar_electricity,2000,0,SDN
Sudan,solar_electricity,2001,0,SDN
Sudan,solar_electricity,2002,0,SDN
Sudan,solar_electricity,2003,0,SDN
Sudan,solar_electricity,2004,0,SDN
Sudan,solar_electricity,2005,0,SDN
Sudan,solar_electricity,2006,0,SDN
Sudan,solar_electricity,2007,0,SDN
Sudan,solar_electricity,2008,0,SDN
Sudan,solar_electricity,2009,0,SDN
Sudan,solar_electricity,2010,0,SDN
Sudan,solar_electricity,2011,0,SDN
Sudan,solar_electricity,2012,0.01,SDN
Sudan,solar_electricity,2013,0.01,SDN
Sudan,solar_electricity,2014,0.01,SDN
Sudan,solar_electricity,2015,0.01,SDN
Sudan,solar_electricity,2016,0.02,SDN
Sudan,solar_electricity,2017,0.02,SDN
Sudan,solar_electricity,2018,0.02,SDN
Sudan,solar_electricity,2019,0.02,SDN
Sudan,solar_electricity,2020,0.03,SDN
Sudan,solar_electricity,2021,0.03,SDN
Sudan,solar_electricity,2022,0.13,SDN
Sudan,solar_electricity,2023,0.14,SDN
Suriname,solar_electricity,2000,0,SUR
Suriname,solar_electricity,2001,0,SUR
Suriname,solar_electricity,2002,0,SUR
Suriname,solar_electricity,2003,0,SUR
Suriname,solar_electricity,2004,0,SUR
Suriname,solar_electricity,2005,0,SUR
Suriname,solar_electricity,2006,0,SUR
Suriname,solar_electricity,2007,0,SUR
Suriname,solar_electricity,2008,0,SUR
Suriname,solar_electricity,2009,0,SUR
Suriname,solar_electricity,2010,0,SUR
Suriname,solar_electricity,2011,0,SUR
Suriname,solar_electricity,2012,0,SUR
Suriname,solar_electricity,2013,0,SUR
Suriname,solar_electricity,2014,0,SUR
Suriname,solar_electricity,2015,0.01,SUR
Suriname,solar_electricity,2016,0.01,SUR
Suriname,solar_electricity,2017,0.01,SUR
Suriname,solar_electricity,2018,0.01,SUR
Suriname,solar_electricity,2019,0.01,SUR
Suriname,solar_electricity,2020,0.01,SUR
Suriname,solar_electricity,2021,0.01,SUR
Suriname,solar_electricity,2022,0.01,SUR
Suriname,solar_electricity,2023,0.01,SUR
Sweden,solar_electricity,1965,0,SWE
Sweden,solar_electricity,1966,0,SWE
Sweden,solar_electricity,1967,0,SWE
Sweden,solar_electricity,1968,0,SWE
Sweden,solar_electricity,1969,0,SWE
Sweden,solar_electricity,1970,0,SWE
Sweden,solar_electricity,1971,0,SWE
Sweden,solar_electricity,1972,0,SWE
Sweden,solar_electricity,1973,0,SWE
Sweden,solar_electricity,1974,0,SWE
Sweden,solar_electricity,1975,0,SWE
Sweden,solar_electricity,1976,0,SWE
Sweden,solar_electricity,1977,0,SWE
Sweden,solar_electricity,1978,0,SWE
Sweden,solar_electricity,1979,0,SWE
Sweden,solar_electricity,1980,0,SWE
Sweden,solar_electricity,1981,0,SWE
Sweden,solar_electricity,1982,0,SWE
Sweden,solar_electricity,1983,0,SWE
Sweden,solar_electricity,1984,0,SWE
Sweden,solar_electricity,1985,0,SWE
Sweden,solar_electricity,1986,0,SWE
Sweden,solar_electricity,1987,0,SWE
Sweden,solar_electricity,1988,0,SWE
Sweden,solar_electricity,1989,0,SWE
Sweden,solar_electricity,1990,0,SWE
Sweden,solar_electricity,1991,0,SWE
Sweden,solar_electricity,1992,0,SWE
Sweden,solar_electricity,1993,0,SWE
Sweden,solar_electricity,1994,0,SWE
Sweden,solar_electricity,1995,0,SWE
Sweden,solar_electricity,1996,0,SWE
Sweden,solar_electricity,1997,0,SWE
Sweden,solar_electricity,1998,0,SWE
Sweden,solar_electricity,1999,0,SWE
Sweden,solar_electricity,2000,0,SWE
Sweden,solar_electricity,2001,0,SWE
Sweden,solar_electricity,2002,0,SWE
Sweden,solar_electricity,2003,0,SWE
Sweden,solar_electricity,2004,0,SWE
Sweden,solar_electricity,2005,0,SWE
Sweden,solar_electricity,2006,0,SWE
Sweden,solar_electricity,2007,0,SWE
Sweden,solar_electricity,2008,0,SWE
Sweden,solar_electricity,2009,0.01,SWE
Sweden,solar_electricity,2010,0.01,SWE
Sweden,solar_electricity,2011,0.01,SWE
Sweden,solar_electricity,2012,0.02,SWE
Sweden,solar_electricity,2013,0.04,SWE
Sweden,solar_electricity,2014,0.05,SWE
Sweden,solar_electricity,2015,0.1,SWE
Sweden,solar_electricity,2016,0.14,SWE
Sweden,solar_electricity,2017,0.23,SWE
Sweden,solar_electricity,2018,0.41,SWE
Sweden,solar_electricity,2019,0.68,SWE
Sweden,solar_electricity,2020,1.05,SWE
Sweden,solar_electricity,2021,1.53,SWE
Sweden,solar_electricity,2022,1.98,SWE
Sweden,solar_electricity,2023,3.11,SWE
Sweden,solar_electricity,2024,3.65,SWE
Switzerland,solar_electricity,1965,0,CHE
Switzerland,solar_electricity,1966,0,CHE
Switzerland,solar_electricity,1967,0,CHE
Switzerland,solar_electricity,1968,0,CHE
Switzerland,solar_electricity,1969,0,CHE
Switzerland,solar_electricity,1970,0,CHE
Switzerland,solar_electricity,1971,0,CHE
Switzerland,solar_electricity,1972,0,CHE
Switzerland,solar_electricity,1973,0,CHE
Switzerland,solar_electricity,1974,0,CHE
Switzerland,solar_electricity,1975,0,CHE
Switzerland,solar_electricity,1976,0,CHE
Switzerland,solar_electricity,1977,0,CHE
Switzerland,solar_electricity,1978,0,CHE
Switzerland,solar_electricity,1979,0,CHE
Switzerland,solar_electricity,1980,0,CHE
Switzerland,solar_electricity,1981,0,CHE
Switzerland,solar_electricity,1982,0,CHE
Switzerland,solar_electricity,1983,0,CHE
Switzerland,solar_electricity,1984,0,CHE
Switzerland,solar_electricity,1985,0,CHE
Switzerland,solar_electricity,1986,0,CHE
Switzerland,solar_electricity,1987,0,CHE
Switzerland,solar_electricity,1988,0,CHE
Switzerland,solar_electricity,1989,0,CHE
Switzerland,solar_electricity,1990,0.001,CHE
Switzerland,solar_electricity,1991,0.002,CHE
Switzerland,solar_electricity,1992,0.003,CHE
Switzerland,solar_electricity,1993,0.004,CHE
Switzerland,solar_electricity,1994,0.005,CHE
Switzerland,solar_electricity,1995,0.006,CHE
Switzerland,solar_electricity,1996,0.007,CHE
Switzerland,solar_electricity,1997,0.007,CHE
Switzerland,solar_electricity,1998,0.008,CHE
Switzerland,solar_electricity,1999,0.01,CHE
Switzerland,solar_electricity,2000,0.01,CHE
Switzerland,solar_electricity,2001,0.01,CHE
Switzerland,solar_electricity,2002,0.01,CHE
Switzerland,solar_electricity,2003,0.02,CHE
Switzerland,solar_electricity,2004,0.02,CHE
Switzerland,solar_electricity,2005,0.02,CHE
Switzerland,solar_electricity,2006,0.02,CHE
Switzerland,solar_electricity,2007,0.03,CHE
Switzerland,solar_electricity,2008,0.04,CHE
Switzerland,solar_electricity,2009,0.05,CHE
Switzerland,solar_electricity,2010,0.09,CHE
Switzerland,solar_electricity,2011,0.17,CHE
Switzerland,solar_electricity,2012,0.3,CHE
Switzerland,solar_electricity,2013,0.5,CHE
Switzerland,solar_electricity,2014,0.84,CHE
Switzerland,solar_electricity,2015,1.12,CHE
Switzerland,solar_electricity,2016,1.33,CHE
Switzerland,solar_electricity,2017,1.68,CHE
Switzerland,solar_electricity,2018,1.95,CHE
Switzerland,solar_electricity,2019,2.18,CHE
Switzerland,solar_electricity,2020,2.6,CHE
Switzerland,solar_electricity,2021,2.84,CHE
Switzerland,solar_electricity,2022,3.86,CHE
Switzerland,solar_electricity,2023,4.62,CHE
Switzerland,solar_electricity,2024,5.89,CHE
Syria,solar_electricity,2000,0,SYR
Syria,solar_electricity,2001,0,SYR
Syria,solar_electricity,2002,0,SYR
Syria,solar_electricity,2003,0,SYR
Syria,solar_electricity,2004,0,SYR
Syria,solar_electricity,2005,0,SYR
Syria,solar_electricity,2006,0,SYR
Syria,solar_electricity,2007,0,SYR
Syria,solar_electricity,2008,0,SYR
Syria,solar_electricity,2009,0,SYR
Syria,solar_electricity,2010,0,SYR
Syria,solar_electricity,2011,0,SYR
Syria,solar_electricity,2012,0,SYR
Syria,solar_electricity,2013,0,SYR
Syria,solar_electricity,2014,0,SYR
Syria,solar_electricity,2015,0,SYR
Syria,solar_electricity,2016,0,SYR
Syria,solar_electricity,2017,0,SYR
Syria,solar_electricity,2018,0,SYR
Syria,solar_electricity,2019,0,SYR
Syria,solar_electricity,2020,0.02,SYR
Syria,solar_electricity,2021,0.06,SYR
Syria,solar_electricity,2022,0.1,SYR
Taiwan,solar_electricity,1965,0,TWN
Taiwan,solar_electricity,1966,0,TWN
Taiwan,solar_electricity,1967,0,TWN
Taiwan,solar_electricity,1968,0,TWN
Taiwan,solar_electricity,1969,0,TWN
Taiwan,solar_electricity,1970,0,TWN
Taiwan,solar_electricity,1971,0,TWN
Taiwan,solar_electricity,1972,0,TWN
Taiwan,solar_electricity,1973,0,TWN
Taiwan,solar_electricity,1974,0,TWN
Taiwan,solar_electricity,1975,0,TWN
Taiwan,solar_electricity,1976,0,TWN
Taiwan,solar_electricity,1977,0,TWN
Taiwan,solar_electricity,1978,0,TWN
Taiwan,solar_electricity,1979,0,TWN
Taiwan,solar_electricity,1980,0,TWN
Taiwan,solar_electricity,1981,0,TWN
Taiwan,solar_electricity,1982,0,TWN
Taiwan,solar_electricity,1983,0,TWN
Taiwan,solar_electricity,1984,0,TWN
Taiwan,solar_electricity,1985,0,TWN
Taiwan,solar_electricity,1986,0,TWN
Taiwan,solar_electricity,1987,0,TWN
Taiwan,solar_electricity,1988,0,TWN
Taiwan,solar_electricity,1989,0,TWN
Taiwan,solar_electricity,1990,0,TWN
Taiwan,solar_electricity,1991,0,TWN
Taiwan,solar_electricity,1992,0,TWN
Taiwan,solar_electricity,1993,0,TWN
Taiwan,solar_electricity,1994,0,TWN
Taiwan,solar_electricity,1995,0,TWN
Taiwan,solar_electricity,1996,0,TWN
Taiwan,solar_electricity,1997,0,TWN
Taiwan,solar_electricity,1998,0,TWN
Taiwan,solar_electricity,1999,0,TWN
Taiwan,solar_electricity,2000,0,TWN
Taiwan,solar_electricity,2001,0,TWN
Taiwan,solar_electricity,2002,0,TWN
Taiwan,solar_electricity,2003,0,TWN
Taiwan,solar_electricity,2004,0,TWN
Taiwan,solar_electricity,2005,0,TWN
Taiwan,solar_electricity,2006,0,TWN
Taiwan,solar_electricity,2007,0,TWN
Taiwan,solar_electricity,2008,0,TWN
Taiwan,solar_electricity,2009,0.01,TWN
Taiwan,solar_electricity,2010,0.02,TWN
Taiwan,solar_electricity,2011,0.06,TWN
Taiwan,solar_electricity,2012,0.16,TWN
Taiwan,solar_electricity,2013,0.32,TWN
Taiwan,solar_electricity,2014,0.53,TWN
Taiwan,solar_electricity,2015,0.85,TWN
Taiwan,solar_electricity,2016,1.11,TWN
Taiwan,solar_electricity,2017,1.67,TWN
Taiwan,solar_electricity,2018,2.7,TWN
Taiwan,solar_electricity,2019,4.02,TWN
Taiwan,solar_electricity,2020,6.07,TWN
Taiwan,solar_electricity,2021,7.97,TWN
Taiwan,solar_electricity,2022,10.68,TWN
Taiwan,solar_electricity,2023,12.91,TWN
Taiwan,solar_electricity,2024,14.91,TWN
Tajikistan,solar_electricity,2000,0,TJK
Tajikistan,solar_electricity,2001,0,TJK
Tajikistan,solar_electricity,2002,0,TJK
Tajikistan,solar_electricity,2003,0,TJK
Tajikistan,solar_electricity,2004,0,TJK
Tajikistan,solar_electricity,2005,0,TJK
Tajikistan,solar_electricity,2006,0,TJK
Tajikistan,solar_electricity,2007,0,TJK
Tajikistan,solar_electricity,2008,0,TJK
Tajikistan,solar_electricity,2009,0,TJK
Tajikistan,solar_electricity,2010,0,TJK
Tajikistan,solar_electricity,2011,0,TJK
Tajikistan,solar_electricity,2012,0,TJK
Tajikistan,solar_electricity,2013,0,TJK
Tajikistan,solar_electricity,2014,0,TJK
Tajikistan,solar_electricity,2015,0,TJK
Tajikistan,solar_electricity,2016,0,TJK
Tajikistan,solar_electricity,2017,0,TJK
Tajikistan,solar_electricity,2018,0,TJK
Tajikistan,solar_electricity,2019,0,TJK
Tajikistan,solar_electricity,2020,0,TJK
Tajikistan,solar_electricity,2021,0,TJK
Tajikistan,solar_electricity,2022,0,TJK
Tajikistan,solar_electricity,2023,0,TJK
Tajikistan,solar_electricity,2024,0,TJK
Tanzania,solar_electricity,2000,0,TZA
Tanzania,solar_electricity,2001,0,TZA
Tanzania,solar_electricity,2002,0,TZA
Tanzania,solar_electricity,2003,0,TZA
Tanzania,solar_electricity,2004,0,TZA
Tanzania,solar_electricity,2005,0,TZA
Tanzania,solar_electricity,2006,0,TZA
Tanzania,solar_electricity,2007,0,TZA
Tanzania,solar_electricity,2008,0,TZA
Tanzania,solar_electricity,2009,0,TZA
Tanzania,solar_electricity,2010,0.01,TZA
Tanzania,solar_electricity,2011,0.01,TZA
Tanzania,solar_electricity,2012,0.01,TZA
Tanzania,solar_electricity,2013,0.01,TZA
Tanzania,solar_electricity,2014,0.02,TZA
Tanzania,solar_electricity,2015,0.02,TZA
Tanzania,solar_electricity,2016,0.03,TZA
Tanzania,solar_electricity,2017,0.04,TZA
Tanzania,solar_electricity,2018,0.03,TZA
Tanzania,solar_electricity,2019,0.03,TZA
Tanzania,solar_electricity,2020,0.03,TZA
Tanzania,solar_electricity,2021,0.03,TZA
Tanzania,solar_electricity,2022,0.03,TZA
Tanzania,solar_electricity,2023,0.03,TZA
Thailand,solar_electricity,1965,0,THA
Thailand,solar_electricity,1966,0,THA
Thailand,solar_electricity,1967,0,THA
Thailand,solar_electricity,1968,0,THA
Thailand,solar_electricity,1969,0,THA
Thailand,solar_electricity,1970,0,THA
Thailand,solar_electricity,1971,0,THA
Thailand,solar_electricity,1972,0,THA
Thailand,solar_electricity,1973,0,THA
Thailand,solar_electricity,1974,0,THA
Thailand,solar_electricity,1975,0,THA
Thailand,solar_electricity,1976,0,THA
Thailand,solar_electricity,1977,0,THA
Thailand,solar_electricity,1978,0,THA
Thailand,solar_electricity,1979,0,THA
Thailand,solar_electricity,1980,0,THA
Thailand,solar_electricity,1981,0,THA
Thailand,solar_electricity,1982,0,THA
Thailand,solar_electricity,1983,0,THA
Thailand,solar_electricity,1984,0,THA
Thailand,solar_electricity,1985,0,THA
Thailand,solar_electricity,1986,0,THA
Thailand,solar_electricity,1987,0,THA
Thailand,solar_electricity,1988,0,THA
Thailand,solar_electricity,1989,0,THA
Thailand,solar_electricity,1990,0,THA
Thailand,solar_electricity,1991,0,THA
Thailand,solar_electricity,1992,0,THA
Thailand,solar_electricity,1993,0,THA
Thailand,solar_electricity,1994,0,THA
Thailand,solar_electricity,1995,0,THA
Thailand,solar_electricity,1996,0,THA
Thailand,solar_electricity,1997,0,THA
Thailand,solar_electricity,1998,0,THA
Thailand,solar_electricity,1999,0,THA
Thailand,solar_electricity,2000,0,THA
Thailand,solar_electricity,2001,0,THA
Thailand,solar_electricity,2002,0,THA
Thailand,solar_electricity,2003,0,THA
Thailand,solar_electricity,2004,0,THA
Thailand,solar_electricity,2005,0,THA
Thailand,solar_electricity,2006,0.04,THA
Thailand,solar_electricity,2007,0.04,THA
Thailand,solar_electricity,2008,0.04,THA
Thailand,solar_electricity,2009,0.04,THA
Thailand,solar_electricity,2010,0.06,THA
Thailand,solar_electricity,2011,0.09,THA
Thailand,solar_electricity,2012,0.5,THA
Thailand,solar_electricity,2013,1.26,THA
Thailand,solar_electricity,2014,1.93,THA
Thailand,solar_electricity,2015,2.38,THA
Thailand,solar_electricity,2016,3.55,THA
Thailand,solar_electricity,2017,4.54,THA
Thailand,solar_electricity,2018,4.54,THA
Thailand,solar_electricity,2019,5.15,THA
Thailand,solar_electricity,2020,5.03,THA
Thailand,solar_electricity,2021,4.99,THA
Thailand,solar_electricity,2022,5.03,THA
Thailand,solar_electricity,2023,5.42,THA
Thailand,solar_electricity,2024,6.17,THA
Togo,solar_electricity,2000,0,TGO
Togo,solar_electricity,2001,0,TGO
Togo,solar_electricity,2002,0,TGO
Togo,solar_electricity,2003,0,TGO
Togo,solar_electricity,2004,0,TGO
Togo,solar_electricity,2005,0,TGO
Togo,solar_electricity,2006,0,TGO
Togo,solar_electricity,2007,0,TGO
Togo,solar_electricity,2008,0,TGO
Togo,solar_electricity,2009,0,TGO
Togo,solar_electricity,2010,0,TGO
Togo,solar_electricity,2011,0,TGO
Togo,solar_electricity,2012,0,TGO
Togo,solar_electricity,2013,0,TGO
Togo,solar_electricity,2014,0,TGO
Togo,solar_electricity,2015,0,TGO
Togo,solar_electricity,2016,0,TGO
Togo,solar_electricity,2017,0,TGO
Togo,solar_electricity,2018,0.01,TGO
Togo,solar_electricity,2019,0.01,TGO
Togo,solar_electricity,2020,0.01,TGO
Togo,solar_electricity,2021,0.07,TGO
Togo,solar_electricity,2022,0.1,TGO
Togo,solar_electricity,2023,0.11,TGO
Tonga,solar_electricity,2000,0,TON
Tonga,solar_electricity,2001,0,TON
Tonga,solar_electricity,2002,0,TON
Tonga,solar_electricity,2003,0,TON
Tonga,solar_electricity,2004,0,TON
Tonga,solar_electricity,2005,0,TON
Tonga,solar_electricity,2006,0,TON
Tonga,solar_electricity,2007,0,TON
Tonga,solar_electricity,2008,0,TON
Tonga,solar_electricity,2009,0,TON
Tonga,solar_electricity,2010,0,TON
Tonga,solar_electricity,2011,0,TON
Tonga,solar_electricity,2012,0,TON
Tonga,solar_electricity,2013,0,TON
Tonga,solar_electricity,2014,0,TON
Tonga,solar_electricity,2015,0,TON
Tonga,solar_electricity,2016,0,TON
Tonga,solar_electricity,2017,0.01,TON
Tonga,solar_electricity,2018,0.01,TON
Tonga,solar_electricity,2019,0.01,TON
Tonga,solar_electricity,2020,0.01,TON
Tonga,solar_electricity,2021,0.01,TON
Tonga,solar_electricity,2022,0.01,TON
Tonga,solar_electricity,2023,0.01,TON
Trinidad and Tobago,solar_electricity,1965,0,TTO
Trinidad and Tobago,solar_electricity,1966,0,TTO
Trinidad and Tobago,solar_electricity,1967,0,TTO
Trinidad and Tobago,solar_electricity,1968,0,TTO
Trinidad and Tobago,solar_electricity,1969,0,TTO
Trinidad and Tobago,solar_electricity,1970,0,TTO
Trinidad and Tobago,solar_electricity,1971,0,TTO
Trinidad and Tobago,solar_electricity,1972,0,TTO
Trinidad and Tobago,solar_electricity,1973,0,TTO
Trinidad and Tobago,solar_electricity,1974,0,TTO
Trinidad and Tobago,solar_electricity,1975,0,TTO
Trinidad and Tobago,solar_electricity,1976,0,TTO
Trinidad and Tobago,solar_electricity,1977,0,TTO
Trinidad and Tobago,solar_electricity,1978,0,TTO
Trinidad and Tobago,solar_electricity,1979,0,TTO
Trinidad and Tobago,solar_electricity,1980,0,TTO
Trinidad and Tobago,solar_electricity,1981,0,TTO
Trinidad and Tobago,solar_electricity,1982,0,TTO
Trinidad and Tobago,solar_electricity,1983,0,TTO
Trinidad and Tobago,solar_electricity,1984,0,TTO
Trinidad and Tobago,solar_electricity,1985,0,TTO
Trinidad and Tobago,solar_electricity,1986,0,TTO
Trinidad and Tobago,solar_electricity,1987,0,TTO
Trinidad and Tobago,solar_electricity,1988,0,TTO
Trinidad and Tobago,solar_electricity,1989,0,TTO
Trinidad and Tobago,solar_electricity,1990,0,TTO
Trinidad and Tobago,solar_electricity,1991,0,TTO
Trinidad and Tobago,solar_electricity,1992,0,TTO
Trinidad and Tobago,solar_electricity,1993,0,TTO
Trinidad and Tobago,solar_electricity,1994,0,TTO
Trinidad and Tobago,solar_electricity,1995,0,TTO
Trinidad and Tobago,solar_electricity,1996,0,TTO
Trinidad and Tobago,solar_electricity,1997,0,TTO
Trinidad and Tobago,solar_electricity,1998,0,TTO
Trinidad and Tobago,solar_electricity,1999,0,TTO
Trinidad and Tobago,solar_electricity,2000,0,TTO
Trinidad and Tobago,solar_electricity,2001,0,TTO
Trinidad and Tobago,solar_electricity,2002,0,TTO
Trinidad and Tobago,solar_electricity,2003,0,TTO
Trinidad and Tobago,solar_electricity,2004,0,TTO
Trinidad and Tobago,solar_electricity,2005,0,TTO
Trinidad and Tobago,solar_electricity,2006,0,TTO
Trinidad and Tobago,solar_electricity,2007,0,TTO
Trinidad and Tobago,solar_electricity,2008,0,TTO
Trinidad and Tobago,solar_electricity,2009,0,TTO
Trinidad and Tobago,solar_electricity,2010,0,TTO
Trinidad and Tobago,solar_electricity,2011,0,TTO
Trinidad and Tobago,solar_electricity,2012,0,TTO
Trinidad and Tobago,solar_electricity,2013,0,TTO
Trinidad and Tobago,solar_electricity,2014,0,TTO
Trinidad and Tobago,solar_electricity,2015,0.01,TTO
Trinidad and Tobago,solar_electricity,2016,0.01,TTO
Trinidad and Tobago,solar_electricity,2017,0.01,TTO
Trinidad and Tobago,solar_electricity,2018,0.01,TTO
Trinidad and Tobago,solar_electricity,2019,0.01,TTO
Trinidad and Tobago,solar_electricity,2020,0.01,TTO
Trinidad and Tobago,solar_electricity,2021,0.01,TTO
Trinidad and Tobago,solar_electricity,2022,0.01,TTO
Trinidad and Tobago,solar_electricity,2023,0.01,TTO
Trinidad and Tobago,solar_electricity,2024,0.007,TTO
Tunisia,solar_electricity,2000,0,TUN
Tunisia,solar_electricity,2001,0,TUN
Tunisia,solar_electricity,2002,0,TUN
Tunisia,solar_electricity,2003,0,TUN
Tunisia,solar_electricity,2004,0,TUN
Tunisia,solar_electricity,2005,0,TUN
Tunisia,solar_electricity,2006,0,TUN
Tunisia,solar_electricity,2007,0,TUN
Tunisia,solar_electricity,2008,0,TUN
Tunisia,solar_electricity,2009,0,TUN
Tunisia,solar_electricity,2010,0,TUN
Tunisia,solar_electricity,2011,0,TUN
Tunisia,solar_electricity,2012,0,TUN
Tunisia,solar_electricity,2013,0.01,TUN
Tunisia,solar_electricity,2014,0.03,TUN
Tunisia,solar_electricity,2015,0.06,TUN
Tunisia,solar_electricity,2016,0.11,TUN
Tunisia,solar_electricity,2017,0.13,TUN
Tunisia,solar_electricity,2018,0.08,TUN
Tunisia,solar_electricity,2019,0.12,TUN
Tunisia,solar_electricity,2020,0.15,TUN
Tunisia,solar_electricity,2021,0.22,TUN
Tunisia,solar_electricity,2022,0.32,TUN
Tunisia,solar_electricity,2023,0.49,TUN
Tunisia,solar_electricity,2024,0.49,TUN
Turkey,solar_electricity,1965,0,TUR
Turkey,solar_electricity,1966,0,TUR
Turkey,solar_electricity,1967,0,TUR
Turkey,solar_electricity,1968,0,TUR
Turkey,solar_electricity,1969,0,TUR
Turkey,solar_electricity,1970,0,TUR
Turkey,solar_electricity,1971,0,TUR
Turkey,solar_electricity,1972,0,TUR
Turkey,solar_electricity,1973,0,TUR
Turkey,solar_electricity,1974,0,TUR
Turkey,solar_electricity,1975,0,TUR
Turkey,solar_electricity,1976,0,TUR
Turkey,solar_electricity,1977,0,TUR
Turkey,solar_electricity,1978,0,TUR
Turkey,solar_electricity,1979,0,TUR
Turkey,solar_electricity,1980,0,TUR
Turkey,solar_electricity,1981,0,TUR
Turkey,solar_electricity,1982,0,TUR
Turkey,solar_electricity,1983,0,TUR
Turkey,solar_electricity,1984,0,TUR
Turkey,solar_electricity,1985,0,TUR
Turkey,solar_electricity,1986,0,TUR
Turkey,solar_electricity,1987,0,TUR
Turkey,solar_electricity,1988,0,TUR
Turkey,solar_electricity,1989,0,TUR
Turkey,solar_electricity,1990,0,TUR
Turkey,solar_electricity,1991,0,TUR
Turkey,solar_electricity,1992,0,TUR
Turkey,solar_electricity,1993,0,TUR
Turkey,solar_electricity,1994,0,TUR
Turkey,solar_electricity,1995,0,TUR
Turkey,solar_electricity,1996,0,TUR
Turkey,solar_electricity,1997,0,TUR
Turkey,solar_electricity,1998,0,TUR
Turkey,solar_electricity,1999,0,TUR
Turkey,solar_electricity,2000,0,TUR
Turkey,solar_electricity,2001,0,TUR
Turkey,solar_electricity,2002,0,TUR
Turkey,solar_electricity,2003,0,TUR
Turkey,solar_electricity,2004,0,TUR
Turkey,solar_electricity,2005,0,TUR
Turkey,solar_electricity,2006,0,TUR
Turkey,solar_electricity,2007,0,TUR
Turkey,solar_electricity,2008,0,TUR
Turkey,solar_electricity,2009,0,TUR
Turkey,solar_electricity,2010,0,TUR
Turkey,solar_electricity,2011,0,TUR
Turkey,solar_electricity,2012,0,TUR
Turkey,solar_electricity,2013,0,TUR
Turkey,solar_electricity,2014,0.02,TUR
Turkey,solar_electricity,2015,0.19,TUR
Turkey,solar_electricity,2016,1.04,TUR
Turkey,solar_electricity,2017,2.89,TUR
Turkey,solar_electricity,2018,7.8,TUR
Turkey,solar_electricity,2019,9.57,TUR
Turkey,solar_electricity,2020,11.2,TUR
Turkey,solar_electricity,2021,13.28,TUR
Turkey,solar_electricity,2022,15.16,TUR
Turkey,solar_electricity,2023,18.4,TUR
Turkey,solar_electricity,2024,25.67,TUR
Turkmenistan,solar_electricity,1985,0,TKM
Turkmenistan,solar_electricity,1986,0,TKM
Turkmenistan,solar_electricity,1987,0,TKM
Turkmenistan,solar_electricity,1988,0,TKM
Turkmenistan,solar_electricity,1989,0,TKM
Turkmenistan,solar_electricity,1990,0,TKM
Turkmenistan,solar_electricity,1991,0,TKM
Turkmenistan,solar_electricity,1992,0,TKM
Turkmenistan,solar_electricity,1993,0,TKM
Turkmenistan,solar_electricity,1994,0,TKM
Turkmenistan,solar_electricity,1995,0,TKM
Turkmenistan,solar_electricity,1996,0,TKM
Turkmenistan,solar_electricity,1997,0,TKM
Turkmenistan,solar_electricity,1998,0,TKM
Turkmenistan,solar_electricity,1999,0,TKM
Turkmenistan,solar_electricity,2000,0,TKM
Turkmenistan,solar_electricity,2001,0,TKM
Turkmenistan,solar_electricity,2002,0,TKM
Turkmenistan,solar_electricity,2003,0,TKM
Turkmenistan,solar_electricity,2004,0,TKM
Turkmenistan,solar_electricity,2005,0,TKM
Turkmenistan,solar_electricity,2006,0,TKM
Turkmenistan,solar_electricity,2007,0,TKM
Turkmenistan,solar_electricity,2008,0,TKM
Turkmenistan,solar_electricity,2009,0,TKM
Turkmenistan,solar_electricity,2010,0,TKM
Turkmenistan,solar_electricity,2011,0,TKM
Turkmenistan,solar_electricity,2012,0,TKM
Turkmenistan,solar_electricity,2013,0,TKM
Turkmenistan,solar_electricity,2014,0,TKM
Turkmenistan,solar_electricity,2015,0,TKM
Turkmenistan,solar_electricity,2016,0,TKM
Turkmenistan,solar_electricity,2017,0,TKM
Turkmenistan,solar_electricity,2018,0,TKM
Turkmenistan,solar_electricity,2019,0,TKM
Turkmenistan,solar_electricity,2020,0,TKM
Turkmenistan,solar_electricity,2021,0,TKM
Turkmenistan,solar_electricity,2022,0,TKM
Turkmenistan,solar_electricity,2023,0,TKM
Turkmenistan,solar_electricity,2024,0.007,TKM
Turks and Caicos Islands,solar_electricity,2000,0,TCA
Turks and Caicos Islands,solar_electricity,2001,0,TCA
Turks and Caicos Islands,solar_electricity,2002,0,TCA
Turks and Caicos Islands,solar_electricity,2003,0,TCA
Turks and Caicos Islands,solar_electricity,2004,0,TCA
Turks and Caicos Islands,solar_electricity,2005,0,TCA
Turks and Caicos Islands,solar_electricity,2006,0,TCA
Turks and Caicos Islands,solar_electricity,2007,0,TCA
Turks and Caicos Islands,solar_electricity,2008,0,TCA
Turks and Caicos Islands,solar_electricity,2009,0,TCA
Turks and Caicos Islands,solar_electricity,2010,0,TCA
Turks and Caicos Islands,solar_electricity,2011,0,TCA
Turks and Caicos Islands,solar_electricity,2012,0,TCA
Turks and Caicos Islands,solar_electricity,2013,0,TCA
Turks and Caicos Islands,solar_electricity,2014,0,TCA
Turks and Caicos Islands,solar_electricity,2015,0,TCA
Turks and Caicos Islands,solar_electricity,2016,0,TCA
Turks and Caicos Islands,solar_electricity,2017,0,TCA
Turks and Caicos Islands,solar_electricity,2018,0,TCA
Turks and Caicos Islands,solar_electricity,2019,0,TCA
Turks and Caicos Islands,solar_electricity,2020,0,TCA
Turks and Caicos Islands,solar_electricity,2021,0,TCA
Turks and Caicos Islands,solar_electricity,2022,0,TCA
Turks and Caicos Islands,solar_electricity,2023,0,TCA
Uganda,solar_electricity,2000,0,UGA
Uganda,solar_electricity,2001,0,UGA
Uganda,solar_electricity,2002,0,UGA
Uganda,solar_electricity,2003,0,UGA
Uganda,solar_electricity,2004,0,UGA
Uganda,solar_electricity,2005,0,UGA
Uganda,solar_electricity,2006,0.01,UGA
Uganda,solar_electricity,2007,0.01,UGA
Uganda,solar_electricity,2008,0.02,UGA
Uganda,solar_electricity,2009,0.02,UGA
Uganda,solar_electricity,2010,0.02,UGA
Uganda,solar_electricity,2011,0.02,UGA
Uganda,solar_electricity,2012,0.03,UGA
Uganda,solar_electricity,2013,0.03,UGA
Uganda,solar_electricity,2014,0.03,UGA
Uganda,solar_electricity,2015,0.03,UGA
Uganda,solar_electricity,2016,0.04,UGA
Uganda,solar_electricity,2017,0.06,UGA
Uganda,solar_electricity,2018,0.07,UGA
Uganda,solar_electricity,2019,0.13,UGA
Uganda,solar_electricity,2020,0.14,UGA
Uganda,solar_electricity,2021,0.13,UGA
Uganda,solar_electricity,2022,0.15,UGA
Ukraine,solar_electricity,1985,0,UKR
Ukraine,solar_electricity,1986,0,UKR
Ukraine,solar_electricity,1987,0,UKR
Ukraine,solar_electricity,1988,0,UKR
Ukraine,solar_electricity,1989,0,UKR
Ukraine,solar_electricity,1990,0,UKR
Ukraine,solar_electricity,1991,0,UKR
Ukraine,solar_electricity,1992,0,UKR
Ukraine,solar_electricity,1993,0,UKR
Ukraine,solar_electricity,1994,0,UKR
Ukraine,solar_electricity,1995,0,UKR
Ukraine,solar_electricity,1996,0,UKR
Ukraine,solar_electricity,1997,0,UKR
Ukraine,solar_electricity,1998,0,UKR
Ukraine,solar_electricity,1999,0,UKR
Ukraine,solar_electricity,2000,0,UKR
Ukraine,solar_electricity,2001,0,UKR
Ukraine,solar_electricity,2002,0,UKR
Ukraine,solar_electricity,2003,0,UKR
Ukraine,solar_electricity,2004,0,UKR
Ukraine,solar_electricity,2005,0,UKR
Ukraine,solar_electricity,2006,0,UKR
Ukraine,solar_electricity,2007,0,UKR
Ukraine,solar_electricity,2008,0,UKR
Ukraine,solar_electricity,2009,0,UKR
Ukraine,solar_electricity,2010,0,UKR
Ukraine,solar_electricity,2011,0.03,UKR
Ukraine,solar_electricity,2012,0.33,UKR
Ukraine,solar_electricity,2013,0.57,UKR
Ukraine,solar_electricity,2014,0.43,UKR
Ukraine,solar_electricity,2015,0.48,UKR
Ukraine,solar_electricity,2016,0.49,UKR
Ukraine,solar_electricity,2017,0.72,UKR
Ukraine,solar_electricity,2018,1.11,UKR
Ukraine,solar_electricity,2019,2.93,UKR
Ukraine,solar_electricity,2020,5.37,UKR
Ukraine,solar_electricity,2021,6.5,UKR
Ukraine,solar_electricity,2022,5.2,UKR
Ukraine,solar_electricity,2023,5.71,UKR
Ukraine,solar_electricity,2024,5.71,UKR
United Arab Emirates,solar_electricity,1965,0,ARE
United Arab Emirates,solar_electricity,1966,0,ARE
United Arab Emirates,solar_electricity,1967,0,ARE
United Arab Emirates,solar_electricity,1968,0,ARE
United Arab Emirates,solar_electricity,1969,0,ARE
United Arab Emirates,solar_electricity,1970,0,ARE
United Arab Emirates,solar_electricity,1971,0,ARE
United Arab Emirates,solar_electricity,1972,0,ARE
United Arab Emirates,solar_electricity,1973,0,ARE
United Arab Emirates,solar_electricity,1974,0,ARE
United Arab Emirates,solar_electricity,1975,0,ARE
United Arab Emirates,solar_electricity,1976,0,ARE
United Arab Emirates,solar_electricity,1977,0,ARE
United Arab Emirates,solar_electricity,1978,0,ARE
United Arab Emirates,solar_electricity,1979,0,ARE
United Arab Emirates,solar_electricity,1980,0,ARE
United Arab Emirates,solar_electricity,1981,0,ARE
United Arab Emirates,solar_electricity,1982,0,ARE
United Arab Emirates,solar_electricity,1983,0,ARE
United Arab Emirates,solar_electricity,1984,0,ARE
United Arab Emirates,solar_electricity,1985,0,ARE
United Arab Emirates,solar_electricity,1986,0,ARE
United Arab Emirates,solar_electricity,1987,0,ARE
United Arab Emirates,solar_electricity,1988,0,ARE
United Arab Emirates,solar_electricity,1989,0,ARE
United Arab Emirates,solar_electricity,1990,0,ARE
United Arab Emirates,solar_electricity,1991,0,ARE
United Arab Emirates,solar_electricity,1992,0,ARE
United Arab Emirates,solar_electricity,1993,0,ARE
United Arab Emirates,solar_electricity,1994,0,ARE
United Arab Emirates,solar_electricity,1995,0,ARE
United Arab Emirates,solar_electricity,1996,0,ARE
United Arab Emirates,solar_electricity,1997,0,ARE
United Arab Emirates,solar_electricity,1998,0,ARE
United Arab Emirates,solar_electricity,1999,0,ARE
United Arab Emirates,solar_electricity,2000,0,ARE
United Arab Emirates,solar_electricity,2001,0,ARE
United Arab Emirates,solar_electricity,2002,0,ARE
United Arab Emirates,solar_electricity,2003,0,ARE
United Arab Emirates,solar_electricity,2004,0,ARE
United Arab Emirates,solar_electricity,2005,0,ARE
United Arab Emirates,solar_electricity,2006,0,ARE
United Arab Emirates,solar_electricity,2007,0,ARE
United Arab Emirates,solar_electricity,2008,0,ARE
United Arab Emirates,solar_electricity,2009,0.01,ARE
United Arab Emirates,solar_electricity,2010,0.02,ARE
United Arab Emirates,solar_electricity,2011,0.02,ARE
United Arab Emirates,solar_electricity,2012,0.02,ARE
United Arab Emirates,solar_electricity,2013,0.09,ARE
United Arab Emirates,solar_electricity,2014,0.31,ARE
United Arab Emirates,solar_electricity,2015,0.3,ARE
United Arab Emirates,solar_electricity,2016,0.32,ARE
United Arab Emirates,solar_electricity,2017,0.75,ARE
United Arab Emirates,solar_electricity,2018,1.2,ARE
United Arab Emirates,solar_electricity,2019,3.66,ARE
United Arab Emirates,solar_electricity,2020,5.18,ARE
United Arab Emirates,solar_electricity,2021,6.25,ARE
United Arab Emirates,solar_electricity,2022,7.74,ARE
United Arab Emirates,solar_electricity,2023,13.75,ARE
United Arab Emirates,solar_electricity,2024,15.209,ARE
United Kingdom,solar_electricity,1965,0,GBR
United Kingdom,solar_electricity,1966,0,GBR
United Kingdom,solar_electricity,1967,0,GBR
United Kingdom,solar_electricity,1968,0,GBR
United Kingdom,solar_electricity,1969,0,GBR
United Kingdom,solar_electricity,1970,0,GBR
United Kingdom,solar_electricity,1971,0,GBR
United Kingdom,solar_electricity,1972,0,GBR
United Kingdom,solar_electricity,1973,0,GBR
United Kingdom,solar_electricity,1974,0,GBR
United Kingdom,solar_electricity,1975,0,GBR
United Kingdom,solar_electricity,1976,0,GBR
United Kingdom,solar_electricity,1977,0,GBR
United Kingdom,solar_electricity,1978,0,GBR
United Kingdom,solar_electricity,1979,0,GBR
United Kingdom,solar_electricity,1980,0,GBR
United Kingdom,solar_electricity,1981,0,GBR
United Kingdom,solar_electricity,1982,0,GBR
United Kingdom,solar_electricity,1983,0,GBR
United Kingdom,solar_electricity,1984,0.001,GBR
United Kingdom,solar_electricity,1985,0.001,GBR
United Kingdom,solar_electricity,1986,0.001,GBR
United Kingdom,solar_electricity,1987,0,GBR
United Kingdom,solar_electricity,1988,0.001,GBR
United Kingdom,solar_electricity,1989,0,GBR
United Kingdom,solar_electricity,1990,0,GBR
United Kingdom,solar_electricity,1991,0,GBR
United Kingdom,solar_electricity,1992,0,GBR
United Kingdom,solar_electricity,1993,0,GBR
United Kingdom,solar_electricity,1994,0,GBR
United Kingdom,solar_electricity,1995,0,GBR
United Kingdom,solar_electricity,1996,0,GBR
United Kingdom,solar_electricity,1997,0,GBR
United Kingdom,solar_electricity,1998,0,GBR
United Kingdom,solar_electricity,1999,0,GBR
United Kingdom,solar_electricity,2000,0,GBR
United Kingdom,solar_electricity,2001,0,GBR
United Kingdom,solar_electricity,2002,0,GBR
United Kingdom,solar_electricity,2003,0,GBR
United Kingdom,solar_electricity,2004,0,GBR
United Kingdom,solar_electricity,2005,0.01,GBR
United Kingdom,solar_electricity,2006,0.01,GBR
United Kingdom,solar_electricity,2007,0.01,GBR
United Kingdom,solar_electricity,2008,0.02,GBR
United Kingdom,solar_electricity,2009,0.02,GBR
United Kingdom,solar_electricity,2010,0.04,GBR
United Kingdom,solar_electricity,2011,0.24,GBR
United Kingdom,solar_electricity,2012,1.35,GBR
United Kingdom,solar_electricity,2013,2.01,GBR
United Kingdom,solar_electricity,2014,4.05,GBR
United Kingdom,solar_electricity,2015,7.53,GBR
United Kingdom,solar_electricity,2016,10.41,GBR
United Kingdom,solar_electricity,2017,11.46,GBR
United Kingdom,solar_electricity,2018,12.67,GBR
United Kingdom,solar_electricity,2019,12.42,GBR
United Kingdom,solar_electricity,2020,12.5,GBR
United Kingdom,solar_electricity,2021,12.08,GBR
United Kingdom,solar_electricity,2022,13.28,GBR
United Kingdom,solar_electricity,2023,13.83,GBR
United Kingdom,solar_electricity,2024,15.56,GBR
United States,solar_electricity,1965,0,USA
United States,solar_electricity,1966,0,USA
United States,solar_electricity,1967,0,USA
United States,solar_electricity,1968,0,USA
United States,solar_electricity,1969,0,USA
United States,solar_electricity,1970,0,USA
United States,solar_electricity,1971,0,USA
United States,solar_electricity,1972,0,USA
United States,solar_electricity,1973,0,USA
United States,solar_electricity,1974,0,USA
United States,solar_electricity,1975,0,USA
United States,solar_electricity,1976,0,USA
United States,solar_electricity,1977,0,USA
United States,solar_electricity,1978,0,USA
United States,solar_electricity,1979,0,USA
United States,solar_electricity,1980,0,USA
United States,solar_electricity,1981,0,USA
United States,solar_electricity,1982,0,USA
United States,solar_electricity,1983,0.003,USA
United States,solar_electricity,1984,0.005,USA
United States,solar_electricity,1985,0.011,USA
United States,solar_electricity,1986,0.014,USA
United States,solar_electricity,1987,0.011,USA
United States,solar_electricity,1988,0.009,USA
United States,solar_electricity,1989,0.253,USA
United States,solar_electricity,1990,0.371,USA
United States,solar_electricity,1991,0.478,USA
United States,solar_electricity,1992,0.409,USA
United States,solar_electricity,1993,0.475,USA
United States,solar_electricity,1994,0.502,USA
United States,solar_electricity,1995,0.514,USA
United States,solar_electricity,1996,0.541,USA
United States,solar_electricity,1997,0.533,USA
United States,solar_electricity,1998,0.525,USA
United States,solar_electricity,1999,0.518,USA
United States,solar_electricity,2000,0.49,USA
United States,solar_electricity,2001,0.54,USA
United States,solar_electricity,2002,0.55,USA
United States,solar_electricity,2003,0.53,USA
United States,solar_electricity,2004,0.58,USA
United States,solar_electricity,2005,0.55,USA
United States,solar_electricity,2006,0.51,USA
United States,solar_electricity,2007,0.61,USA
United States,solar_electricity,2008,0.86,USA
United States,solar_electricity,2009,0.89,USA
United States,solar_electricity,2010,1.21,USA
United States,solar_electricity,2011,1.82,USA
United States,solar_electricity,2012,4.33,USA
United States,solar_electricity,2013,9.04,USA
United States,solar_electricity,2014,28.92,USA
United States,solar_electricity,2015,39.03,USA
United States,solar_electricity,2016,54.87,USA
United States,solar_electricity,2017,77.28,USA
United States,solar_electricity,2018,93.36,USA
United States,solar_electricity,2019,106.89,USA
United States,solar_electricity,2020,130.72,USA
United States,solar_electricity,2021,164.42,USA
United States,solar_electricity,2022,205.07,USA
United States,solar_electricity,2023,238.94,USA
United States,solar_electricity,2024,303.17,USA
United States Virgin Islands,solar_electricity,2000,0,VIR
United States Virgin Islands,solar_electricity,2001,0,VIR
United States Virgin Islands,solar_electricity,2002,0,VIR
United States Virgin Islands,solar_electricity,2003,0,VIR
United States Virgin Islands,solar_electricity,2004,0,VIR
United States Virgin Islands,solar_electricity,2005,0,VIR
United States Virgin Islands,solar_electricity,2006,0,VIR
United States Virgin Islands,solar_electricity,2007,0,VIR
United States Virgin Islands,solar_electricity,2008,0,VIR
United States Virgin Islands,solar_electricity,2009,0,VIR
United States Virgin Islands,solar_electricity,2010,0,VIR
United States Virgin Islands,solar_electricity,2011,0,VIR
United States Virgin Islands,solar_electricity,2012,0,VIR
United States Virgin Islands,solar_electricity,2013,0,VIR
United States Virgin Islands,solar_electricity,2014,0.01,VIR
United States Virgin Islands,solar_electricity,2015,0.01,VIR
United States Virgin Islands,solar_electricity,2016,0.01,VIR
United States Virgin Islands,solar_electricity,2017,0.01,VIR
United States Virgin Islands,solar_electricity,2018,0.01,VIR
United States Virgin Islands,solar_electricity,2019,0.01,VIR
United States Virgin Islands,solar_electricity,2020,0.01,VIR
United States Virgin Islands,solar_electricity,2021,0.02,VIR
United States Virgin Islands,solar_electricity,2022,0.02,VIR
United States Virgin Islands,solar_electricity,2023,0.02,VIR
Uruguay,solar_electricity,2000,0,URY
Uruguay,solar_electricity,2001,0,URY
Uruguay,solar_electricity,2002,0,URY
Uruguay,solar_electricity,2003,0,URY
Uruguay,solar_electricity,2004,0,URY
Uruguay,solar_electricity,2005,0,URY
Uruguay,solar_electricity,2006,0,URY
Uruguay,solar_electricity,2007,0,URY
Uruguay,solar_electricity,2008,0,URY
Uruguay,solar_electricity,2009,0,URY
Uruguay,solar_electricity,2010,0,URY
Uruguay,solar_electricity,2011,0,URY
Uruguay,solar_electricity,2012,0,URY
Uruguay,solar_electricity,2013,0,URY
Uruguay,solar_electricity,2014,0,URY
Uruguay,solar_electricity,2015,0.05,URY
Uruguay,solar_electricity,2016,0.15,URY
Uruguay,solar_electricity,2017,0.27,URY
Uruguay,solar_electricity,2018,0.41,URY
Uruguay,solar_electricity,2019,0.42,URY
Uruguay,solar_electricity,2020,0.46,URY
Uruguay,solar_electricity,2021,0.48,URY
Uruguay,solar_electricity,2022,0.5,URY
Uruguay,solar_electricity,2023,0.49,URY
Uruguay,solar_electricity,2024,0.53,URY
Uzbekistan,solar_electricity,1985,0,UZB
Uzbekistan,solar_electricity,1986,0,UZB
Uzbekistan,solar_electricity,1987,0,UZB
Uzbekistan,solar_electricity,1988,0,UZB
Uzbekistan,solar_electricity,1989,0,UZB
Uzbekistan,solar_electricity,1990,0,UZB
Uzbekistan,solar_electricity,1991,0,UZB
Uzbekistan,solar_electricity,1992,0,UZB
Uzbekistan,solar_electricity,1993,0,UZB
Uzbekistan,solar_electricity,1994,0,UZB
Uzbekistan,solar_electricity,1995,0,UZB
Uzbekistan,solar_electricity,1996,0,UZB
Uzbekistan,solar_electricity,1997,0,UZB
Uzbekistan,solar_electricity,1998,0,UZB
Uzbekistan,solar_electricity,1999,0,UZB
Uzbekistan,solar_electricity,2000,0,UZB
Uzbekistan,solar_electricity,2001,0,UZB
Uzbekistan,solar_electricity,2002,0,UZB
Uzbekistan,solar_electricity,2003,0,UZB
Uzbekistan,solar_electricity,2004,0,UZB
Uzbekistan,solar_electricity,2005,0,UZB
Uzbekistan,solar_electricity,2006,0,UZB
Uzbekistan,solar_electricity,2007,0,UZB
Uzbekistan,solar_electricity,2008,0,UZB
Uzbekistan,solar_electricity,2009,0,UZB
Uzbekistan,solar_electricity,2010,0,UZB
Uzbekistan,solar_electricity,2011,0,UZB
Uzbekistan,solar_electricity,2012,0,UZB
Uzbekistan,solar_electricity,2013,0,UZB
Uzbekistan,solar_electricity,2014,0,UZB
Uzbekistan,solar_electricity,2015,0,UZB
Uzbekistan,solar_electricity,2016,0,UZB
Uzbekistan,solar_electricity,2017,0.01,UZB
Uzbekistan,solar_electricity,2018,0.01,UZB
Uzbekistan,solar_electricity,2019,0.01,UZB
Uzbekistan,solar_electricity,2020,0.01,UZB
Uzbekistan,solar_electricity,2021,0.05,UZB
Uzbekistan,solar_electricity,2022,0.44,UZB
Uzbekistan,solar_electricity,2023,0.45,UZB
Uzbekistan,solar_electricity,2024,4.311,UZB
Vanuatu,solar_electricity,2000,0,VUT
Vanuatu,solar_electricity,2001,0,VUT
Vanuatu,solar_electricity,2002,0,VUT
Vanuatu,solar_electricity,2003,0,VUT
Vanuatu,solar_electricity,2004,0,VUT
Vanuatu,solar_electricity,2005,0,VUT
Vanuatu,solar_electricity,2006,0,VUT
Vanuatu,solar_electricity,2007,0,VUT
Vanuatu,solar_electricity,2008,0,VUT
Vanuatu,solar_electricity,2009,0,VUT
Vanuatu,solar_electricity,2010,0,VUT
Vanuatu,solar_electricity,2011,0,VUT
Vanuatu,solar_electricity,2012,0,VUT
Vanuatu,solar_electricity,2013,0,VUT
Vanuatu,solar_electricity,2014,0,VUT
Vanuatu,solar_electricity,2015,0,VUT
Vanuatu,solar_electricity,2016,0,VUT
Vanuatu,solar_electricity,2017,0,VUT
Vanuatu,solar_electricity,2018,0.01,VUT
Vanuatu,solar_electricity,2019,0.01,VUT
Vanuatu,solar_electricity,2020,0.01,VUT
Vanuatu,solar_electricity,2021,0.01,VUT
Vanuatu,solar_electricity,2022,0.01,VUT
Vanuatu,solar_electricity,2023,0.01,VUT
Venezuela,solar_electricity,1965,0,VEN
Venezuela,solar_electricity,1966,0,VEN
Venezuela,solar_electricity,1967,0,VEN
Venezuela,solar_electricity,1968,0,VEN
Venezuela,solar_electricity,1969,0,VEN
Venezuela,solar_electricity,1970,0,VEN
Venezuela,solar_electricity,1971,0,VEN
Venezuela,solar_electricity,1972,0,VEN
Venezuela,solar_electricity,1973,0,VEN
Venezuela,solar_electricity,1974,0,VEN
Venezuela,solar_electricity,1975,0,VEN
Venezuela,solar_electricity,1976,0,VEN
Venezuela,solar_electricity,1977,0,VEN
Venezuela,solar_electricity,1978,0,VEN
Venezuela,solar_electricity,1979,0,VEN
Venezuela,solar_electricity,1980,0,VEN
Venezuela,solar_electricity,1981,0,VEN
Venezuela,solar_electricity,1982,0,VEN
Venezuela,solar_electricity,1983,0,VEN
Venezuela,solar_electricity,1984,0,VEN
Venezuela,solar_electricity,1985,0,VEN
Venezuela,solar_electricity,1986,0,VEN
Venezuela,solar_electricity,1987,0,VEN
Venezuela,solar_electricity,1988,0,VEN
Venezuela,solar_electricity,1989,0,VEN
Venezuela,solar_electricity,1990,0,VEN
Venezuela,solar_electricity,1991,0,VEN
Venezuela,solar_electricity,1992,0,VEN
Venezuela,solar_electricity,1993,0,VEN
Venezuela,solar_electricity,1994,0,VEN
Venezuela,solar_electricity,1995,0,VEN
Venezuela,solar_electricity,1996,0,VEN
Venezuela,solar_electricity,1997,0,VEN
Venezuela,solar_electricity,1998,0,VEN
Venezuela,solar_electricity,1999,0,VEN
Venezuela,solar_electricity,2000,0,VEN
Venezuela,solar_electricity,2001,0,VEN
Venezuela,solar_electricity,2002,0,VEN
Venezuela,solar_electricity,2003,0,VEN
Venezuela,solar_electricity,2004,0,VEN
Venezuela,solar_electricity,2005,0,VEN
Venezuela,solar_electricity,2006,0,VEN
Venezuela,solar_electricity,2007,0,VEN
Venezuela,solar_electricity,2008,0,VEN
Venezuela,solar_electricity,2009,0,VEN
Venezuela,solar_electricity,2010,0,VEN
Venezuela,solar_electricity,2011,0,VEN
Venezuela,solar_electricity,2012,0,VEN
Venezuela,solar_electricity,2013,0,VEN
Venezuela,solar_electricity,2014,0,VEN
Venezuela,solar_electricity,2015,0.01,VEN
Venezuela,solar_electricity,2016,0.01,VEN
Venezuela,solar_electricity,2017,0.01,VEN
Venezuela,solar_electricity,2018,0.01,VEN
Venezuela,solar_electricity,2019,0.01,VEN
Venezuela,solar_electricity,2020,0.01,VEN
Venezuela,solar_electricity,2021,0.01,VEN
Venezuela,solar_electricity,2022,0.01,VEN
Venezuela,solar_electricity,2023,0.01,VEN
Venezuela,solar_electricity,2024,0.002,VEN
Vietnam,solar_electricity,1965,0,VNM
Vietnam,solar_electricity,1966,0,VNM
Vietnam,solar_electricity,1967,0,VNM
Vietnam,solar_electricity,1968,0,VNM
Vietnam,solar_electricity,1969,0,VNM
Vietnam,solar_electricity,1970,0,VNM
Vietnam,solar_electricity,1971,0,VNM
Vietnam,solar_electricity,1972,0,VNM
Vietnam,solar_electricity,1973,0,VNM
Vietnam,solar_electricity,1974,0,VNM
Vietnam,solar_electricity,1975,0,VNM
Vietnam,solar_electricity,1976,0,VNM
Vietnam,solar_electricity,1977,0,VNM
Vietnam,solar_electricity,1978,0,VNM
Vietnam,solar_electricity,1979,0,VNM
Vietnam,solar_electricity,1980,0,VNM
Vietnam,solar_electricity,1981,0,VNM
Vietnam,solar_electricity,1982,0,VNM
Vietnam,solar_electricity,1983,0,VNM
Vietnam,solar_electricity,1984,0,VNM
Vietnam,solar_electricity,1985,0,VNM
Vietnam,solar_electricity,1986,0,VNM
Vietnam,solar_electricity,1987,0,VNM
Vietnam,solar_electricity,1988,0,VNM
Vietnam,solar_electricity,1989,0,VNM
Vietnam,solar_electricity,1990,0,VNM
Vietnam,solar_electricity,1991,0,VNM
Vietnam,solar_electricity,1992,0,VNM
Vietnam,solar_electricity,1993,0,VNM
Vietnam,solar_electricity,1994,0,VNM
Vietnam,solar_electricity,1995,0,VNM
Vietnam,solar_electricity,1996,0,VNM
Vietnam,solar_electricity,1997,0,VNM
Vietnam,solar_electricity,1998,0,VNM
Vietnam,solar_electricity,1999,0,VNM
Vietnam,solar_electricity,2000,0,VNM
Vietnam,solar_electricity,2001,0,VNM
Vietnam,solar_electricity,2002,0,VNM
Vietnam,solar_electricity,2003,0,VNM
Vietnam,solar_electricity,2004,0,VNM
Vietnam,solar_electricity,2005,0,VNM
Vietnam,solar_electricity,2006,0,VNM
Vietnam,solar_electricity,2007,0,VNM
Vietnam,solar_electricity,2008,0,VNM
Vietnam,solar_electricity,2009,0,VNM
Vietnam,solar_electricity,2010,0.01,VNM
Vietnam,solar_electricity,2011,0.01,VNM
Vietnam,solar_electricity,2012,0.01,VNM
Vietnam,solar_electricity,2013,0.01,VNM
Vietnam,solar_electricity,2014,0.01,VNM
Vietnam,solar_electricity,2015,0.01,VNM
Vietnam,solar_electricity,2016,0.01,VNM
Vietnam,solar_electricity,2017,0.01,VNM
Vietnam,solar_electricity,2018,0.02,VNM
Vietnam,solar_electricity,2019,4.82,VNM
Vietnam,solar_electricity,2020,10.76,VNM
Vietnam,solar_electricity,2021,26.15,VNM
Vietnam,solar_electricity,2022,25.75,VNM
Vietnam,solar_electricity,2023,25.7,VNM
Vietnam,solar_electricity,2024,26.02,VNM
Western Sahara,solar_electricity,2000,0,ESH
Western Sahara,solar_electricity,2001,0,ESH
Western Sahara,solar_electricity,2002,0,ESH
Western Sahara,solar_electricity,2003,0,ESH
Western Sahara,solar_electricity,2004,0,ESH
Western Sahara,solar_electricity,2005,0,ESH
Western Sahara,solar_electricity,2006,0,ESH
Western Sahara,solar_electricity,2007,0,ESH
Western Sahara,solar_electricity,2008,0,ESH
Western Sahara,solar_electricity,2009,0,ESH
Yemen,solar_electricity,2000,0,YEM
Yemen,solar_electricity,2001,0,YEM
Yemen,solar_electricity,2002,0,YEM
Yemen,solar_electricity,2003,0,YEM
Yemen,solar_electricity,2004,0,YEM
Yemen,solar_electricity,2005,0,YEM
Yemen,solar_electricity,2006,0,YEM
Yemen,solar_electricity,2007,0,YEM
Yemen,solar_electricity,2008,0,YEM
Yemen,solar_electricity,2009,0,YEM
Yemen,solar_electricity,2010,0,YEM
Yemen,solar_electricity,2011,0,YEM
Yemen,solar_electricity,2012,0,YEM
Yemen,solar_electricity,2013,0,YEM
Yemen,solar_electricity,2014,0.01,YEM
Yemen,solar_electricity,2015,0.12,YEM
Yemen,solar_electricity,2016,0.16,YEM
Yemen,solar_electricity,2017,0.19,YEM
Yemen,solar_electricity,2018,0.48,YEM
Yemen,solar_electricity,2019,0.48,YEM
Yemen,solar_electricity,2020,0.49,YEM
Yemen,solar_electricity,2021,0.5,YEM
Yemen,solar_electricity,2022,0.51,YEM
Yemen,solar_electricity,2023,0.52,YEM
Zambia,solar_electricity,2000,0,ZMB
Zambia,solar_electricity,2001,0,ZMB
Zambia,solar_electricity,2002,0,ZMB
Zambia,solar_electricity,2003,0,ZMB
Zambia,solar_electricity,2004,0,ZMB
Zambia,solar_electricity,2005,0,ZMB
Zambia,solar_electricity,2006,0,ZMB
Zambia,solar_electricity,2007,0,ZMB
Zambia,solar_electricity,2008,0,ZMB
Zambia,solar_electricity,2009,0,ZMB
Zambia,solar_electricity,2010,0,ZMB
Zambia,solar_electricity,2011,0,ZMB
Zambia,solar_electricity,2012,0,ZMB
Zambia,solar_electricity,2013,0,ZMB
Zambia,solar_electricity,2014,0,ZMB
Zambia,solar_electricity,2015,0,ZMB
Zambia,solar_electricity,2016,0,ZMB
Zambia,solar_electricity,2017,0,ZMB
Zambia,solar_electricity,2018,0,ZMB
Zambia,solar_electricity,2019,0.12,ZMB
Zambia,solar_electricity,2020,0.15,ZMB
Zambia,solar_electricity,2021,0.15,ZMB
Zambia,solar_electricity,2022,0.14,ZMB
Zambia,solar_electricity,2023,0.15,ZMB
Zimbabwe,solar_electricity,2000,0,ZWE
Zimbabwe,solar_electricity,2001,0,ZWE
Zimbabwe,solar_electricity,2002,0,ZWE
Zimbabwe,solar_electricity,2003,0,ZWE
Zimbabwe,solar_electricity,2004,0,ZWE
Zimbabwe,solar_electricity,2005,0,ZWE
Zimbabwe,solar_electricity,2006,0,ZWE
Zimbabwe,solar_electricity,2007,0,ZWE
Zimbabwe,solar_electricity,2008,0,ZWE
Zimbabwe,solar_electricity,2009,0,ZWE
Zimbabwe,solar_electricity,2010,0,ZWE
Zimbabwe,solar_electricity,2011,0,ZWE
Zimbabwe,solar_electricity,2012,0,ZWE
Zimbabwe,solar_electricity,2013,0,ZWE
Zimbabwe,solar_electricity,2014,0,ZWE
Zimbabwe,solar_electricity,2015,0.01,ZWE
Zimbabwe,solar_electricity,2016,0.01,ZWE
Zimbabwe,solar_electricity,2017,0.01,ZWE
Zimbabwe,solar_electricity,2018,0.01,ZWE
Zimbabwe,solar_electricity,2019,0.02,ZWE
Zimbabwe,solar_electricity,2020,0.02,ZWE
Zimbabwe,solar_electricity,2021,0.02,ZWE
Zimbabwe,solar_electricity,2022,0.03,ZWE
Zimbabwe,solar_electricity,2023,0.03,ZWE
