2025,12,07,05,50,60,2.0,3.0,1.4,13,6.4,297,1022.0,MM,MM.1,MM.2,MM.3,MM.4,MM.5
2025,12,7,5,40,80,2.0,3.0,MM,MM,MM,MM,1022.0,MM,13.5,MM,MM,MM,MM
2025,12,7,5,30,60,2.0,3.0,MM,MM,MM,MM,1021.9,MM,13.5,MM,MM,MM,MM
2025,12,7,5,20,60,2.0,3.0,1.4,15,6.6,278,1021.9,MM,13.5,MM,MM,MM,MM
2025,12,7,5,10,40,2.0,3.0,1.4,MM,6.6,278,1021.9,MM,13.5,MM,MM,MM,MM
2025,12,7,5,0,40,1.0,2.0,MM,MM,MM,MM,1021.8,MM,13.5,MM,MM,+0.6,MM
2025,12,7,4,50,60,1.0,3.0,1.3,14,6.6,273,1021.6,MM,13.5,MM,MM,MM,MM
2025,12,7,4,40,70,2.0,2.0,1.3,MM,6.6,273,1021.6,MM,13.4,MM,MM,MM,MM
2025,12,7,4,30,80,2.0,3.0,MM,MM,MM,MM,1021.6,MM,13.4,MM,MM,MM,MM
2025,12,7,4,20,60,2.0,3.0,1.4,14,6.3,277,1021.6,MM,13.4,MM,MM,MM,MM
2025,12,7,4,10,20,2.0,4.0,MM,MM,MM,MM,1021.6,MM,13.4,MM,MM,MM,MM
2025,12,7,4,0,360,2.0,4.0,MM,MM,MM,MM,1021.5,MM,13.4,MM,MM,+0.7,MM
2025,12,7,3,50,360,2.0,3.0,1.4,12,6.3,283,1021.5,MM,13.4,MM,MM,MM,MM
2025,12,7,3,40,350,2.0,3.0,MM,MM,MM,MM,1021.5,MM,13.4,MM,MM,MM,MM
2025,12,7,3,30,360,3.0,4.0,MM,MM,MM,MM,1021.5,MM,13.4,MM,MM,MM,MM
2025,12,7,3,20,360,3.0,4.0,1.3,11,6.0,288,1021.3,MM,13.4,MM,MM,MM,MM
2025,12,7,3,10,360,2.0,4.0,1.3,MM,6.0,288,1021.4,MM,13.4,MM,MM,MM,MM
2025,12,7,3,0,30,1.0,2.0,MM,MM,MM,MM,1021.4,MM,13.3,MM,MM,+0.5,MM
2025,12,7,2,50,30,1.0,2.0,1.3,13,5.9,285,1021.3,MM,13.3,MM,MM,MM,MM
2025,12,7,2,40,50,1.0,2.0,MM,MM,MM,MM,1021.4,MM,13.4,MM,MM,MM,MM
2025,12,7,2,30,60,1.0,2.0,MM,MM,MM,MM,1021.3,MM,13.3,MM,MM,MM,MM
2025,12,7,2,20,80,2.0,3.0,1.2,15,5.5,267,1021.3,MM,13.4,MM,MM,MM,MM
2025,12,7,2,10,90,1.0,2.0,1.2,MM,5.5,267,1021.2,MM,13.3,MM,MM,MM,MM
2025,12,7,2,0,80,2.0,2.0,MM,MM,MM,MM,1021.2,MM,13.3,MM,MM,+0.4,MM
2025,12,7,1,50,80,2.0,3.0,1.1,12,5.5,285,1021.3,MM,13.3,MM,MM,MM,MM
2025,12,7,1,40,90,2.0,3.0,MM,MM,MM,MM,1021.2,MM,13.4,MM,MM,MM,MM
2025,12,7,1,30,80,2.0,2.0,MM,MM,MM,MM,1021.2,MM,13.3,MM,MM,MM,MM
2025,12,7,1,20,100,2.0,3.0,1.2,12,6.0,269,1021.2,MM,13.3,MM,MM,MM,MM
2025,12,7,1,10,50,2.0,3.0,MM,MM,MM,MM,1021.0,MM,13.3,MM,MM,MM,MM
2025,12,7,1,0,350,3.0,4.0,MM,MM,MM,MM,1020.8,MM,13.3,MM,MM,+0.0,MM
2025,12,7,0,50,340,3.0,4.0,1.2,13,5.8,279,1020.9,MM,13.3,MM,MM,MM,MM
2025,12,7,0,40,340,4.0,4.0,MM,MM,MM,MM,1021.1,MM,13.3,MM,MM,MM,MM
2025,12,7,0,30,340,4.0,5.0,MM,MM,MM,MM,1021.0,MM,13.3,MM,MM,MM,MM
2025,12,7,0,20,330,5.0,6.0,1.3,11,5.9,270,1021.0,MM,13.3,MM,MM,MM,MM
2025,12,7,0,10,330,4.0,6.0,1.3,MM,5.9,270,1021.0,MM,13.3,MM,MM,MM,MM
2025,12,7,0,0,330,5.0,6.0,MM,MM,MM,MM,1020.9,MM,13.3,MM,MM,-0.4,MM
2025,12,6,23,50,330,6.0,7.0,1.1,11,5.3,278,1020.7,MM,13.3,MM,MM,MM,MM
2025,12,6,23,40,330,6.0,7.0,MM,MM,MM,MM,1020.8,MM,13.3,MM,MM,MM,MM
2025,12,6,23,30,320,7.0,8.0,MM,MM,MM,MM,1020.7,MM,13.4,MM,MM,MM,MM
2025,12,6,23,20,320,6.0,7.0,1.1,11,5.1,273,1020.7,MM,13.4,MM,MM,MM,MM
2025,12,6,23,10,330,6.0,7.0,1.1,MM,5.1,273,1020.7,MM,13.4,MM,MM,MM,MM
2025,12,6,23,0,330,5.0,7.0,MM,MM,MM,MM,1020.8,MM,13.4,MM,MM,-1.0,MM
2025,12,6,22,50,330,6.0,8.0,1.2,12,5.3,275,1020.7,MM,13.4,MM,MM,MM,MM
2025,12,6,22,40,330,6.0,7.0,MM,MM,MM,MM,1020.7,MM,13.3,MM,MM,MM,MM
2025,12,6,22,30,320,6.0,7.0,MM,MM,MM,MM,1020.7,MM,13.3,MM,MM,MM,MM
2025,12,6,22,20,320,5.0,7.0,1.1,11,5.2,268,1020.7,MM,13.3,MM,MM,MM,MM
2025,12,6,22,10,320,5.0,6.0,1.1,MM,5.2,268,1020.7,MM,13.3,MM,MM,MM,MM
2025,12,6,22,0,330,5.0,7.0,MM,MM,MM,MM,1020.7,MM,13.3,MM,MM,-1.5,MM
2025,12,6,21,50,320,3.0,6.0,1.1,12,5.5,280,1020.9,MM,13.3,MM,MM,MM,MM
2025,12,6,21,40,300,1.0,2.0,MM,MM,MM,MM,1021.0,MM,13.3,MM,MM,MM,MM
2025,12,6,21,30,MM,0.0,1.0,MM,MM,MM,MM,1020.9,MM,13.3,MM,MM,MM,MM
2025,12,6,21,20,110,1.0,2.0,1.2,6,5.7,295,1021.0,MM,13.3,MM,MM,MM,MM
2025,12,6,21,10,90,1.0,1.0,1.2,MM,5.7,295,1021.1,MM,13.3,MM,MM,MM,MM
2025,12,6,21,0,MM,0.0,1.0,MM,MM,MM,MM,1021.3,MM,MM,MM,MM,-1.1,MM
2025,12,6,20,50,90,1.0,2.0,1.2,12,5.8,277,1021.3,MM,13.3,MM,MM,MM,MM
2025,12,6,20,40,90,2.0,3.0,MM,MM,MM,MM,1021.3,MM,13.3,MM,MM,MM,MM
2025,12,6,20,30,90,2.0,3.0,MM,MM,MM,MM,1021.4,MM,13.3,MM,MM,MM,MM
2025,12,6,20,20,80,3.0,4.0,1.2,6,5.5,292,1021.5,MM,13.3,MM,MM,MM,MM
2025,12,6,20,10,90,3.0,4.0,1.2,MM,5.5,292,1021.5,MM,13.3,MM,MM,MM,MM
2025,12,6,20,0,90,4.0,5.0,MM,MM,MM,MM,1021.8,MM,13.3,MM,MM,+0.0,MM
2025,12,6,19,50,90,4.0,5.0,1.1,12,5.5,283,1021.8,MM,13.3,MM,MM,MM,MM
2025,12,6,19,40,90,3.0,4.0,1.1,MM,5.5,283,1021.8,MM,13.3,MM,MM,MM,MM
2025,12,6,19,30,90,4.0,5.0,MM,MM,MM,MM,1022.0,MM,13.3,MM,MM,MM,MM
2025,12,6,19,20,100,3.0,4.0,1.2,11,5.6,284,1022.0,MM,13.3,MM,MM,MM,MM
2025,12,6,19,10,90,3.0,4.0,1.2,MM,5.6,284,1022.1,MM,13.3,MM,MM,MM,MM
2025,12,6,19,0,90,3.0,4.0,MM,MM,MM,MM,1022.2,MM,13.3,MM,MM,+0.0,MM
2025,12,6,18,50,90,2.0,3.0,1.2,6,5.5,298,1022.4,MM,13.3,MM,MM,MM,MM
2025,12,6,18,40,90,2.0,3.0,MM,MM,MM,MM,1022.4,MM,13.3,MM,MM,MM,MM
2025,12,6,18,30,90,2.0,3.0,MM,MM,MM,MM,1022.3,MM,13.3,MM,MM,MM,MM
2025,12,6,18,20,90,3.0,4.0,1.3,6,5.6,299,1022.6,MM,13.3,MM,MM,MM,MM
2025,12,6,18,10,90,3.0,4.0,1.3,MM,5.6,299,1022.4,MM,13.3,MM,MM,MM,MM
2025,12,6,18,0,80,3.0,5.0,MM,MM,MM,MM,1022.4,MM,13.3,MM,MM,+1.0,MM
2025,12,6,17,50,80,4.0,5.0,1.3,11,5.6,287,1022.3,MM,13.3,MM,MM,MM,MM
2025,12,6,17,40,80,4.0,5.0,MM,MM,MM,MM,1022.1,MM,13.3,MM,MM,MM,MM
2025,12,6,17,30,80,4.0,5.0,MM,MM,MM,MM,1022.0,MM,13.3,MM,MM,MM,MM
2025,12,6,17,20,90,5.0,6.0,1.4,7,5.6,302,1022.1,MM,13.3,MM,MM,MM,MM
2025,12,6,17,10,90,5.0,6.0,1.4,MM,5.6,302,1021.9,MM,13.3,MM,MM,MM,MM
2025,12,6,17,0,80,5.0,6.0,MM,MM,MM,MM,1021.9,MM,13.3,MM,MM,+0.9,MM
2025,12,6,16,50,80,5.0,6.0,1.5,6,5.6,306,1022.0,MM,13.3,MM,MM,MM,MM
2025,12,6,16,40,80,5.0,7.0,1.5,MM,5.6,306,1021.9,MM,13.3,MM,MM,MM,MM
2025,12,6,16,30,90,5.0,6.0,MM,MM,MM,MM,1021.9,MM,13.2,MM,MM,MM,MM
2025,12,6,16,20,100,5.0,6.0,1.5,6,5.4,301,1021.8,MM,13.3,MM,MM,MM,MM
2025,12,6,16,10,100,5.0,6.0,1.5,MM,5.4,301,1021.6,MM,13.3,MM,MM,MM,MM
2025,12,6,16,0,90,5.0,5.0,MM,MM,MM,MM,1022.0,MM,13.3,MM,MM,+0.9,MM
2025,12,6,15,50,100,4.0,6.0,1.5,7,5.6,309,1021.8,MM,13.3,MM,MM,MM,MM
2025,12,6,15,40,100,4.0,5.0,1.5,MM,5.6,309,1021.5,MM,13.3,MM,MM,MM,MM
2025,12,6,15,30,90,3.0,4.0,MM,MM,MM,MM,1021.7,MM,13.3,MM,MM,MM,MM
2025,12,6,15,20,100,3.0,4.0,1.6,7,5.8,305,1021.8,MM,13.3,MM,MM,MM,MM
2025,12,6,15,10,100,3.0,4.0,1.6,MM,5.8,305,1021.4,MM,13.3,MM,MM,MM,MM
2025,12,6,15,0,80,3.0,4.0,MM,MM,MM,MM,1021.4,MM,13.3,MM,MM,+1.0,MM
2025,12,6,14,50,70,2.0,4.0,1.6,7,5.9,304,1021.7,MM,13.3,MM,MM,MM,MM
2025,12,6,14,40,80,3.0,5.0,1.6,MM,5.9,304,1021.8,MM,13.3,MM,MM,MM,MM
2025,12,6,14,30,80,4.0,5.0,MM,MM,MM,MM,1021.2,MM,13.4,MM,MM,MM,MM
2025,12,6,14,20,90,5.0,6.0,1.5,7,5.8,311,1021.2,MM,13.4,MM,MM,MM,MM
2025,12,6,14,10,90,5.0,6.0,MM,MM,MM,MM,1021.0,MM,13.4,MM,MM,MM,MM
2025,12,6,14,0,100,4.0,6.0,MM,MM,MM,MM,1021.0,MM,13.4,MM,MM,+0.3,MM
2025,12,6,13,50,110,4.0,5.0,1.6,7,5.8,305,1020.9,MM,13.4,MM,MM,MM,MM
2025,12,6,13,40,110,3.0,5.0,MM,MM,MM,MM,1020.7,MM,13.4,MM,MM,MM,MM
2025,12,6,13,30,90,1.0,2.0,MM,MM,MM,MM,1021.1,MM,13.4,MM,MM,MM,MM
2025,12,6,13,20,80,1.0,2.0,1.7,7,5.9,307,1021.0,MM,13.4,MM,MM,MM,MM
2025,12,6,13,10,70,1.0,2.0,1.7,MM,5.9,307,1021.0,MM,13.5,MM,MM,MM,MM
2025,12,6,13,0,50,1.0,2.0,MM,MM,MM,MM,1021.1,MM,13.5,MM,MM,+0.6,MM
2025,12,6,12,50,90,2.0,3.0,1.5,7,5.8,309,1021.1,MM,13.5,MM,MM,MM,MM
2025,12,6,12,40,80,3.0,4.0,MM,MM,MM,MM,1021.0,MM,13.5,MM,MM,MM,MM
2025,12,6,12,30,90,2.0,4.0,MM,MM,MM,MM,1020.7,MM,13.5,MM,MM,MM,MM
2025,12,6,12,20,80,1.0,3.0,1.6,7,6.1,309,1020.7,MM,13.5,MM,MM,MM,MM
2025,12,6,12,10,100,2.0,3.0,1.6,MM,6.1,309,1020.5,MM,13.5,MM,MM,MM,MM
2025,12,6,12,0,100,2.0,4.0,MM,MM,MM,MM,1020.4,MM,13.5,MM,MM,+0.0,MM
2025,12,6,11,50,100,3.0,4.0,1.7,8,6.0,303,1020.5,MM,13.5,MM,MM,MM,MM
2025,12,6,11,40,100,4.0,5.0,MM,MM,MM,MM,1020.3,MM,13.5,MM,MM,MM,MM
2025,12,6,11,30,90,4.0,5.0,MM,MM,MM,MM,1020.4,MM,13.5,MM,MM,MM,MM
2025,12,6,11,20,80,3.0,4.0,1.7,7,6.0,303,1020.6,MM,13.5,MM,MM,MM,MM
2025,12,6,11,10,80,3.0,4.0,1.7,MM,6.0,303,1020.7,MM,13.5,MM,MM,MM,MM
2025,12,6,11,0,90,3.0,5.0,MM,MM,MM,MM,1020.7,MM,13.5,MM,MM,+0.0,MM
2025,12,6,10,50,80,3.0,5.0,1.6,8,5.8,306,1020.9,MM,13.6,MM,MM,MM,MM
2025,12,6,10,40,350,2.0,4.0,1.6,MM,5.8,306,1020.9,MM,13.6,MM,MM,MM,MM
2025,12,6,10,30,350,3.0,5.0,MM,MM,MM,MM,1021.0,MM,13.6,MM,MM,MM,MM
2025,12,6,10,20,360,3.0,4.0,1.8,7,6.1,309,1020.7,MM,13.6,MM,MM,MM,MM
2025,12,6,10,10,350,3.0,5.0,MM,MM,MM,MM,1020.6,MM,13.6,MM,MM,MM,MM
2025,12,6,10,0,340,3.0,4.0,MM,MM,MM,MM,1020.5,MM,13.6,MM,MM,+0.0,MM
2025,12,6,9,50,360,3.0,4.0,1.9,8,6.1,308,1020.4,MM,13.6,MM,MM,MM,MM
2025,12,6,9,40,350,4.0,6.0,MM,MM,MM,MM,1020.5,MM,13.6,MM,MM,MM,MM
2025,12,6,9,30,350,4.0,6.0,MM,MM,MM,MM,MM,MM,MM,MM,MM,MM,MM
2025,12,6,9,20,360,4.0,5.0,1.6,7,6.0,303,1020.6,MM,13.6,MM,MM,MM,MM
2025,12,6,9,10,360,5.0,6.0,1.6,MM,6.0,303,1020.5,MM,13.6,MM,MM,MM,MM
2025,12,6,9,0,20,3.0,5.0,MM,MM,MM,MM,1020.4,MM,13.6,MM,MM,+0.0,MM
2025,12,6,8,50,60,3.0,4.0,1.7,7,6.2,306,1020.5,MM,13.6,MM,MM,MM,MM
2025,12,6,8,40,60,4.0,5.0,1.7,MM,6.2,306,1020.5,MM,13.6,MM,MM,MM,MM
2025,12,6,8,30,60,4.0,5.0,MM,MM,MM,MM,1020.4,MM,13.6,MM,MM,MM,MM
2025,12,6,8,20,40,3.0,4.0,1.7,8,6.1,308,1020.5,MM,13.6,MM,MM,MM,MM
2025,12,6,8,10,30,2.0,4.0,1.7,MM,6.1,308,1020.5,MM,13.6,MM,MM,MM,MM
2025,12,6,8,0,40,2.0,3.0,MM,MM,MM,MM,1020.5,MM,13.6,MM,MM,+0.0,MM
2025,12,6,7,50,50,3.0,4.0,1.9,8,6.3,304,1020.4,MM,13.6,MM,MM,MM,MM
2025,12,6,7,40,360,4.0,6.0,MM,MM,MM,MM,1020.4,MM,13.6,MM,MM,MM,MM
2025,12,6,7,30,340,6.0,7.0,MM,MM,MM,MM,1020.3,MM,13.6,MM,MM,MM,MM
2025,12,6,7,20,330,6.0,7.0,1.8,7,6.1,305,1020.4,MM,13.6,MM,MM,MM,MM
2025,12,6,7,10,330,6.0,8.0,1.8,MM,6.1,305,1020.3,MM,13.6,MM,MM,MM,MM
2025,12,6,7,0,330,6.0,7.0,MM,MM,MM,MM,1020.5,MM,13.6,MM,MM,+0.3,MM
2025,12,6,6,50,340,5.0,7.0,1.7,7,6.0,301,1020.6,MM,13.6,MM,MM,MM,MM
2025,12,6,6,40,340,6.0,8.0,MM,MM,MM,MM,1020.7,MM,13.6,MM,MM,MM,MM
2025,12,6,6,30,330,6.0,7.0,MM,MM,MM,MM,1020.5,MM,13.7,MM,MM,MM,MM
2025,12,6,6,20,320,6.0,7.0,1.7,7,6.0,307,1020.5,MM,13.7,MM,MM,MM,MM
2025,12,6,6,10,340,5.0,7.0,1.7,MM,6.0,307,1020.5,MM,13.7,MM,MM,MM,MM
2025,12,6,6,0,330,5.0,6.0,MM,MM,MM,MM,1020.3,MM,MM,MM,MM,+0.0,MM
2025,12,6,5,50,310,5.0,7.0,1.4,7,5.7,305,1020.3,MM,13.7,MM,MM,MM,MM
2025,12,6,5,40,310,6.0,7.0,MM,MM,MM,MM,1020.3,MM,13.7,MM,MM,MM,MM
2025,12,6,5,30,310,5.0,6.0,MM,MM,MM,MM,1020.5,MM,13.7,MM,MM,MM,MM
2025,12,6,5,20,320,4.0,6.0,1.4,7,5.9,307,1020.5,MM,13.7,MM,MM,MM,MM
2025,12,6,5,10,320,5.0,6.0,1.4,MM,5.9,307,1020.5,MM,13.7,MM,MM,MM,MM
2025,12,6,5,0,310,5.0,6.0,MM,MM,MM,MM,1020.5,MM,13.7,MM,MM,-0.0,MM
2025,12,6,4,50,320,5.0,6.0,1.5,7,6.0,305,1020.4,MM,13.7,MM,MM,MM,MM
2025,12,6,4,40,310,5.0,7.0,1.5,MM,6.0,305,1020.4,MM,13.7,MM,MM,MM,MM
2025,12,6,4,30,320,5.0,6.0,MM,MM,MM,MM,1020.4,MM,13.7,MM,MM,MM,MM
2025,12,6,4,20,310,5.0,6.0,1.4,11,5.8,262,1020.5,MM,13.7,MM,MM,MM,MM
2025,12,6,4,10,310,5.0,7.0,MM,MM,MM,MM,1020.5,MM,13.7,MM,MM,MM,MM
2025,12,6,4,0,320,5.0,6.0,MM,MM,MM,MM,1020.2,MM,13.7,MM,MM,+0.0,MM
2025,12,6,3,50,330,5.0,7.0,1.4,7,5.8,309,1020.2,MM,13.7,MM,MM,MM,MM
2025,12,6,3,40,320,6.0,8.0,MM,MM,MM,MM,1020.3,MM,13.7,MM,MM,MM,MM
2025,12,6,3,30,320,5.0,7.0,MM,MM,MM,MM,1020.2,MM,13.7,MM,MM,MM,MM
2025,12,6,3,20,310,5.0,6.0,1.3,11,6.0,270,1020.4,MM,13.7,MM,MM,MM,MM
2025,12,6,3,10,310,5.0,6.0,1.3,MM,6.0,270,1020.3,MM,13.7,MM,MM,MM,MM
2025,12,6,3,0,310,5.0,6.0,MM,MM,MM,MM,1020.2,MM,13.7,MM,MM,+0.0,MM
2025,12,6,2,50,300,5.0,6.0,1.2,7,5.8,307,1020.2,MM,13.7,MM,MM,MM,MM
2025,12,6,2,40,310,4.0,5.0,MM,MM,MM,MM,1020.1,MM,13.7,MM,MM,MM,MM
2025,12,6,2,30,310,3.0,4.0,MM,MM,MM,MM,1020.0,MM,13.7,MM,MM,MM,MM
2025,12,6,2,20,320,4.0,5.0,1.2,7,5.7,303,1020.2,MM,13.7,MM,MM,MM,MM
2025,12,6,2,10,330,4.0,5.0,1.2,MM,5.7,303,1020.2,MM,13.7,MM,MM,MM,MM
2025,12,6,2,0,330,4.0,5.0,MM,MM,MM,MM,1020.3,MM,13.7,MM,MM,-0.3,MM
2025,12,6,1,50,330,4.0,5.0,1.1,12,5.5,265,1020.4,MM,13.7,MM,MM,MM,MM
2025,12,6,1,40,320,4.0,5.0,MM,MM,MM,MM,1020.5,MM,13.7,MM,MM,MM,MM
2025,12,6,1,30,310,5.0,5.0,MM,MM,MM,MM,1020.4,MM,13.7,MM,MM,MM,MM
2025,12,6,1,20,320,4.0,6.0,1.2,7,5.4,306,1020.4,MM,13.7,MM,MM,MM,MM
2025,12,6,1,10,320,5.0,6.0,1.2,MM,5.4,306,1020.4,MM,13.7,MM,MM,MM,MM
2025,12,6,1,0,320,5.0,6.0,MM,MM,MM,MM,1020.3,MM,13.6,MM,MM,-0.3,MM
2025,12,6,0,50,320,6.0,7.0,1.2,7,5.2,298,1020.5,MM,13.6,MM,MM,MM,MM
2025,12,6,0,40,320,6.0,7.0,MM,MM,MM,MM,1020.4,MM,13.7,MM,MM,MM,MM
2025,12,6,0,30,320,6.0,7.0,MM,MM,MM,MM,1020.4,MM,13.6,MM,MM,MM,MM
2025,12,6,0,20,320,6.0,7.0,1.1,6,5.1,304,1020.4,MM,13.6,MM,MM,MM,MM
2025,12,6,0,10,320,6.0,7.0,1.1,MM,5.1,304,1020.2,MM,13.6,MM,MM,MM,MM
2025,12,6,0,0,330,6.0,7.0,MM,MM,MM,MM,1020.2,MM,13.6,MM,MM,-0.9,MM
2025,12,5,23,50,320,5.0,5.0,1.2,7,5.6,302,1020.3,MM,13.6,MM,MM,MM,MM
2025,12,5,23,40,330,5.0,5.0,MM,MM,MM,MM,1020.4,MM,13.6,MM,MM,MM,MM
2025,12,5,23,30,320,4.0,5.0,MM,MM,MM,MM,1020.5,MM,13.6,MM,MM,MM,MM
2025,12,5,23,20,320,5.0,6.0,1.1,7,5.5,303,1020.6,MM,13.6,MM,MM,MM,MM
2025,12,5,23,10,310,5.0,6.0,1.1,MM,5.5,303,1020.6,MM,13.6,MM,MM,MM,MM
2025,12,5,23,0,310,4.0,5.0,MM,MM,MM,MM,1020.6,MM,13.6,MM,MM,-1.1,MM
2025,12,5,22,50,310,4.0,5.0,1.1,7,5.6,306,1020.6,MM,13.6,MM,MM,MM,MM
2025,12,5,22,40,270,1.0,4.0,MM,MM,MM,MM,1020.4,MM,13.6,MM,MM,MM,MM
2025,12,5,22,30,250,1.0,1.0,MM,MM,MM,MM,1020.5,MM,13.6,MM,MM,MM,MM
2025,12,5,22,20,MM,0.0,1.0,1.1,7,5.5,305,1020.5,MM,13.6,MM,MM,MM,MM
2025,12,5,22,10,MM,0.0,1.0,1.1,MM,5.5,305,1020.6,MM,13.6,MM,MM,MM,MM
2025,12,5,22,0,MM,0.0,1.0,MM,MM,MM,MM,1020.6,MM,13.7,MM,MM,-1.9,MM
2025,12,5,21,50,MM,0.0,1.0,1.2,11,5.9,263,1020.7,MM,13.7,MM,MM,MM,MM
2025,12,5,21,40,MM,0.0,1.0,1.2,MM,5.9,263,1020.6,MM,13.8,MM,MM,MM,MM
2025,12,5,21,30,MM,0.0,1.0,MM,MM,MM,MM,1020.6,MM,13.7,MM,MM,MM,MM
2025,12,5,21,20,MM,0.0,1.0,1.1,7,5.7,303,1020.8,MM,13.8,MM,MM,MM,MM
2025,12,5,21,10,MM,0.0,1.0,1.1,MM,5.7,303,1020.9,MM,13.8,MM,MM,MM,MM
2025,12,5,21,0,MM,0.0,1.0,MM,MM,MM,MM,1021.1,MM,13.8,MM,MM,-2.0,MM
2025,12,5,20,50,MM,0.0,2.0,1.2,7,5.6,298,1021.4,MM,13.8,MM,MM,MM,MM
2025,12,5,20,40,10,1.0,1.0,MM,MM,MM,MM,1021.6,MM,13.8,MM,MM,MM,MM
2025,12,5,20,30,70,1.0,1.0,MM,MM,MM,MM,1021.7,MM,13.8,MM,MM,MM,MM
2025,12,5,20,20,90,1.0,2.0,1.2,7,5.8,306,1021.7,MM,13.7,MM,MM,MM,MM
2025,12,5,20,10,90,1.0,2.0,1.2,MM,5.8,306,1021.7,MM,13.7,MM,MM,MM,MM
2025,12,5,20,0,90,2.0,3.0,MM,MM,MM,MM,1021.7,MM,13.7,MM,MM,-0.9,MM
2025,12,5,19,50,80,3.0,4.0,1.2,7,5.7,302,1021.8,MM,13.7,MM,MM,MM,MM
2025,12,5,19,40,80,3.0,4.0,MM,MM,MM,MM,1022.0,MM,13.7,MM,MM,MM,MM
2025,12,5,19,30,80,3.0,3.0,MM,MM,MM,MM,1022.2,MM,13.7,MM,MM,MM,MM
2025,12,5,19,20,90,3.0,4.0,1.4,7,5.9,300,1022.4,MM,13.7,MM,MM,MM,MM
2025,12,5,19,10,90,3.0,4.0,1.4,MM,5.9,300,1022.5,MM,13.7,MM,MM,MM,MM
2025,12,5,19,0,90,4.0,4.0,MM,MM,MM,MM,1022.5,MM,13.7,MM,MM,+0.0,MM
2025,12,5,18,50,90,3.0,4.0,1.4,8,5.9,294,1022.4,MM,13.7,MM,MM,MM,MM
2025,12,5,18,40,80,3.0,4.0,MM,MM,MM,MM,1022.7,MM,13.7,MM,MM,MM,MM
2025,12,5,18,30,80,4.0,5.0,MM,MM,MM,MM,1022.9,MM,13.7,MM,MM,MM,MM
2025,12,5,18,20,80,4.0,5.0,1.3,7,5.7,301,1022.7,MM,13.7,MM,MM,MM,MM
2025,12,5,18,10,80,4.0,5.0,1.3,MM,5.7,301,1022.8,MM,13.7,MM,MM,MM,MM
2025,12,5,18,0,80,4.0,5.0,MM,MM,MM,MM,1023.1,MM,13.6,MM,MM,+0.8,MM
2025,12,5,17,50,80,4.0,5.0,1.3,7,5.7,308,1022.6,MM,13.7,MM,MM,MM,MM
2025,12,5,17,40,80,4.0,5.0,MM,MM,MM,MM,1022.6,MM,13.6,MM,MM,MM,MM
2025,12,5,17,30,80,4.0,6.0,MM,MM,MM,MM,1022.5,MM,13.6,MM,MM,MM,MM
2025,12,5,17,20,90,4.0,5.0,1.2,7,5.8,309,1022.3,MM,13.6,MM,MM,MM,MM
2025,12,5,17,10,80,5.0,6.0,MM,MM,MM,MM,1022.4,MM,13.6,MM,MM,MM,MM
2025,12,5,17,0,80,4.0,6.0,MM,MM,MM,MM,1022.6,MM,13.7,MM,MM,+0.4,MM
2025,12,5,16,50,80,4.0,5.0,1.3,7,6.0,303,1022.4,MM,13.6,MM,MM,MM,MM
2025,12,5,16,40,80,3.0,5.0,MM,MM,MM,MM,1022.5,MM,13.6,MM,MM,MM,MM
2025,12,5,16,30,80,3.0,4.0,MM,MM,MM,MM,1022.4,MM,13.6,MM,MM,MM,MM
2025,12,5,16,20,80,3.0,4.0,1.2,7,5.9,308,1022.5,MM,13.7,MM,MM,MM,MM
2025,12,5,16,10,80,3.0,4.0,1.2,MM,5.9,308,1022.4,MM,13.7,MM,MM,MM,MM
2025,12,5,16,0,80,3.0,4.0,MM,MM,MM,MM,1022.4,MM,13.7,MM,MM,+0.7,MM
2025,12,5,15,50,80,3.0,3.0,1.2,11,5.9,289,1022.3,MM,13.7,MM,MM,MM,MM
2025,12,5,15,40,90,3.0,4.0,1.2,MM,5.9,289,1022.3,MM,13.6,MM,MM,MM,MM
2025,12,5,15,30,110,1.0,3.0,MM,MM,MM,MM,1022.3,MM,13.7,MM,MM,MM,MM
2025,12,5,15,20,100,2.0,2.0,1.2,7,6.0,309,1022.2,MM,13.7,MM,MM,MM,MM
2025,12,5,15,10,MM,0.0,2.0,1.2,MM,6.0,309,1022.2,MM,13.7,MM,MM,MM,MM
2025,12,5,15,0,MM,0.0,0.0,MM,MM,MM,MM,1022.3,MM,13.7,MM,MM,+0.7,MM
2025,12,5,14,50,MM,0.0,1.0,1.2,7,6.1,310,1022.3,MM,13.7,MM,MM,MM,MM
2025,12,5,14,40,MM,0.0,1.0,MM,MM,MM,MM,1022.3,MM,13.7,MM,MM,MM,MM
2025,12,5,14,30,80,1.0,1.0,MM,MM,MM,MM,1022.3,MM,13.7,MM,MM,MM,MM
2025,12,5,14,20,80,1.0,2.0,1.2,7,6.0,309,1022.3,MM,13.7,MM,MM,MM,MM
2025,12,5,14,10,70,2.0,3.0,1.2,MM,6.0,309,1022.3,MM,13.7,MM,MM,MM,MM
2025,12,5,14,0,80,2.0,3.0,MM,MM,MM,MM,1022.2,MM,13.7,MM,MM,-0.0,MM
2025,12,5,13,50,80,3.0,3.0,1.3,7,6.2,308,1022.1,MM,13.7,MM,MM,MM,MM
2025,12,5,13,40,80,3.0,4.0,MM,MM,MM,MM,1021.7,MM,13.7,MM,MM,MM,MM
2025,12,5,13,30,70,3.0,4.0,MM,MM,MM,MM,1021.7,MM,13.7,MM,MM,MM,MM
2025,12,5,13,20,70,3.0,4.0,1.1,7,6.0,302,1021.7,MM,13.7,MM,MM,MM,MM
2025,12,5,13,10,80,3.0,4.0,1.1,MM,6.0,302,1021.7,MM,13.7,MM,MM,MM,MM
2025,12,5,13,0,80,3.0,4.0,MM,MM,MM,MM,1021.7,MM,13.7,MM,MM,-1.2,MM
2025,12,5,12,50,80,3.0,4.0,1.2,7,6.3,294,1021.5,MM,13.7,MM,MM,MM,MM
2025,12,5,12,40,80,3.0,4.0,MM,MM,MM,MM,1021.5,MM,13.7,MM,MM,MM,MM
2025,12,5,12,30,80,4.0,4.0,MM,MM,MM,MM,1021.5,MM,13.7,MM,MM,MM,MM
2025,12,5,12,20,80,3.0,5.0,1.1,11,6.2,289,1021.5,MM,13.7,MM,MM,MM,MM
2025,12,5,12,10,80,3.0,4.0,MM,MM,MM,MM,1021.5,MM,13.7,MM,MM,MM,MM
2025,12,5,12,0,80,3.0,4.0,MM,MM,MM,MM,1021.6,MM,MM,MM,MM,-1.7,MM
2025,12,5,11,50,80,4.0,5.0,1.1,11,6.6,279,1021.7,MM,13.7,MM,MM,MM,MM
2025,12,5,11,40,70,3.0,5.0,MM,MM,MM,MM,1021.8,MM,13.7,MM,MM,MM,MM
2025,12,5,11,30,80,3.0,5.0,MM,MM,MM,MM,1022.0,MM,13.7,MM,MM,MM,MM
2025,12,5,11,20,80,3.0,4.0,1.1,7,6.5,302,1022.1,MM,13.7,MM,MM,MM,MM
2025,12,5,11,10,80,2.0,3.0,MM,MM,MM,MM,1022.3,MM,13.7,MM,MM,MM,MM
2025,12,5,11,0,80,3.0,3.0,MM,MM,MM,MM,1022.2,MM,13.7,MM,MM,-1.3,MM
2025,12,5,10,50,80,2.0,3.0,1.1,11,6.6,284,1022.4,MM,13.7,MM,MM,MM,MM
2025,12,5,10,40,90,2.0,2.0,MM,MM,MM,MM,1022.5,MM,13.7,MM,MM,MM,MM
2025,12,5,10,30,90,1.0,2.0,MM,MM,MM,MM,1022.6,MM,13.7,MM,MM,MM,MM
2025,12,5,10,20,80,2.0,2.0,1.2,11,7.0,275,1022.7,MM,13.7,MM,MM,MM,MM
2025,12,5,10,10,80,2.0,2.0,1.2,MM,7.0,275,1022.8,MM,13.7,MM,MM,MM,MM
2025,12,5,10,0,80,2.0,3.0,MM,MM,MM,MM,1022.9,MM,13.7,MM,MM,-1.0,MM
2025,12,5,9,50,70,2.0,2.0,1.1,11,6.9,280,1023.0,MM,13.7,MM,MM,MM,MM
2025,12,5,9,40,60,2.0,2.0,1.1,MM,6.9,280,1022.9,MM,13.7,MM,MM,MM,MM
2025,12,5,9,30,40,1.0,2.0,MM,MM,MM,MM,1023.1,MM,13.7,MM,MM,MM,MM
2025,12,5,9,20,30,1.0,2.0,1.1,11,6.9,288,1023.1,MM,13.7,MM,MM,MM,MM
2025,12,5,9,10,40,1.0,2.0,1.1,MM,6.9,288,1023.3,MM,13.7,MM,MM,MM,MM
2025,12,5,9,0,40,1.0,2.0,MM,MM,MM,MM,1023.3,MM,13.7,MM,MM,-1.0,MM
2025,12,5,8,50,MM,0.0,1.0,1.1,7,6.9,306,1023.2,MM,13.7,MM,MM,MM,MM
2025,12,5,8,40,MM,0.0,1.0,MM,MM,MM,MM,1023.1,MM,13.7,MM,MM,MM,MM
2025,12,5,8,30,90,1.0,2.0,MM,MM,MM,MM,1023.2,MM,13.7,MM,MM,MM,MM
2025,12,5,8,20,100,2.0,3.0,1.1,12,6.8,289,1023.2,MM,13.7,MM,MM,MM,MM
2025,12,5,8,10,90,1.0,2.0,MM,MM,MM,MM,1023.1,MM,13.7,MM,MM,MM,MM
2025,12,5,8,0,60,1.0,2.0,MM,MM,MM,MM,1023.5,MM,13.7,MM,MM,-0.8,MM
2025,12,5,7,50,60,1.0,2.0,1.1,12,7.1,286,1023.8,MM,13.7,MM,MM,MM,MM
2025,12,5,7,40,70,2.0,2.0,MM,MM,MM,MM,1024.0,MM,13.7,MM,MM,MM,MM
2025,12,5,7,30,90,2.0,3.0,MM,MM,MM,MM,1024.0,MM,13.7,MM,MM,MM,MM
2025,12,5,7,20,90,2.0,3.0,1.1,12,6.9,288,1023.9,MM,13.7,MM,MM,MM,MM
2025,12,5,7,10,90,2.0,3.0,MM,MM,MM,MM,1023.9,MM,13.8,MM,MM,MM,MM
2025,12,5,7,0,80,2.0,2.0,MM,MM,MM,MM,1023.9,MM,13.8,MM,MM,-0.6,MM
2025,12,5,6,50,90,1.0,2.0,1.3,12,7.1,281,1024.0,MM,13.8,MM,MM,MM,MM
2025,12,5,6,40,70,2.0,2.0,MM,MM,MM,MM,1023.9,MM,13.8,MM,MM,MM,MM
2025,12,5,6,30,70,1.0,2.0,MM,MM,MM,MM,1024.0,MM,13.9,MM,MM,MM,MM
2025,12,5,6,20,90,2.0,3.0,1.2,11,6.7,272,1024.0,MM,13.8,MM,MM,MM,MM
2025,12,5,6,10,70,2.0,3.0,MM,MM,MM,MM,1024.1,MM,13.8,MM,MM,MM,MM
2025,12,5,6,0,20,3.0,4.0,MM,MM,MM,MM,1024.3,MM,13.8,MM,MM,+0.4,MM
2025,12,5,5,50,360,4.0,4.0,1.2,8,6.5,307,1024.3,MM,13.8,MM,MM,MM,MM
2025,12,5,5,40,360,4.0,5.0,MM,MM,MM,MM,1024.4,MM,13.8,MM,MM,MM,MM
2025,12,5,5,30,360,4.0,5.0,MM,MM,MM,MM,1024.3,MM,13.8,MM,MM,MM,MM
2025,12,5,5,20,340,5.0,6.0,1.2,12,6.6,268,1024.5,MM,13.8,MM,MM,MM,MM
2025,12,5,5,10,340,5.0,6.0,1.2,MM,6.6,268,1024.5,MM,13.9,MM,MM,MM,MM
2025,12,5,5,0,350,4.0,5.0,MM,MM,MM,MM,1024.3,MM,13.8,MM,MM,+0.0,MM
2025,12,5,4,50,350,4.0,5.0,1.2,12,6.5,275,1024.2,MM,13.8,MM,MM,MM,MM
2025,12,5,4,40,350,4.0,6.0,1.2,MM,6.5,275,1024.1,MM,13.8,MM,MM,MM,MM
2025,12,5,4,30,350,5.0,6.0,MM,MM,MM,MM,1024.3,MM,13.8,MM,MM,MM,MM
2025,12,5,4,20,350,5.0,6.0,1.1,11,6.4,287,1024.2,MM,13.8,MM,MM,MM,MM
2025,12,5,4,10,350,6.0,7.0,1.1,MM,6.4,287,1024.4,MM,13.8,MM,MM,MM,MM
2025,12,5,4,0,340,6.0,7.0,MM,MM,MM,MM,1024.5,MM,13.8,MM,MM,+0.4,MM
2025,12,5,3,50,340,6.0,6.0,1.2,10,7.0,282,1024.1,MM,13.8,MM,MM,MM,MM
2025,12,5,3,40,340,5.0,6.0,MM,MM,MM,MM,1024.3,MM,13.8,MM,MM,MM,MM
2025,12,5,3,30,340,4.0,5.0,MM,MM,MM,MM,1024.0,MM,13.8,MM,MM,MM,MM
2025,12,5,3,20,330,4.0,5.0,1.3,12,7.1,277,1024.0,MM,13.8,MM,MM,MM,MM
2025,12,5,3,10,290,3.0,4.0,1.3,MM,7.1,277,1024.0,MM,13.8,MM,MM,MM,MM
2025,12,5,3,0,260,3.0,3.0,MM,MM,MM,MM,1023.9,MM,13.8,MM,MM,+0.3,MM
2025,12,5,2,50,270,3.0,3.0,1.2,12,6.9,267,1024.1,MM,13.8,MM,MM,MM,MM
2025,12,5,2,40,280,2.0,3.0,MM,MM,MM,MM,1024.2,MM,13.8,MM,MM,MM,MM
2025,12,5,2,30,260,2.0,3.0,MM,MM,MM,MM,1024.2,MM,13.8,MM,MM,MM,MM
2025,12,5,2,20,260,2.0,3.0,1.2,12,6.4,276,1024.3,MM,13.8,MM,MM,MM,MM
2025,12,5,2,10,270,2.0,2.0,1.2,MM,6.4,276,1024.2,MM,13.9,MM,MM,MM,MM
2025,12,5,2,0,280,2.0,2.0,MM,MM,MM,MM,1024.1,MM,13.9,MM,MM,+1.1,MM
2025,12,5,1,50,300,1.0,2.0,1.2,11,6.6,280,1024.1,MM,13.9,MM,MM,MM,MM
2025,12,5,1,40,350,1.0,2.0,MM,MM,MM,MM,1024.1,MM,13.9,MM,MM,MM,MM
2025,12,5,1,30,30,1.0,2.0,MM,MM,MM,MM,1024.0,MM,13.9,MM,MM,MM,MM
2025,12,5,1,20,60,2.0,3.0,1.2,11,5.9,274,1024.0,MM,13.9,MM,MM,MM,MM
2025,12,5,1,10,60,3.0,4.0,1.2,MM,5.9,274,1024.0,MM,13.9,MM,MM,MM,MM
2025,12,5,1,0,50,3.0,4.0,MM,MM,MM,MM,1024.1,MM,13.9,MM,MM,+1.3,MM
2025,12,5,0,50,60,3.0,4.0,1.4,13,6.5,270,1024.1,MM,13.9,MM,MM,MM,MM
2025,12,5,0,40,70,4.0,5.0,1.4,MM,6.5,270,1023.9,MM,13.9,MM,MM,MM,MM
2025,12,5,0,30,70,4.0,5.0,MM,MM,MM,MM,1023.7,MM,13.9,MM,MM,MM,MM
2025,12,5,0,20,80,5.0,6.0,1.3,11,5.9,279,1023.8,MM,13.9,MM,MM,MM,MM
2025,12,5,0,10,80,5.0,7.0,MM,MM,MM,MM,1023.7,MM,13.9,MM,MM,MM,MM
2025,12,5,0,0,80,5.0,6.0,MM,MM,MM,MM,1023.6,MM,13.9,MM,MM,-0.0,MM
2025,12,4,23,50,80,5.0,6.0,1.2,13,5.5,266,1023.2,MM,13.9,MM,MM,MM,MM
2025,12,4,23,40,80,5.0,7.0,MM,MM,MM,MM,1023.3,MM,13.9,MM,MM,MM,MM
2025,12,4,23,30,80,6.0,7.0,MM,MM,MM,MM,1023.1,MM,13.9,MM,MM,MM,MM
2025,12,4,23,20,70,6.0,8.0,1.3,11,5.4,271,1022.9,MM,13.9,MM,MM,MM,MM
2025,12,4,23,10,70,7.0,8.0,1.3,MM,5.4,271,1023.0,MM,13.9,MM,MM,MM,MM
2025,12,4,23,0,70,7.0,8.0,MM,MM,MM,MM,1023.0,MM,13.9,MM,MM,-1.1,MM
2025,12,4,22,50,70,7.0,8.0,1.4,12,5.4,281,1023.1,MM,13.9,MM,MM,MM,MM
2025,12,4,22,40,70,7.0,8.0,MM,MM,MM,MM,1023.3,MM,13.9,MM,MM,MM,MM
2025,12,4,22,30,70,7.0,8.0,MM,MM,MM,MM,1023.2,MM,13.9,MM,MM,MM,MM
2025,12,4,22,20,80,7.0,8.0,1.3,12,5.1,277,1023.0,MM,13.9,MM,MM,MM,MM
2025,12,4,22,10,80,7.0,9.0,1.3,MM,5.1,277,1022.9,MM,13.9,MM,MM,MM,MM
2025,12,4,22,0,80,7.0,9.0,MM,MM,MM,MM,1022.8,MM,13.9,MM,MM,-2.0,MM
2025,12,4,21,50,80,7.0,9.0,1.4,11,5.4,274,1022.9,MM,13.9,MM,MM,MM,MM
2025,12,4,21,40,80,7.0,0.0,1.4,MM,5.4,274,1023.2,MM,13.9,MM,MM,MM,MM
2025,12,4,21,30,80,8.0,9.0,MM,MM,MM,MM,1023.3,MM,MM,MM,MM,MM,MM
2025,12,4,21,20,80,8.0,0.0,1.5,13,5.6,272,1023.4,MM,13.9,MM,MM,MM,MM
2025,12,4,21,10,80,8.0,0.0,1.5,MM,5.6,272,1023.4,MM,13.9,MM,MM,MM,MM
2025,12,4,21,0,80,8.0,0.0,MM,MM,MM,MM,1023.4,MM,13.9,MM,MM,-1.7,MM
2025,12,4,20,50,80,8.0,0.0,1.4,7,5.1,306,1023.4,MM,13.9,MM,MM,MM,MM
2025,12,4,20,40,80,8.0,9.0,MM,MM,MM,MM,1023.7,MM,13.9,MM,MM,MM,MM
2025,12,4,20,30,80,8.0,9.0,MM,MM,MM,MM,1023.8,MM,13.9,MM,MM,MM,MM
2025,12,4,20,20,80,8.0,9.0,1.6,13,5.6,280,1023.9,MM,13.9,MM,MM,MM,MM
2025,12,4,20,10,80,8.0,9.0,MM,MM,MM,MM,1024.0,MM,13.8,MM,MM,MM,MM
2025,12,4,20,0,80,7.0,9.0,MM,MM,MM,MM,1024.1,MM,13.8,MM,MM,-0.4,MM
2025,12,4,19,50,80,8.0,0.0,1.5,13,5.5,286,1024.2,MM,13.8,MM,MM,MM,MM
2025,12,4,19,40,80,8.0,0.0,MM,MM,MM,MM,1024.3,MM,13.8,MM,MM,MM,MM
2025,12,4,19,30,80,8.0,9.0,MM,MM,MM,MM,1024.4,MM,13.8,MM,MM,MM,MM
2025,12,4,19,20,80,8.0,0.0,1.5,11,5.4,276,1024.5,MM,13.8,MM,MM,MM,MM
2025,12,4,19,10,80,8.0,0.0,1.5,MM,5.4,276,1024.7,MM,13.8,MM,MM,MM,MM
2025,12,4,19,0,80,8.0,9.0,MM,MM,MM,MM,1024.8,MM,13.8,MM,MM,+1.2,MM
2025,12,4,18,50,80,8.0,0.0,1.6,11,5.8,278,1024.9,MM,13.8,MM,MM,MM,MM
2025,12,4,18,40,80,8.0,0.0,1.6,MM,5.8,278,1024.9,MM,13.8,MM,MM,MM,MM
2025,12,4,18,30,80,8.0,0.0,MM,MM,MM,MM,1024.8,MM,13.8,MM,MM,MM,MM
2025,12,4,18,20,80,8.0,9.0,1.6,13,5.5,285,1025.0,MM,13.8,MM,MM,MM,MM
2025,12,4,18,10,80,8.0,9.0,MM,MM,MM,MM,1025.1,MM,13.8,MM,MM,MM,MM
2025,12,4,18,0,80,7.0,9.0,MM,MM,MM,MM,1025.1,MM,13.8,MM,MM,+1.9,MM
2025,12,4,17,50,70,8.0,9.0,1.6,13,5.6,284,1024.9,MM,13.8,MM,MM,MM,MM
2025,12,4,17,40,70,8.0,9.0,MM,MM,MM,MM,1024.8,MM,13.7,MM,MM,MM,MM
2025,12,4,17,30,70,8.0,0.0,MM,MM,MM,MM,1024.5,MM,13.7,MM,MM,MM,MM
2025,12,4,17,20,70,8.0,0.0,1.6,13,5.6,286,1024.6,MM,13.7,MM,MM,MM,MM
2025,12,4,17,10,80,8.0,9.0,1.6,MM,5.6,286,1024.6,MM,13.7,MM,MM,MM,MM
2025,12,4,17,0,80,8.0,0.0,MM,MM,MM,MM,1024.5,MM,13.7,MM,MM,+1.8,MM
2025,12,4,16,50,80,8.0,0.0,1.6,12,5.9,284,1024.4,MM,13.7,MM,MM,MM,MM
2025,12,4,16,40,80,8.0,0.0,1.6,MM,5.9,284,1024.3,MM,13.7,MM,MM,MM,MM
2025,12,4,16,30,80,9.0,1.0,MM,MM,MM,MM,1023.9,MM,13.7,MM,MM,MM,MM
2025,12,4,16,20,90,8.0,0.0,1.4,11,5.5,284,1023.7,MM,13.7,MM,MM,MM,MM
2025,12,4,16,10,90,8.0,9.0,1.4,MM,5.5,284,1023.7,MM,13.7,MM,MM,MM,MM
2025,12,4,16,0,90,8.0,9.0,MM,MM,MM,MM,1023.6,MM,13.7,MM,MM,+1.3,MM
2025,12,4,15,50,90,7.0,9.0,1.4,8,5.9,308,1023.7,MM,13.7,MM,MM,MM,MM
2025,12,4,15,40,90,7.0,9.0,MM,MM,MM,MM,1023.5,MM,13.7,MM,MM,MM,MM
2025,12,4,15,30,90,7.0,9.0,MM,MM,MM,MM,1023.4,MM,13.7,MM,MM,MM,MM
2025,12,4,15,20,90,7.0,8.0,1.6,13,6.9,277,1023.3,MM,13.7,MM,MM,MM,MM
2025,12,4,15,10,90,7.0,8.0,MM,MM,MM,MM,1023.3,MM,13.7,MM,MM,MM,MM
2025,12,4,15,0,90,7.0,8.0,MM,MM,MM,MM,1023.2,MM,13.7,MM,MM,+1.1,MM
2025,12,4,14,50,80,7.0,8.0,1.6,13,6.9,279,1023.2,MM,13.7,MM,MM,MM,MM
2025,12,4,14,40,80,6.0,7.0,MM,MM,MM,MM,1023.0,MM,13.7,MM,MM,MM,MM
2025,12,4,14,30,80,6.0,7.0,MM,MM,MM,MM,1022.9,MM,13.8,MM,MM,MM,MM
2025,12,4,14,20,80,6.0,7.0,1.6,13,7.5,278,1022.9,MM,13.8,MM,MM,MM,MM
2025,12,4,14,10,80,5.0,7.0,MM,MM,MM,MM,1022.8,MM,13.8,MM,MM,MM,MM
2025,12,4,14,0,90,5.0,6.0,MM,MM,MM,MM,1022.7,MM,13.8,MM,MM,+0.4,MM
2025,12,4,13,50,90,5.0,6.0,1.5,14,7.0,284,1022.6,MM,13.8,MM,MM,MM,MM
2025,12,4,13,40,90,6.0,7.0,1.5,MM,7.0,284,1022.3,MM,13.8,MM,MM,MM,MM
2025,12,4,13,30,90,6.0,7.0,MM,MM,MM,MM,1022.3,MM,13.8,MM,MM,MM,MM
2025,12,4,13,20,90,5.0,6.0,1.6,12,7.1,279,1022.3,MM,13.8,MM,MM,MM,MM
2025,12,4,13,10,80,5.0,6.0,1.6,MM,7.1,279,1022.2,MM,13.8,MM,MM,MM,MM
2025,12,4,13,0,90,5.0,6.0,MM,MM,MM,MM,1022.3,MM,13.8,MM,MM,+0.0,MM
2025,12,4,12,50,90,5.0,6.0,1.6,13,7.6,281,1022.1,MM,13.9,MM,MM,MM,MM
2025,12,4,12,40,90,5.0,6.0,1.6,MM,7.6,281,1022.1,MM,13.8,MM,MM,MM,MM
2025,12,4,12,30,90,5.0,6.0,MM,MM,MM,MM,1022.1,MM,13.8,MM,MM,MM,MM
2025,12,4,12,20,90,5.0,6.0,1.6,13,8.0,271,1022.1,MM,13.9,MM,MM,MM,MM
2025,12,4,12,10,90,5.0,6.0,1.6,MM,8.0,271,1022.2,MM,13.9,MM,MM,MM,MM
2025,12,4,12,0,100,5.0,6.0,MM,MM,MM,MM,1022.1,MM,13.9,MM,MM,+0.0,MM
2025,12,4,11,50,100,4.0,5.0,1.6,12,7.7,276,1022.2,MM,13.9,MM,MM,MM,MM
2025,12,4,11,40,100,4.0,5.0,MM,MM,MM,MM,1022.2,MM,13.9,MM,MM,MM,MM
2025,12,4,11,30,100,3.0,4.0,MM,MM,MM,MM,1022.2,MM,13.9,MM,MM,MM,MM
2025,12,4,11,20,90,3.0,4.0,1.5,12,7.5,287,1022.3,MM,13.9,MM,MM,MM,MM
2025,12,4,11,10,90,3.0,4.0,1.5,MM,7.5,287,1022.3,MM,13.9,MM,MM,MM,MM
2025,12,4,11,0,80,3.0,4.0,MM,MM,MM,MM,1022.3,MM,13.9,MM,MM,-0.0,MM
2025,12,4,10,50,90,2.0,3.0,1.8,12,8.2,272,1022.2,MM,13.8,MM,MM,MM,MM
2025,12,4,10,40,110,2.0,3.0,MM,MM,MM,MM,1022.0,MM,13.9,MM,MM,MM,MM
2025,12,4,10,30,110,2.0,3.0,MM,MM,MM,MM,1021.9,MM,13.8,MM,MM,MM,MM
2025,12,4,10,20,110,3.0,4.0,1.7,12,8.1,280,1021.8,MM,13.8,MM,MM,MM,MM
2025,12,4,10,10,100,3.0,4.0,1.7,MM,8.1,280,1022.0,MM,13.8,MM,MM,MM,MM
2025,12,4,10,0,90,3.0,4.0,MM,MM,MM,MM,1022.2,MM,13.8,MM,MM,+0.4,MM
2025,12,4,9,50,100,2.0,3.0,1.8,12,8.1,279,1022.2,MM,13.8,MM,MM,MM,MM
2025,12,4,9,40,90,2.0,3.0,1.8,MM,8.1,279,1022.2,MM,13.8,MM,MM,MM,MM
2025,12,4,9,30,110,1.0,2.0,MM,MM,MM,MM,1022.1,MM,13.8,MM,MM,MM,MM
2025,12,4,9,20,110,2.0,3.0,1.6,13,8.1,275,1022.0,MM,13.8,MM,MM,MM,MM
2025,12,4,9,10,110,1.0,2.0,MM,MM,MM,MM,1021.9,MM,13.7,MM,MM,MM,MM
2025,12,4,9,0,100,1.0,2.0,MM,MM,MM,MM,1021.9,MM,13.7,MM,MM,+0.4,MM
2025,12,4,8,50,MM,0.0,1.0,1.8,14,8.7,282,1022.1,MM,13.8,MM,MM,MM,MM
2025,12,4,8,40,MM,0.0,1.0,MM,MM,MM,MM,1022.3,MM,13.7,MM,MM,MM,MM
2025,12,4,8,30,MM,0.0,1.0,MM,MM,MM,MM,1022.3,MM,13.8,MM,MM,MM,MM
2025,12,4,8,20,MM,0.0,1.0,1.5,12,7.7,278,1022.3,MM,13.9,MM,MM,MM,MM
2025,12,4,8,10,60,1.0,1.0,MM,MM,MM,MM,1022.3,MM,13.8,MM,MM,MM,MM
2025,12,4,8,0,MM,0.0,1.0,MM,MM,MM,MM,1022.3,MM,13.8,MM,MM,+1.1,MM
2025,12,4,7,50,MM,0.0,1.0,2.0,13,9.0,277,1022.1,MM,13.8,MM,MM,MM,MM
2025,12,4,7,40,MM,0.0,1.0,MM,MM,MM,MM,1022.0,MM,13.8,MM,MM,MM,MM
2025,12,4,7,30,MM,0.0,1.0,MM,MM,MM,MM,1021.9,MM,13.7,MM,MM,MM,MM
2025,12,4,7,20,MM,0.0,1.0,1.7,13,8.3,284,1021.9,MM,13.8,MM,MM,MM,MM
2025,12,4,7,10,MM,0.0,1.0,1.7,MM,8.3,284,1021.7,MM,13.8,MM,MM,MM,MM
2025,12,4,7,0,MM,0.0,1.0,MM,MM,MM,MM,1021.8,MM,13.8,MM,MM,+0.8,MM
2025,12,4,6,50,20,1.0,2.0,1.8,12,8.5,288,1021.7,MM,13.8,MM,MM,MM,MM
2025,12,4,6,40,350,1.0,2.0,MM,MM,MM,MM,1021.6,MM,13.8,MM,MM,MM,MM
2025,12,4,6,30,20,2.0,3.0,MM,MM,MM,MM,1021.8,MM,13.7,MM,MM,MM,MM
2025,12,4,6,20,30,2.0,3.0,1.9,13,8.8,285,1021.7,MM,13.8,MM,MM,MM,MM
2025,12,4,6,10,30,2.0,3.0,1.9,MM,8.8,285,1021.6,MM,13.8,MM,MM,MM,MM
2025,12,4,6,0,350,2.0,3.0,MM,MM,MM,MM,1021.5,MM,13.8,MM,MM,+0.7,MM
2025,12,4,5,50,310,2.0,3.0,1.8,12,8.5,283,1021.5,MM,13.8,MM,MM,MM,MM
2025,12,4,5,40,320,2.0,3.0,MM,MM,MM,MM,1021.3,MM,13.8,MM,MM,MM,MM
2025,12,4,5,30,340,2.0,2.0,MM,MM,MM,MM,1021.2,MM,13.8,MM,MM,MM,MM
2025,12,4,5,20,330,2.0,3.0,1.8,13,8.6,276,1021.3,MM,13.8,MM,MM,MM,MM
2025,12,4,5,10,330,2.0,3.0,1.8,MM,8.6,276,1021.3,MM,13.8,MM,MM,MM,MM
2025,12,4,5,0,320,2.0,3.0,MM,MM,MM,MM,1021.2,MM,13.8,MM,MM,+1.0,MM
2025,12,4,4,50,320,3.0,4.0,1.9,14,8.9,280,1021.2,MM,13.8,MM,MM,MM,MM
2025,12,4,4,40,310,3.0,4.0,1.9,MM,8.9,280,1021.1,MM,13.8,MM,MM,MM,MM
2025,12,4,4,30,300,3.0,4.0,MM,MM,MM,MM,1021.1,MM,13.8,MM,MM,MM,MM
2025,12,4,4,20,310,3.0,4.0,1.8,14,8.6,274,1021.0,MM,13.8,MM,MM,MM,MM
2025,12,4,4,10,310,3.0,4.0,1.8,MM,8.6,274,1021.0,MM,13.8,MM,MM,MM,MM
2025,12,4,4,0,310,2.0,3.0,MM,MM,MM,MM,1021.0,MM,13.8,MM,MM,+1.1,MM
2025,12,4,3,50,320,2.0,3.0,2.0,14,8.7,284,1020.8,MM,13.9,MM,MM,MM,MM
2025,12,4,3,40,300,2.0,3.0,MM,MM,MM,MM,1020.8,MM,13.9,MM,MM,MM,MM
2025,12,4,3,30,290,2.0,2.0,MM,MM,MM,MM,1020.7,MM,MM,MM,MM,MM,MM
2025,12,4,3,20,300,2.0,3.0,1.9,14,8.5,278,1020.8,MM,13.9,MM,MM,MM,MM
2025,12,4,3,10,310,2.0,3.0,1.9,MM,8.5,278,1020.9,MM,13.9,MM,MM,MM,MM
2025,12,4,3,0,310,2.0,3.0,MM,MM,MM,MM,1020.8,MM,14.0,MM,MM,+1.3,MM
2025,12,4,2,50,310,2.0,3.0,1.9,13,8.6,273,1020.8,MM,13.9,MM,MM,MM,MM
2025,12,4,2,40,290,2.0,3.0,MM,MM,MM,MM,1020.6,MM,14.0,MM,MM,MM,MM
2025,12,4,2,30,300,2.0,3.0,MM,MM,MM,MM,1020.5,MM,14.0,MM,MM,MM,MM
2025,12,4,2,20,310,2.0,3.0,1.8,14,8.6,277,1020.3,MM,14.1,MM,MM,MM,MM
2025,12,4,2,10,320,2.0,3.0,1.8,MM,8.6,277,1020.4,MM,14.1,MM,MM,MM,MM
2025,12,4,2,0,330,2.0,3.0,MM,MM,MM,MM,1020.2,MM,14.1,MM,MM,+0.7,MM
2025,12,4,1,50,320,2.0,3.0,1.8,13,8.2,278,1020.1,MM,14.1,MM,MM,MM,MM
2025,12,4,1,40,320,2.0,3.0,MM,MM,MM,MM,1020.2,MM,14.1,MM,MM,MM,MM
2025,12,4,1,30,320,2.0,3.0,MM,MM,MM,MM,1020.3,MM,14.1,MM,MM,MM,MM
2025,12,4,1,20,320,1.0,3.0,1.7,14,8.1,276,1020.1,MM,14.1,MM,MM,MM,MM
2025,12,4,1,10,290,1.0,2.0,MM,MM,MM,MM,1020.0,MM,14.1,MM,MM,MM,MM
2025,12,4,1,0,250,1.0,2.0,MM,MM,MM,MM,1019.9,MM,14.1,MM,MM,+0.8,MM
2025,12,4,0,50,250,1.0,2.0,1.8,14,8.3,277,1019.9,MM,14.1,MM,MM,MM,MM
2025,12,4,0,40,300,2.0,3.0,1.8,MM,8.3,277,1019.7,MM,14.0,MM,MM,MM,MM
2025,12,4,0,30,320,3.0,4.0,MM,MM,MM,MM,1019.9,MM,14.0,MM,MM,MM,MM
2025,12,4,0,20,310,3.0,4.0,1.9,14,8.6,280,1019.7,MM,14.0,MM,MM,MM,MM
2025,12,4,0,10,310,4.0,5.0,MM,MM,MM,MM,1019.5,MM,14.1,MM,MM,MM,MM
2025,12,4,0,0,310,4.0,5.0,MM,MM,MM,MM,1019.5,MM,14.1,MM,MM,+0.4,MM
2025,12,3,23,50,300,3.0,4.0,1.7,14,8.0,287,1019.4,MM,14.1,MM,MM,MM,MM
2025,12,3,23,40,290,3.0,4.0,MM,MM,MM,MM,1019.5,MM,14.2,MM,MM,MM,MM
2025,12,3,23,30,300,3.0,4.0,MM,MM,MM,MM,1019.6,MM,14.2,MM,MM,MM,MM
2025,12,3,23,20,300,3.0,4.0,2.0,14,8.9,276,1019.5,MM,14.2,MM,MM,MM,MM
2025,12,3,23,10,300,3.0,4.0,MM,MM,MM,MM,1019.3,MM,14.3,MM,MM,MM,MM
2025,12,3,23,0,280,3.0,4.0,MM,MM,MM,MM,1019.5,MM,14.3,MM,MM,-0.4,MM
2025,12,3,22,50,280,3.0,4.0,1.8,14,8.3,272,1019.3,MM,14.3,MM,MM,MM,MM
2025,12,3,22,40,270,2.0,3.0,MM,MM,MM,MM,1019.3,MM,14.2,MM,MM,MM,MM
2025,12,3,22,30,280,2.0,3.0,MM,MM,MM,MM,1019.4,MM,MM,MM,MM,MM,MM
2025,12,3,22,20,280,2.0,3.0,1.9,13,8.5,276,1019.2,MM,14.0,MM,MM,MM,MM
2025,12,3,22,10,290,2.0,2.0,1.9,MM,8.5,276,1019.3,MM,14.1,MM,MM,MM,MM
2025,12,3,22,0,280,2.0,3.0,MM,MM,MM,MM,1019.1,MM,14.1,MM,MM,-1.6,MM
2025,12,3,21,50,280,2.0,3.0,1.9,14,8.2,279,1019.3,MM,14.1,MM,MM,MM,MM
2025,12,3,21,40,270,2.0,3.0,1.9,MM,8.2,279,1019.1,MM,14.1,MM,MM,MM,MM
2025,12,3,21,30,270,2.0,3.0,MM,MM,MM,MM,1019.1,MM,14.0,MM,MM,MM,MM
2025,12,3,21,20,260,1.0,2.0,2.0,14,8.6,275,1019.2,MM,14.0,MM,MM,MM,MM
2025,12,3,21,10,MM,0.0,2.0,MM,MM,MM,MM,1019.0,MM,14.0,MM,MM,MM,MM
2025,12,3,21,0,MM,0.0,1.0,MM,MM,MM,MM,1019.1,MM,14.0,MM,MM,-1.4,MM
2025,12,3,20,50,340,1.0,2.0,2.0,13,7.9,276,1019.4,MM,14.0,MM,MM,MM,MM
2025,12,3,20,40,320,1.0,2.0,MM,MM,MM,MM,1019.7,MM,14.0,MM,MM,MM,MM
2025,12,3,20,30,MM,0.0,1.0,MM,MM,MM,MM,1019.7,MM,14.0,MM,MM,MM,MM
2025,12,3,20,20,MM,0.0,2.0,2.1,15,8.4,274,1019.6,MM,14.0,MM,MM,MM,MM
2025,12,3,20,10,MM,0.0,1.0,2.1,MM,8.4,274,1019.7,MM,14.0,MM,MM,MM,MM
2025,12,3,20,0,100,1.0,2.0,MM,MM,MM,MM,1019.9,MM,14.0,MM,MM,+0.0,MM
2025,12,3,19,50,110,1.0,2.0,2.2,15,8.4,264,1020.0,MM,13.9,MM,MM,MM,MM
2025,12,3,19,40,120,1.0,2.0,MM,MM,MM,MM,1020.3,MM,13.9,MM,MM,MM,MM
2025,12,3,19,30,100,1.0,3.0,MM,MM,MM,MM,1020.5,MM,13.9,MM,MM,MM,MM
2025,12,3,19,20,30,1.0,3.0,2.0,15,8.2,269,1020.5,MM,13.9,MM,MM,MM,MM
2025,12,3,19,10,20,2.0,3.0,MM,MM,MM,MM,1020.7,MM,13.9,MM,MM,MM,MM
2025,12,3,19,0,10,3.0,4.0,MM,MM,MM,MM,1020.7,MM,13.9,MM,MM,+1.8,MM
2025,12,3,18,50,360,3.0,4.0,1.8,14,7.4,275,1020.7,MM,13.9,MM,MM,MM,MM
2025,12,3,18,40,360,3.0,4.0,MM,MM,MM,MM,1020.7,MM,13.8,MM,MM,MM,MM
2025,12,3,18,30,350,3.0,4.0,MM,MM,MM,MM,1020.6,MM,13.8,MM,MM,MM,MM
2025,12,3,18,20,340,3.0,4.0,2.2,15,8.2,279,1020.6,MM,13.8,MM,MM,MM,MM
2025,12,3,18,10,350,3.0,5.0,2.2,MM,8.2,279,1020.5,MM,13.8,MM,MM,MM,MM
2025,12,3,18,0,10,3.0,4.0,MM,MM,MM,MM,1020.5,MM,13.8,MM,MM,+2.4,MM
2025,12,3,17,50,350,3.0,4.0,2.1,15,8.1,268,1020.3,MM,13.8,MM,MM,MM,MM
2025,12,3,17,40,340,3.0,4.0,MM,MM,MM,MM,1020.4,MM,13.8,MM,MM,MM,MM
2025,12,3,17,30,320,2.0,4.0,MM,MM,MM,MM,1020.4,MM,13.8,MM,MM,MM,MM
2025,12,3,17,20,220,1.0,3.0,2.3,15,8.2,284,1020.1,MM,13.8,MM,MM,MM,MM
2025,12,3,17,10,210,1.0,2.0,MM,MM,MM,MM,1020.0,MM,13.8,MM,MM,MM,MM
2025,12,3,17,0,230,1.0,2.0,MM,MM,MM,MM,1019.7,MM,13.8,MM,MM,+2.0,MM
2025,12,3,16,50,230,1.0,2.0,2.2,12,8.0,286,1019.7,MM,13.8,MM,MM,MM,MM
2025,12,3,16,40,240,1.0,2.0,2.2,MM,8.0,286,1019.7,MM,13.8,MM,MM,MM,MM
2025,12,3,16,30,MM,0.0,2.0,MM,MM,MM,MM,1019.4,MM,13.8,MM,MM,MM,MM
2025,12,3,16,20,250,1.0,2.0,2.3,12,8.1,286,1019.4,MM,13.8,MM,MM,MM,MM
2025,12,3,16,10,260,1.0,2.0,2.3,MM,8.1,286,1019.2,MM,13.8,MM,MM,MM,MM
2025,12,3,16,0,MM,0.0,2.0,MM,MM,MM,MM,1018.9,MM,13.8,MM,MM,+1.5,MM
2025,12,3,15,50,MM,0.0,1.0,2.3,15,7.6,265,1018.4,MM,13.8,MM,MM,MM,MM
2025,12,3,15,40,MM,0.0,1.0,MM,MM,MM,MM,1018.5,MM,13.8,MM,MM,MM,MM
2025,12,3,15,30,MM,0.0,1.0,MM,MM,MM,MM,1018.6,MM,13.8,MM,MM,MM,MM
2025,12,3,15,20,MM,0.0,1.0,2.2,15,7.7,277,1018.3,MM,13.8,MM,MM,MM,MM
2025,12,3,15,10,MM,0.0,1.0,2.2,MM,7.7,277,1018.2,MM,13.8,MM,MM,MM,MM
2025,12,3,15,0,MM,0.0,1.0,MM,MM,MM,MM,1018.1,MM,13.8,MM,MM,+0.9,MM
2025,12,3,14,50,MM,0.0,1.0,2.4,12,7.9,293,1018.2,MM,13.8,MM,MM,MM,MM
2025,12,3,14,40,MM,0.0,1.0,MM,MM,MM,MM,1018.0,MM,13.8,MM,MM,MM,MM
2025,12,3,14,30,MM,0.0,2.0,MM,MM,MM,MM,1017.9,MM,13.8,MM,MM,MM,MM
2025,12,3,14,20,MM,0.0,1.0,2.3,15,7.6,282,1017.7,MM,13.8,MM,MM,MM,MM
2025,12,3,14,10,MM,0.0,1.0,2.3,MM,7.6,282,1017.8,MM,13.8,MM,MM,MM,MM
2025,12,3,14,0,MM,0.0,2.0,MM,MM,MM,MM,1017.7,MM,13.8,MM,MM,+0.8,MM
2025,12,3,13,50,MM,0.0,1.0,2.3,14,7.7,277,1017.7,MM,13.8,MM,MM,MM,MM
2025,12,3,13,40,MM,0.0,2.0,MM,MM,MM,MM,1017.7,MM,13.8,MM,MM,MM,MM
2025,12,3,13,30,MM,0.0,2.0,MM,MM,MM,MM,1017.6,MM,13.8,MM,MM,MM,MM
2025,12,3,13,20,120,1.0,3.0,2.5,12,8.1,291,1017.5,MM,13.8,MM,MM,MM,MM
2025,12,3,13,10,80,2.0,4.0,MM,MM,MM,MM,1017.5,MM,13.8,MM,MM,MM,MM
2025,12,3,13,0,90,2.0,4.0,MM,MM,MM,MM,1017.4,MM,13.8,MM,MM,+0.5,MM
2025,12,3,12,50,100,3.0,5.0,2.4,13,8.0,281,1017.3,MM,13.8,MM,MM,MM,MM
2025,12,3,12,40,110,2.0,4.0,2.4,MM,8.0,281,1017.1,MM,13.9,MM,MM,MM,MM
2025,12,3,12,30,110,2.0,3.0,MM,MM,MM,MM,1017.1,MM,13.8,MM,MM,MM,MM
2025,12,3,12,20,100,2.0,3.0,2.5,15,8.2,282,1017.1,MM,13.8,MM,MM,MM,MM
2025,12,3,12,10,100,2.0,4.0,2.5,MM,8.2,282,1017.2,MM,13.8,MM,MM,MM,MM
2025,12,3,12,0,90,2.0,4.0,MM,MM,MM,MM,1017.2,MM,13.8,MM,MM,+0.4,MM
2025,12,3,11,50,90,3.0,4.0,2.4,14,7.6,282,1017.2,MM,13.8,MM,MM,MM,MM
2025,12,3,11,40,90,3.0,5.0,MM,MM,MM,MM,1016.9,MM,13.8,MM,MM,MM,MM
2025,12,3,11,30,110,4.0,5.0,MM,MM,MM,MM,1017.0,MM,13.8,MM,MM,MM,MM
2025,12,3,11,20,100,3.0,5.0,2.7,14,8.4,283,1017.1,MM,13.9,MM,MM,MM,MM
2025,12,3,11,10,100,3.0,5.0,2.7,MM,8.4,283,1017.0,MM,13.8,MM,MM,MM,MM
2025,12,3,11,0,80,5.0,7.0,MM,MM,MM,MM,1016.9,MM,13.9,MM,MM,+0.3,MM
2025,12,3,10,50,80,5.0,6.0,2.6,15,8.0,282,1016.8,MM,13.9,MM,MM,MM,MM
2025,12,3,10,40,80,5.0,7.0,MM,MM,MM,MM,1017.0,MM,13.8,MM,MM,MM,MM
2025,12,3,10,30,80,5.0,7.0,MM,MM,MM,MM,1016.7,MM,13.9,MM,MM,MM,MM
2025,12,3,10,20,80,5.0,7.0,2.7,16,8.0,280,1016.7,MM,13.8,MM,MM,MM,MM
2025,12,3,10,10,80,5.0,6.0,2.7,MM,8.0,280,1016.8,MM,13.9,MM,MM,MM,MM
2025,12,3,10,0,80,5.0,6.0,MM,MM,MM,MM,1016.9,MM,13.9,MM,MM,+0.6,MM
2025,12,3,9,50,80,5.0,7.0,2.6,9,7.8,301,1016.8,MM,13.9,MM,MM,MM,MM
2025,12,3,9,40,80,4.0,6.0,MM,MM,MM,MM,1016.7,MM,13.9,MM,MM,MM,MM
2025,12,3,9,30,80,5.0,6.0,MM,MM,MM,MM,1016.8,MM,13.9,MM,MM,MM,MM
2025,12,3,9,20,70,4.0,6.0,2.7,14,8.0,282,1016.6,MM,13.9,MM,MM,MM,MM
2025,12,3,9,10,80,4.0,5.0,MM,MM,MM,MM,1016.6,MM,13.8,MM,MM,MM,MM
2025,12,3,9,0,70,5.0,6.0,MM,MM,MM,MM,1016.8,MM,13.8,MM,MM,+1.1,MM
2025,12,3,8,50,70,5.0,7.0,2.5,15,7.7,277,1016.9,MM,13.8,MM,MM,MM,MM
2025,12,3,8,40,80,5.0,7.0,2.5,MM,7.7,277,1016.9,MM,13.9,MM,MM,MM,MM
2025,12,3,8,30,80,5.0,7.0,MM,MM,MM,MM,1016.8,MM,13.9,MM,MM,MM,MM
2025,12,3,8,20,80,5.0,7.0,2.6,16,8.3,285,1016.8,MM,14.0,MM,MM,MM,MM
2025,12,3,8,10,80,5.0,7.0,2.6,MM,8.3,285,1016.6,MM,14.0,MM,MM,MM,MM
2025,12,3,8,0,80,4.0,5.0,MM,MM,MM,MM,1016.6,MM,13.9,MM,MM,+0.8,MM
2025,12,3,7,50,80,4.0,5.0,2.7,16,8.6,276,1016.5,MM,13.9,MM,MM,MM,MM
2025,12,3,7,40,90,5.0,7.0,MM,MM,MM,MM,1016.4,MM,13.9,MM,MM,MM,MM
2025,12,3,7,30,80,5.0,7.0,MM,MM,MM,MM,1016.5,MM,13.9,MM,MM,MM,MM
2025,12,3,7,20,80,5.0,7.0,2.8,15,8.3,274,1016.4,MM,13.9,MM,MM,MM,MM
2025,12,3,7,10,70,4.0,6.0,2.8,MM,8.3,274,1016.4,MM,13.9,MM,MM,MM,MM
2025,12,3,7,0,80,4.0,5.0,MM,MM,MM,MM,1016.3,MM,13.9,MM,MM,+0.4,MM
2025,12,3,6,50,70,4.0,5.0,2.9,16,8.2,275,1016.3,MM,13.9,MM,MM,MM,MM
2025,12,3,6,40,60,4.0,6.0,MM,MM,MM,MM,1016.3,MM,13.9,MM,MM,MM,MM
2025,12,3,6,30,60,4.0,6.0,MM,MM,MM,MM,1016.2,MM,13.9,MM,MM,MM,MM
2025,12,3,6,20,30,4.0,6.0,2.8,15,7.8,272,1016.0,MM,13.9,MM,MM,MM,MM
2025,12,3,6,10,360,5.0,6.0,MM,MM,MM,MM,1015.8,MM,13.9,MM,MM,MM,MM
2025,12,3,6,0,350,6.0,8.0,2.8,MM,7.8,272,1015.7,MM,13.9,MM,MM,+0.0,MM
2025,12,3,5,50,340,6.0,8.0,2.3,16,7.6,255,1015.6,MM,13.9,MM,MM,MM,MM
2025,12,3,5,40,340,5.0,7.0,MM,MM,MM,MM,1015.6,MM,13.9,MM,MM,MM,MM
2025,12,3,5,30,330,5.0,6.0,MM,MM,MM,MM,1015.7,MM,13.9,MM,MM,MM,MM
2025,12,3,5,20,340,5.0,6.0,2.0,16,7.1,286,1015.7,MM,13.9,MM,MM,MM,MM
2025,12,3,5,10,340,4.0,6.0,2.0,MM,7.1,286,1015.7,MM,13.9,MM,MM,MM,MM
2025,12,3,5,0,330,5.0,6.0,MM,MM,MM,MM,1015.8,MM,13.9,MM,MM,+0.0,MM
2025,12,3,4,50,330,6.0,7.0,2.0,16,7.7,280,1015.6,MM,13.9,MM,MM,MM,MM
2025,12,3,4,40,330,6.0,7.0,2.0,MM,7.7,280,1015.7,MM,13.9,MM,MM,MM,MM
2025,12,3,4,30,340,5.0,6.0,MM,MM,MM,MM,1015.7,MM,13.9,MM,MM,MM,MM
2025,12,3,4,20,350,5.0,8.0,2.0,16,7.6,275,1015.8,MM,13.9,MM,MM,MM,MM
2025,12,3,4,10,340,6.0,8.0,MM,MM,MM,MM,1015.8,MM,13.9,MM,MM,MM,MM
2025,12,3,4,0,330,7.0,8.0,MM,MM,MM,MM,1015.9,MM,13.9,MM,MM,-0.4,MM
2025,12,3,3,50,330,7.0,9.0,1.8,15,7.5,283,1015.8,MM,13.9,MM,MM,MM,MM
2025,12,3,3,40,330,7.0,9.0,MM,MM,MM,MM,1015.9,MM,14.0,MM,MM,MM,MM
2025,12,3,3,30,320,7.0,9.0,MM,MM,MM,MM,1015.9,MM,14.0,MM,MM,MM,MM
2025,12,3,3,20,330,7.0,8.0,1.9,15,8.8,278,1016.0,MM,14.0,MM,MM,MM,MM
2025,12,3,3,10,320,6.0,8.0,1.9,MM,8.8,278,1016.0,MM,14.0,MM,MM,MM,MM
2025,12,3,3,0,320,5.0,7.0,MM,MM,MM,MM,1015.9,MM,13.9,MM,MM,-0.8,MM
2025,12,3,2,50,320,4.0,5.0,2.0,15,9.2,275,1015.9,MM,13.9,MM,MM,MM,MM
2025,12,3,2,40,310,5.0,6.0,MM,MM,MM,MM,1016.0,MM,13.9,MM,MM,MM,MM
2025,12,3,2,30,300,6.0,7.0,MM,MM,MM,MM,1016.1,MM,13.9,MM,MM,MM,MM
2025,12,3,2,20,300,6.0,8.0,1.9,15,9.0,271,1016.1,MM,13.9,MM,MM,MM,MM
2025,12,3,2,10,300,6.0,7.0,1.9,MM,9.0,271,1015.9,MM,13.9,MM,MM,MM,MM
2025,12,3,2,0,300,6.0,7.0,MM,MM,MM,MM,1015.9,MM,13.9,MM,MM,-0.8,MM
2025,12,3,1,50,300,5.0,7.0,2.0,16,9.4,272,1015.9,MM,13.9,MM,MM,MM,MM
2025,12,3,1,40,310,6.0,7.0,2.0,MM,9.4,272,1015.9,MM,13.9,MM,MM,MM,MM
2025,12,3,1,30,310,6.0,7.0,MM,MM,MM,MM,1016.1,MM,13.9,MM,MM,MM,MM
2025,12,3,1,20,300,5.0,6.0,1.9,16,9.2,275,1016.0,MM,13.9,MM,MM,MM,MM
2025,12,3,1,10,310,5.0,6.0,MM,MM,MM,MM,1016.2,MM,13.9,MM,MM,MM,MM
2025,12,3,1,0,310,5.0,6.0,MM,MM,MM,MM,1016.3,MM,13.9,MM,MM,-0.5,MM
2025,12,3,0,50,310,5.0,6.0,1.8,16,8.4,272,1016.2,MM,13.9,MM,MM,MM,MM
2025,12,3,0,40,320,4.0,6.0,1.8,MM,8.4,272,1016.5,MM,13.9,MM,MM,MM,MM
2025,12,3,0,30,320,6.0,7.0,MM,MM,MM,MM,1016.6,MM,13.9,MM,MM,MM,MM
2025,12,3,0,20,320,5.0,7.0,2.1,16,9.4,280,1016.8,MM,13.9,MM,MM,MM,MM
2025,12,3,0,10,310,6.0,8.0,2.1,MM,9.4,280,1016.5,MM,13.9,MM,MM,MM,MM
2025,12,3,0,0,310,7.0,9.0,MM,MM,MM,MM,1016.7,MM,13.9,MM,MM,-1.0,MM
2025,12,2,23,50,310,7.0,8.0,2.0,16,9.5,275,1016.6,MM,13.9,MM,MM,MM,MM
2025,12,2,23,40,320,6.0,8.0,2.0,MM,9.5,275,1016.9,MM,13.9,MM,MM,MM,MM
2025,12,2,23,30,320,6.0,8.0,MM,MM,MM,MM,1017.1,MM,13.9,MM,MM,MM,MM
2025,12,2,23,20,320,6.0,8.0,1.7,16,8.5,276,1017.1,MM,13.9,MM,MM,MM,MM
2025,12,2,23,10,310,5.0,7.0,1.7,MM,8.5,276,1017.0,MM,13.9,MM,MM,MM,MM
2025,12,2,23,0,320,5.0,7.0,MM,MM,MM,MM,1016.7,MM,14.0,MM,MM,-2.1,MM
2025,12,2,22,50,310,6.0,7.0,1.9,16,9.6,278,1017.0,MM,14.0,MM,MM,MM,MM
2025,12,2,22,40,310,6.0,7.0,MM,MM,MM,MM,1016.8,MM,14.1,MM,MM,MM,MM
2025,12,2,22,30,310,6.0,7.0,MM,MM,MM,MM,1016.8,MM,14.1,MM,MM,MM,MM
2025,12,2,22,20,310,6.0,8.0,1.8,17,0.4,273,1016.9,MM,14.2,MM,MM,MM,MM
2025,12,2,22,10,310,6.0,8.0,MM,MM,MM,MM,1016.9,MM,14.1,MM,MM,MM,MM
2025,12,2,22,0,310,5.0,6.0,MM,MM,MM,MM,1016.8,MM,MM,MM,MM,-2.7,MM
2025,12,2,21,50,310,5.0,6.0,1.6,16,9.6,277,1016.8,MM,14.1,MM,MM,MM,MM
2025,12,2,21,40,310,5.0,6.0,MM,MM,MM,MM,1017.1,MM,14.1,MM,MM,MM,MM
2025,12,2,21,30,320,4.0,6.0,MM,MM,MM,MM,1017.4,MM,14.1,MM,MM,MM,MM
2025,12,2,21,20,320,4.0,5.0,1.5,16,9.4,283,1017.4,MM,14.1,MM,MM,MM,MM
2025,12,2,21,10,320,4.0,5.0,MM,MM,MM,MM,1017.6,MM,14.1,MM,MM,MM,MM
2025,12,2,21,0,320,4.0,5.0,MM,MM,MM,MM,1017.7,MM,MM,MM,MM,-2.1,MM
2025,12,2,20,50,320,4.0,5.0,1.6,16,9.7,269,1017.8,MM,14.0,MM,MM,MM,MM
2025,12,2,20,40,330,2.0,3.0,1.6,MM,9.7,269,1017.9,MM,14.0,MM,MM,MM,MM
2025,12,2,20,30,320,3.0,4.0,MM,MM,MM,MM,1018.0,MM,13.9,MM,MM,MM,MM
2025,12,2,20,20,320,3.0,4.0,1.8,16,0.1,273,1018.3,MM,13.9,MM,MM,MM,MM
2025,12,2,20,10,300,1.0,3.0,1.8,MM,0.1,273,1018.7,MM,13.9,MM,MM,MM,MM
2025,12,2,20,0,250,1.0,2.0,MM,MM,MM,MM,1018.8,MM,13.9,MM,MM,-1.2,MM
2025,12,2,19,50,250,1.0,2.0,1.6,16,9.5,282,1019.0,MM,13.9,MM,MM,MM,MM
2025,12,2,19,40,230,2.0,2.0,MM,MM,MM,MM,1019.0,MM,13.9,MM,MM,MM,MM
2025,12,2,19,30,240,2.0,3.0,MM,MM,MM,MM,1019.0,MM,13.8,MM,MM,MM,MM
2025,12,2,19,20,250,2.0,3.0,1.5,16,8.6,273,1019.1,MM,13.8,MM,MM,MM,MM
2025,12,2,19,10,270,3.0,3.0,1.5,MM,8.6,273,1019.3,MM,13.8,MM,MM,MM,MM
2025,12,2,19,0,280,3.0,4.0,MM,MM,MM,MM,1019.5,MM,13.8,MM,MM,+0.4,MM
2025,12,2,18,50,270,2.0,3.0,1.7,16,9.6,284,1019.5,MM,13.8,MM,MM,MM,MM
2025,12,2,18,40,270,1.0,2.0,MM,MM,MM,MM,1019.5,MM,13.8,MM,MM,MM,MM
2025,12,2,18,30,MM,0.0,2.0,MM,MM,MM,MM,1019.5,MM,13.8,MM,MM,MM,MM
2025,12,2,18,20,MM,0.0,0.0,1.7,17,9.1,275,1019.7,MM,13.8,MM,MM,MM,MM
2025,12,2,18,10,100,1.0,2.0,1.7,MM,9.1,275,1019.8,MM,13.8,MM,MM,MM,MM
2025,12,2,18,0,80,1.0,2.0,MM,MM,MM,MM,1019.8,MM,13.8,MM,MM,+1.1,MM
2025,12,2,17,50,70,1.0,3.0,1.7,17,8.8,283,1019.9,MM,13.8,MM,MM,MM,MM
2025,12,2,17,40,60,2.0,3.0,1.7,MM,8.8,283,1019.8,MM,13.7,MM,MM,MM,MM
2025,12,2,17,30,70,2.0,3.0,MM,MM,MM,MM,1019.8,MM,13.7,MM,MM,MM,MM
2025,12,2,17,20,60,3.0,3.0,1.7,17,8.7,269,1019.7,MM,13.8,MM,MM,MM,MM
2025,12,2,17,10,60,3.0,4.0,MM,MM,MM,MM,1019.7,MM,13.8,MM,MM,MM,MM
2025,12,2,17,0,80,4.0,5.0,MM,MM,MM,MM,1020.0,MM,13.8,MM,MM,+1.1,MM
2025,12,2,16,50,80,4.0,6.0,1.8,17,8.3,274,1019.7,MM,13.8,MM,MM,MM,MM
2025,12,2,16,40,70,5.0,6.0,MM,MM,MM,MM,1019.5,MM,13.7,MM,MM,MM,MM
2025,12,2,16,30,70,5.0,6.0,MM,MM,MM,MM,1019.5,MM,13.8,MM,MM,MM,MM
2025,12,2,16,20,80,5.0,6.0,1.9,17,8.7,268,1019.3,MM,13.8,MM,MM,MM,MM
2025,12,2,16,10,80,5.0,7.0,1.9,MM,8.7,268,1019.2,MM,13.8,MM,MM,MM,MM
2025,12,2,16,0,80,5.0,6.0,MM,MM,MM,MM,1019.1,MM,13.8,MM,MM,+0.6,MM
2025,12,2,15,50,80,6.0,7.0,2.0,17,8.7,276,1019.1,MM,13.8,MM,MM,MM,MM
2025,12,2,15,40,80,6.0,7.0,MM,MM,MM,MM,1019.1,MM,13.8,MM,MM,MM,MM
2025,12,2,15,30,80,6.0,7.0,MM,MM,MM,MM,1019.0,MM,13.8,MM,MM,MM,MM
2025,12,2,15,20,80,6.0,8.0,1.7,17,7.4,267,1018.8,MM,13.8,MM,MM,MM,MM
2025,12,2,15,10,80,7.0,0.0,1.7,MM,7.4,267,1018.9,MM,13.8,MM,MM,MM,MM
2025,12,2,15,0,90,7.0,9.0,MM,MM,MM,MM,1018.7,MM,13.8,MM,MM,-0.8,MM
2025,12,2,14,50,90,7.0,8.0,1.8,17,8.6,279,1018.6,MM,13.8,MM,MM,MM,MM
2025,12,2,14,40,80,7.0,9.0,MM,MM,MM,MM,1018.8,MM,13.8,MM,MM,MM,MM
2025,12,2,14,30,90,6.0,8.0,MM,MM,MM,MM,1018.8,MM,13.8,MM,MM,MM,MM
2025,12,2,14,20,90,5.0,7.0,1.8,17,9.7,278,1018.9,MM,13.8,MM,MM,MM,MM
2025,12,2,14,10,90,3.0,5.0,MM,MM,MM,MM,1018.9,MM,13.8,MM,MM,MM,MM
2025,12,2,14,0,80,3.0,5.0,MM,MM,MM,MM,1018.9,MM,13.8,MM,MM,-0.5,MM
2025,12,2,13,50,80,3.0,4.0,1.8,17,9.4,282,1019.0,MM,13.8,MM,MM,MM,MM
2025,12,2,13,40,90,3.0,4.0,1.8,MM,9.4,282,1018.9,MM,13.8,MM,MM,MM,MM
2025,12,2,13,30,90,3.0,4.0,MM,MM,MM,MM,1018.7,MM,13.8,MM,MM,MM,MM
2025,12,2,13,20,90,3.0,4.0,1.9,17,0.0,275,1018.5,MM,13.8,MM,MM,MM,MM
2025,12,2,13,10,100,3.0,4.0,1.9,MM,0.0,275,1018.5,MM,13.8,MM,MM,MM,MM
2025,12,2,13,0,110,2.0,3.0,MM,MM,MM,MM,1018.5,MM,13.8,MM,MM,-0.5,MM
2025,12,2,12,50,80,1.0,2.0,1.8,17,9.3,279,1018.9,MM,13.8,MM,MM,MM,MM
2025,12,2,12,40,70,1.0,2.0,1.8,MM,9.3,279,1019.0,MM,13.8,MM,MM,MM,MM
2025,12,2,12,30,MM,0.0,1.0,MM,MM,MM,MM,1018.8,MM,13.8,MM,MM,MM,MM
2025,12,2,12,20,350,1.0,2.0,1.9,17,9.4,271,1019.0,MM,13.8,MM,MM,MM,MM
2025,12,2,12,10,340,3.0,4.0,1.9,MM,9.4,271,1019.3,MM,13.8,MM,MM,MM,MM
2025,12,2,12,0,340,4.0,5.0,MM,MM,MM,MM,1019.5,MM,13.8,MM,MM,+0.6,MM
2025,12,2,11,50,340,5.0,6.0,1.9,17,8.7,271,1019.7,MM,13.8,MM,MM,MM,MM
2025,12,2,11,40,330,4.0,5.0,MM,MM,MM,MM,1019.8,MM,13.8,MM,MM,MM,MM
2025,12,2,11,30,320,4.0,6.0,MM,MM,MM,MM,1019.7,MM,13.8,MM,MM,MM,MM
2025,12,2,11,20,330,4.0,5.0,1.7,17,7.5,281,1019.9,MM,13.8,MM,MM,MM,MM
2025,12,2,11,10,10,5.0,9.0,1.7,MM,7.5,281,1019.9,MM,13.8,MM,MM,MM,MM
2025,12,2,11,0,60,8.0,9.0,MM,MM,MM,MM,1019.4,MM,13.8,MM,MM,-0.0,MM
2025,12,2,10,50,70,8.0,0.0,1.9,17,8.7,279,1019.1,MM,13.8,MM,MM,MM,MM
2025,12,2,10,40,70,7.0,9.0,MM,MM,MM,MM,1019.1,MM,13.8,MM,MM,MM,MM
2025,12,2,10,30,70,7.0,8.0,MM,MM,MM,MM,1019.0,MM,13.8,MM,MM,MM,MM
2025,12,2,10,20,70,6.0,8.0,2.0,17,8.6,278,1019.1,MM,13.8,MM,MM,MM,MM
2025,12,2,10,10,70,6.0,7.0,2.0,MM,8.6,278,1019.1,MM,13.8,MM,MM,MM,MM
2025,12,2,10,0,70,7.0,9.0,MM,MM,MM,MM,1019.0,MM,13.8,MM,MM,-0.7,MM
2025,12,2,9,50,70,8.0,0.0,1.8,19,7.5,279,1018.8,MM,13.8,MM,MM,MM,MM
2025,12,2,9,40,80,8.0,0.0,1.8,MM,7.5,279,1018.9,MM,13.8,MM,MM,MM,MM
2025,12,2,9,30,70,8.0,9.0,MM,MM,MM,MM,1018.9,MM,13.7,MM,MM,MM,MM
2025,12,2,9,20,70,8.0,0.0,1.9,19,7.6,269,1018.9,MM,13.8,MM,MM,MM,MM
2025,12,2,9,10,70,8.0,0.0,1.9,MM,7.6,269,1018.9,MM,13.8,MM,MM,MM,MM
2025,12,2,9,0,70,8.0,0.0,MM,MM,MM,MM,1018.9,MM,13.8,MM,MM,-0.9,MM
2025,12,2,8,50,70,8.0,9.0,1.9,17,7.6,281,1019.0,MM,13.8,MM,MM,MM,MM
2025,12,2,8,40,70,8.0,9.0,1.9,MM,7.6,281,1019.2,MM,13.7,MM,MM,MM,MM
2025,12,2,8,30,70,7.0,9.0,MM,MM,MM,MM,1019.2,MM,13.7,MM,MM,MM,MM
2025,12,2,8,20,70,7.0,8.0,2.0,19,8.1,274,1019.3,MM,13.8,MM,MM,MM,MM
2025,12,2,8,10,70,7.0,8.0,2.0,MM,8.1,274,1019.5,MM,13.7,MM,MM,MM,MM
2025,12,2,8,0,70,7.0,8.0,MM,MM,MM,MM,1019.5,MM,MM,MM,MM,+0.0,MM
2025,12,2,7,50,70,7.0,9.0,2.3,19,9.4,269,1019.4,MM,13.8,MM,MM,MM,MM
2025,12,2,7,40,70,7.0,9.0,MM,MM,MM,MM,1019.5,MM,13.8,MM,MM,MM,MM
2025,12,2,7,30,80,8.0,0.0,MM,MM,MM,MM,1019.5,MM,13.8,MM,MM,MM,MM
2025,12,2,7,20,80,7.0,9.0,2.0,19,8.4,260,1019.6,MM,13.8,MM,MM,MM,MM
2025,12,2,7,10,70,7.0,9.0,2.0,MM,8.4,260,1019.7,MM,13.8,MM,MM,MM,MM
2025,12,2,7,0,70,8.0,9.0,MM,MM,MM,MM,1019.7,MM,13.7,MM,MM,+0.3,MM
2025,12,2,6,50,60,8.0,9.0,1.9,19,9.7,280,1019.8,MM,13.8,MM,MM,MM,MM
2025,12,2,6,40,70,6.0,9.0,MM,MM,MM,MM,1019.5,MM,13.8,MM,MM,MM,MM
2025,12,2,6,30,90,4.0,6.0,MM,MM,MM,MM,1019.5,MM,13.8,MM,MM,MM,MM
2025,12,2,6,20,110,3.0,4.0,1.7,19,9.3,268,1019.6,MM,13.8,MM,MM,MM,MM
2025,12,2,6,10,110,2.0,3.0,MM,MM,MM,MM,1019.7,MM,13.8,MM,MM,MM,MM
2025,12,2,6,0,70,1.0,2.0,MM,MM,MM,MM,1019.8,MM,13.7,MM,MM,+0.9,MM
2025,12,2,5,50,40,2.0,2.0,1.8,19,9.4,269,1019.7,MM,13.8,MM,MM,MM,MM
2025,12,2,5,40,20,2.0,2.0,MM,MM,MM,MM,1019.5,MM,13.8,MM,MM,MM,MM
2025,12,2,5,30,10,1.0,2.0,MM,MM,MM,MM,1019.7,MM,13.8,MM,MM,MM,MM
2025,12,2,5,20,40,2.0,3.0,1.9,19,9.6,277,1019.7,MM,13.8,MM,MM,MM,MM
2025,12,2,5,10,50,2.0,3.0,1.9,MM,9.6,277,1019.5,MM,13.8,MM,MM,MM,MM
2025,12,2,5,0,30,2.0,4.0,MM,MM,MM,MM,1019.6,MM,13.8,MM,MM,+0.6,MM
2025,12,2,4,50,60,3.0,4.0,1.8,19,8.9,275,1019.6,MM,13.8,MM,MM,MM,MM
2025,12,2,4,40,60,3.0,4.0,MM,MM,MM,MM,1019.6,MM,13.8,MM,MM,MM,MM
2025,12,2,4,30,60,3.0,4.0,MM,MM,MM,MM,1019.6,MM,13.8,MM,MM,MM,MM
2025,12,2,4,20,70,3.0,4.0,2.1,19,9.1,277,1019.6,MM,13.8,MM,MM,MM,MM
2025,12,2,4,10,70,4.0,5.0,2.1,MM,9.1,277,1019.5,MM,13.8,MM,MM,MM,MM
2025,12,2,4,0,70,5.0,6.0,MM,MM,MM,MM,1019.4,MM,13.8,MM,MM,+0.3,MM
2025,12,2,3,50,70,5.0,6.0,1.9,19,8.5,269,1019.3,MM,13.8,MM,MM,MM,MM
2025,12,2,3,40,70,5.0,7.0,MM,MM,MM,MM,1019.1,MM,13.8,MM,MM,MM,MM
2025,12,2,3,30,70,6.0,7.0,MM,MM,MM,MM,1019.1,MM,13.8,MM,MM,MM,MM
2025,12,2,3,20,60,6.0,8.0,1.7,19,6.9,258,1019.1,MM,13.8,MM,MM,MM,MM
2025,12,2,3,10,70,7.0,9.0,1.7,MM,6.9,258,1018.9,MM,13.8,MM,MM,MM,MM
2025,12,2,3,0,70,8.0,9.0,MM,MM,MM,MM,1018.9,MM,13.8,MM,MM,+0.0,MM
2025,12,2,2,50,70,8.0,0.0,1.6,19,7.3,269,1018.8,MM,13.8,MM,MM,MM,MM
2025,12,2,2,40,70,8.0,9.0,MM,MM,MM,MM,1018.7,MM,13.8,MM,MM,MM,MM
2025,12,2,2,30,70,7.0,8.0,MM,MM,MM,MM,1018.8,MM,13.8,MM,MM,MM,MM
2025,12,2,2,20,70,7.0,8.0,1.7,19,8.5,258,1018.8,MM,13.8,MM,MM,MM,MM
2025,12,2,2,10,70,5.0,7.0,1.7,MM,8.5,258,1018.8,MM,13.8,MM,MM,MM,MM
2025,12,2,2,0,70,5.0,6.0,MM,MM,MM,MM,1019.0,MM,13.8,MM,MM,-0.0,MM
2025,12,2,1,50,70,5.0,6.0,1.8,21,8.9,252,1019.0,MM,13.8,MM,MM,MM,MM
2025,12,2,1,40,70,5.0,7.0,1.8,MM,8.9,252,1019.0,MM,13.8,MM,MM,MM,MM
2025,12,2,1,30,70,5.0,6.0,MM,MM,MM,MM,1018.8,MM,13.8,MM,MM,MM,MM
2025,12,2,1,20,60,2.0,5.0,1.8,21,8.4,269,1018.8,MM,13.9,MM,MM,MM,MM
2025,12,2,1,10,50,1.0,2.0,1.8,MM,8.4,269,1019.0,MM,13.9,MM,MM,MM,MM
2025,12,2,1,0,40,1.0,2.0,MM,MM,MM,MM,1019.1,MM,13.9,MM,MM,-0.0,MM
2025,12,2,0,50,20,1.0,2.0,1.5,21,6.9,258,1019.0,MM,13.9,MM,MM,MM,MM
2025,12,2,0,40,340,1.0,2.0,1.5,MM,6.9,258,1019.1,MM,13.9,MM,MM,MM,MM
2025,12,2,0,30,350,1.0,2.0,MM,MM,MM,MM,1019.0,MM,13.9,MM,MM,MM,MM
2025,12,2,0,20,330,1.0,2.0,1.6,19,7.5,274,1018.8,MM,13.9,MM,MM,MM,MM
2025,12,2,0,10,320,2.0,2.0,1.6,MM,7.5,274,1018.9,MM,13.9,MM,MM,MM,MM
2025,12,2,0,0,320,2.0,3.0,MM,MM,MM,MM,1018.8,MM,13.9,MM,MM,-0.7,MM
2025,12,1,23,50,320,2.0,3.0,1.5,21,6.7,228,1018.8,MM,13.9,MM,MM,MM,MM
2025,12,1,23,40,340,2.0,3.0,MM,MM,MM,MM,1018.8,MM,13.9,MM,MM,MM,MM
2025,12,1,23,30,360,2.0,4.0,MM,MM,MM,MM,1018.9,MM,13.9,MM,MM,MM,MM
2025,12,1,23,20,50,3.0,4.0,1.6,21,7.0,278,1019.0,MM,13.9,MM,MM,MM,MM
2025,12,1,23,10,60,3.0,5.0,1.6,MM,7.0,278,1019.1,MM,13.9,MM,MM,MM,MM
2025,12,1,23,0,60,4.0,6.0,MM,MM,MM,MM,1019.1,MM,MM,MM,MM,-1.2,MM
2025,12,1,22,50,60,4.0,6.0,1.6,21,6.4,273,1019.2,MM,13.9,MM,MM,MM,MM
2025,12,1,22,40,70,5.0,7.0,MM,MM,MM,MM,1019.2,MM,13.9,MM,MM,MM,MM
2025,12,1,22,30,70,5.0,7.0,MM,MM,MM,MM,1019.1,MM,13.9,MM,MM,MM,MM
2025,12,1,22,20,70,6.0,8.0,1.6,21,6.1,263,1019.2,MM,13.9,MM,MM,MM,MM
2025,12,1,22,10,70,6.0,7.0,MM,MM,MM,MM,1019.4,MM,13.9,MM,MM,MM,MM
2025,12,1,22,0,70,6.0,8.0,MM,MM,MM,MM,1019.3,MM,13.9,MM,MM,-1.2,MM
2025,12,1,21,50,70,7.0,8.0,1.7,21,6.5,249,1019.2,MM,13.9,MM,MM,MM,MM
2025,12,1,21,40,80,6.0,8.0,1.7,MM,6.5,249,1019.4,MM,13.9,MM,MM,MM,MM
2025,12,1,21,30,80,7.0,8.0,MM,MM,MM,MM,1019.5,MM,13.9,MM,MM,MM,MM
2025,12,1,21,20,70,6.0,8.0,1.6,21,6.0,252,1019.4,MM,13.9,MM,MM,MM,MM
2025,12,1,21,10,70,7.0,9.0,1.6,MM,6.0,252,1019.6,MM,13.9,MM,MM,MM,MM
2025,12,1,21,0,70,7.0,8.0,MM,MM,MM,MM,1019.5,MM,13.9,MM,MM,-1.3,MM
2025,12,1,20,50,80,6.0,8.0,1.6,21,6.2,287,1019.7,MM,13.9,MM,MM,MM,MM
2025,12,1,20,40,80,7.0,8.0,MM,MM,MM,MM,1019.7,MM,13.9,MM,MM,MM,MM
2025,12,1,20,30,80,6.0,8.0,MM,MM,MM,MM,1020.0,MM,13.9,MM,MM,MM,MM
2025,12,1,20,20,70,6.0,7.0,1.5,11,5.6,272,1020.2,MM,13.9,MM,MM,MM,MM
2025,12,1,20,10,80,7.0,8.0,1.5,MM,5.6,272,1020.2,MM,13.9,MM,MM,MM,MM
2025,12,1,20,0,80,7.0,9.0,MM,MM,MM,MM,1020.3,MM,13.9,MM,MM,+0.0,MM
2025,12,1,19,50,80,7.0,9.0,1.6,11,5.8,265,1020.3,MM,13.9,MM,MM,MM,MM
2025,12,1,19,40,70,7.0,9.0,1.6,MM,5.8,265,1020.4,MM,13.9,MM,MM,MM,MM
2025,12,1,19,30,70,8.0,9.0,MM,MM,MM,MM,1020.2,MM,13.9,MM,MM,MM,MM
2025,12,1,19,20,70,8.0,9.0,1.6,11,5.7,270,1020.4,MM,13.9,MM,MM,MM,MM
2025,12,1,19,10,80,8.0,9.0,1.6,MM,5.7,270,1020.5,MM,13.9,MM,MM,MM,MM
2025,12,1,19,0,80,8.0,9.0,MM,MM,MM,MM,1020.5,MM,13.8,MM,MM,+0.7,MM
2025,12,1,18,50,80,8.0,9.0,1.6,11,5.7,282,1020.6,MM,13.8,MM,MM,MM,MM
2025,12,1,18,40,80,8.0,0.0,MM,MM,MM,MM,1020.6,MM,13.8,MM,MM,MM,MM
2025,12,1,18,30,80,8.0,0.0,MM,MM,MM,MM,1020.7,MM,13.9,MM,MM,MM,MM
2025,12,1,18,20,80,8.0,0.0,1.5,13,6.2,267,1020.7,MM,13.8,MM,MM,MM,MM
2025,12,1,18,10,70,8.0,0.0,1.5,MM,6.2,267,1020.7,MM,13.8,MM,MM,MM,MM
2025,12,1,18,0,70,8.0,9.0,MM,MM,MM,MM,1020.8,MM,13.8,MM,MM,+1.7,MM
2025,12,1,17,50,70,7.0,9.0,1.5,10,5.6,281,1020.6,MM,13.8,MM,MM,MM,MM
2025,12,1,17,40,80,7.0,9.0,MM,MM,MM,MM,1020.6,MM,13.8,MM,MM,MM,MM
2025,12,1,17,30,80,7.0,9.0,MM,MM,MM,MM,1020.4,MM,13.8,MM,MM,MM,MM
2025,12,1,17,20,80,7.0,9.0,1.5,11,5.7,275,1020.4,MM,13.8,MM,MM,MM,MM
2025,12,1,17,10,80,7.0,9.0,MM,MM,MM,MM,1020.2,MM,13.8,MM,MM,MM,MM
2025,12,1,17,0,70,7.0,9.0,MM,MM,MM,MM,1020.1,MM,13.8,MM,MM,+1.3,MM
2025,12,1,16,50,70,7.0,9.0,1.6,11,6.0,275,1019.9,MM,13.8,MM,MM,MM,MM
2025,12,1,16,40,70,8.0,0.0,MM,MM,MM,MM,1019.9,MM,13.8,MM,MM,MM,MM
2025,12,1,16,30,70,9.0,0.0,MM,MM,MM,MM,1019.8,MM,13.8,MM,MM,MM,MM
2025,12,1,16,20,70,8.0,0.0,1.7,10,6.2,286,1019.7,MM,13.8,MM,MM,MM,MM
2025,12,1,16,10,70,8.0,9.0,1.7,MM,6.2,286,1019.9,MM,13.8,MM,MM,MM,MM
2025,12,1,16,0,70,8.0,0.0,MM,MM,MM,MM,1019.8,MM,13.8,MM,MM,+1.1,MM
2025,12,1,15,50,60,8.0,0.0,1.5,8,5.7,304,1019.6,MM,13.8,MM,MM,MM,MM
2025,12,1,15,40,70,8.0,0.0,MM,MM,MM,MM,1019.6,MM,13.8,MM,MM,MM,MM
2025,12,1,15,30,70,8.0,9.0,MM,MM,MM,MM,1019.4,MM,13.8,MM,MM,MM,MM
2025,12,1,15,20,80,8.0,0.0,1.6,12,5.7,272,1019.3,MM,13.8,MM,MM,MM,MM
2025,12,1,15,10,80,8.0,9.0,1.6,MM,5.7,272,1019.2,MM,13.8,MM,MM,MM,MM
2025,12,1,15,0,70,8.0,0.0,MM,MM,MM,MM,1019.1,MM,13.8,MM,MM,+0.3,MM
2025,12,1,14,50,70,8.0,0.0,MM,MM,MM,MM,1019.2,MM,13.8,MM,MM,MM,MM
2025,12,1,14,40,80,8.0,0.0,MM,MM,MM,MM,1019.0,MM,13.8,MM,MM,MM,MM
2025,12,1,14,30,80,9.0,0.0,MM,MM,MM,MM,1018.9,MM,13.8,MM,MM,MM,MM
2025,12,1,14,20,80,8.0,0.0,1.6,12,5.6,270,1018.9,MM,13.8,MM,MM,MM,MM
2025,12,1,14,10,80,8.0,0.0,1.6,MM,5.6,270,1019.0,MM,13.8,MM,MM,MM,MM
2025,12,1,14,0,70,9.0,0.0,MM,MM,MM,MM,1018.8,MM,13.8,MM,MM,+0.0,MM
2025,12,1,13,50,70,8.0,0.0,1.7,12,5.6,267,1018.7,MM,13.8,MM,MM,MM,MM
2025,12,1,13,40,70,8.0,0.0,MM,MM,MM,MM,1018.7,MM,13.8,MM,MM,MM,MM
2025,12,1,13,30,60,9.0,1.0,MM,MM,MM,MM,1018.6,MM,13.8,MM,MM,MM,MM
2025,12,1,13,20,60,9.0,1.0,1.6,12,5.7,282,1018.5,MM,13.8,MM,MM,MM,MM
2025,12,1,13,10,60,9.0,0.0,1.6,MM,5.7,282,1018.6,MM,13.8,MM,MM,MM,MM
2025,12,1,13,0,60,8.0,0.0,MM,MM,MM,MM,1018.7,MM,13.8,MM,MM,+0.0,MM
2025,12,1,12,50,60,8.0,0.0,1.7,12,6.3,285,1018.8,MM,13.8,MM,MM,MM,MM
2025,12,1,12,40,60,8.0,0.0,MM,MM,MM,MM,1018.7,MM,13.8,MM,MM,MM,MM
2025,12,1,12,30,60,8.0,0.0,MM,MM,MM,MM,1018.7,MM,13.8,MM,MM,MM,MM
2025,12,1,12,20,70,7.0,8.0,1.6,12,6.6,285,1018.7,MM,13.8,MM,MM,MM,MM
2025,12,1,12,10,70,7.0,9.0,MM,MM,MM,MM,1018.7,MM,13.8,MM,MM,MM,MM
2025,12,1,12,0,70,6.0,7.0,MM,MM,MM,MM,1018.8,MM,13.9,MM,MM,+0.3,MM
2025,12,1,11,50,70,6.0,7.0,1.7,11,6.2,282,1018.9,MM,13.9,MM,MM,MM,MM
2025,12,1,11,40,70,6.0,8.0,1.7,MM,6.2,282,1018.8,MM,13.9,MM,MM,MM,MM
2025,12,1,11,30,80,7.0,9.0,MM,MM,MM,MM,1018.9,MM,13.9,MM,MM,MM,MM
2025,12,1,11,20,80,7.0,8.0,1.6,13,6.5,269,1018.9,MM,13.9,MM,MM,MM,MM
2025,12,1,11,10,80,6.0,7.0,MM,MM,MM,MM,1018.8,MM,13.9,MM,MM,MM,MM
2025,12,1,11,0,90,6.0,7.0,MM,MM,MM,MM,1018.9,MM,13.9,MM,MM,+0.6,MM
2025,12,1,10,50,90,6.0,7.0,1.7,11,6.8,281,1018.9,MM,13.9,MM,MM,MM,MM
2025,12,1,10,40,90,6.0,7.0,1.7,MM,6.8,281,1018.9,MM,13.9,MM,MM,MM,MM
2025,12,1,10,30,90,6.0,7.0,MM,MM,MM,MM,1018.9,MM,13.9,MM,MM,MM,MM
2025,12,1,10,20,90,5.0,6.0,1.7,13,6.9,271,1018.8,MM,13.9,MM,MM,MM,MM
2025,12,1,10,10,90,5.0,6.0,1.7,MM,6.9,271,1018.7,MM,13.9,MM,MM,MM,MM
2025,12,1,10,0,80,5.0,6.0,MM,MM,MM,MM,1018.6,MM,13.9,MM,MM,+0.4,MM
2025,12,1,9,50,80,4.0,6.0,1.7,12,7.1,275,1018.6,MM,13.9,MM,MM,MM,MM
2025,12,1,9,40,80,4.0,6.0,MM,MM,MM,MM,1018.5,MM,13.9,MM,MM,MM,MM
2025,12,1,9,30,80,5.0,6.0,MM,MM,MM,MM,1018.4,MM,13.9,MM,MM,MM,MM
2025,12,1,9,20,80,5.0,7.0,1.7,13,7.1,273,1018.5,MM,13.9,MM,MM,MM,MM
2025,12,1,9,10,80,5.0,6.0,1.7,MM,7.1,273,1018.5,MM,13.9,MM,MM,MM,MM
2025,12,1,9,0,90,5.0,6.0,MM,MM,MM,MM,1018.5,MM,MM,MM,MM,+0.6,MM
2025,12,1,8,50,90,3.0,5.0,1.7,11,7.2,278,1018.4,MM,13.9,MM,MM,MM,MM
2025,12,1,8,40,70,3.0,4.0,MM,MM,MM,MM,1018.3,MM,13.9,MM,MM,MM,MM
2025,12,1,8,30,60,3.0,4.0,MM,MM,MM,MM,1018.3,MM,13.9,MM,MM,MM,MM
2025,12,1,8,20,60,2.0,4.0,1.8,12,7.4,281,1018.3,MM,13.9,MM,MM,MM,MM
2025,12,1,8,10,60,2.0,3.0,1.8,MM,7.4,281,1018.3,MM,13.9,MM,MM,MM,MM
2025,12,1,8,0,40,2.0,3.0,MM,MM,MM,MM,1018.3,MM,13.9,MM,MM,+0.4,MM
2025,12,1,7,50,20,3.0,4.0,1.8,13,7.0,260,1018.2,MM,13.9,MM,MM,MM,MM
2025,12,1,7,40,360,3.0,5.0,1.8,MM,7.0,260,1018.2,MM,13.9,MM,MM,MM,MM
2025,12,1,7,30,360,4.0,5.0,MM,MM,MM,MM,1018.1,MM,13.9,MM,MM,MM,MM
2025,12,1,7,20,360,4.0,6.0,1.7,12,7.0,271,1018.2,MM,13.9,MM,MM,MM,MM
2025,12,1,7,10,350,4.0,6.0,1.7,MM,7.0,271,1018.1,MM,13.9,MM,MM,MM,MM
2025,12,1,7,0,350,4.0,6.0,MM,MM,MM,MM,1018.2,MM,13.9,MM,MM,+0.5,MM
2025,12,1,6,50,350,4.0,6.0,1.7,12,7.2,273,1018.2,MM,13.9,MM,MM,MM,MM
2025,12,1,6,40,330,4.0,5.0,MM,MM,MM,MM,1018.2,MM,13.9,MM,MM,MM,MM
2025,12,1,6,30,330,4.0,5.0,MM,MM,MM,MM,1018.1,MM,13.8,MM,MM,MM,MM
2025,12,1,6,20,330,4.0,5.0,1.8,13,7.1,267,1018.0,MM,13.8,MM,MM,MM,MM
2025,12,1,6,10,320,4.0,5.0,1.8,MM,7.1,267,1018.0,MM,13.8,MM,MM,MM,MM
2025,12,1,6,0,330,4.0,5.0,MM,MM,MM,MM,1017.9,MM,13.9,MM,MM,+0.5,MM
2025,12,1,5,50,340,4.0,5.0,1.8,12,7.1,270,1018.0,MM,13.8,MM,MM,MM,MM
2025,12,1,5,40,350,4.0,5.0,MM,MM,MM,MM,1018.0,MM,13.9,MM,MM,MM,MM
2025,12,1,5,30,350,3.0,4.0,MM,MM,MM,MM,1018.0,MM,13.9,MM,MM,MM,MM
2025,12,1,5,20,360,3.0,4.0,1.7,11,6.8,271,1017.9,MM,13.9,MM,MM,MM,MM
2025,12,1,5,10,10,3.0,4.0,MM,MM,MM,MM,1017.8,MM,13.9,MM,MM,MM,MM
2025,12,1,5,0,360,3.0,6.0,MM,MM,MM,MM,1017.9,MM,13.9,MM,MM,+0.6,MM
2025,12,1,4,50,360,4.0,5.0,1.7,13,6.7,257,1017.9,MM,13.9,MM,MM,MM,MM
2025,12,1,4,40,350,4.0,5.0,MM,MM,MM,MM,1018.0,MM,13.9,MM,MM,MM,MM
2025,12,1,4,30,340,5.0,7.0,MM,MM,MM,MM,1018.0,MM,13.9,MM,MM,MM,MM
2025,12,1,4,20,330,5.0,7.0,MM,MM,MM,MM,1017.9,MM,13.9,MM,MM,MM,MM
2025,12,1,4,10,350,5.0,7.0,MM,MM,MM,MM,1017.8,MM,13.9,MM,MM,MM,MM
2025,12,1,4,0,350,6.0,7.0,MM,MM,MM,MM,1017.7,MM,13.9,MM,MM,+0.4,MM
2025,12,1,3,50,360,4.0,6.0,1.7,13,7.2,270,1017.7,MM,13.9,MM,MM,MM,MM
2025,12,1,3,40,10,4.0,5.0,MM,MM,MM,MM,1017.6,MM,13.9,MM,MM,MM,MM
2025,12,1,3,30,350,4.0,5.0,MM,MM,MM,MM,1017.6,MM,13.9,MM,MM,MM,MM
2025,12,1,3,20,360,4.0,6.0,1.7,13,7.4,271,1017.6,MM,13.9,MM,MM,MM,MM
2025,12,1,3,10,350,4.0,6.0,1.7,MM,7.4,271,1017.6,MM,13.9,MM,MM,MM,MM
2025,12,1,3,0,350,5.0,6.0,MM,MM,MM,MM,1017.4,MM,13.9,MM,MM,+0.3,MM
2025,12,1,2,50,350,5.0,6.0,1.5,12,7.2,274,1017.4,MM,13.9,MM,MM,MM,MM
2025,12,1,2,40,350,6.0,7.0,MM,MM,MM,MM,1017.5,MM,13.9,MM,MM,MM,MM
2025,12,1,2,30,340,6.0,8.0,MM,MM,MM,MM,1017.3,MM,13.9,MM,MM,MM,MM
2025,12,1,2,20,340,5.0,7.0,1.5,12,7.4,275,1017.3,MM,13.9,MM,MM,MM,MM
2025,12,1,2,10,330,5.0,7.0,1.5,MM,7.4,275,1017.3,MM,13.9,MM,MM,MM,MM
2025,12,1,2,0,330,5.0,6.0,MM,MM,MM,MM,1017.3,MM,13.9,MM,MM,+0.0,MM
2025,12,1,1,50,330,5.0,7.0,1.5,12,7.4,259,1017.3,MM,13.9,MM,MM,MM,MM
2025,12,1,1,40,340,4.0,5.0,MM,MM,MM,MM,1017.4,MM,13.9,MM,MM,MM,MM
2025,12,1,1,30,340,4.0,5.0,MM,MM,MM,MM,1017.3,MM,13.9,MM,MM,MM,MM
2025,12,1,1,20,340,4.0,5.0,1.6,13,7.8,261,1017.3,MM,13.9,MM,MM,MM,MM
2025,12,1,1,10,340,5.0,6.0,1.6,MM,7.8,261,1017.4,MM,13.9,MM,MM,MM,MM
2025,12,1,1,0,340,5.0,6.0,MM,MM,MM,MM,1017.3,MM,13.9,MM,MM,-0.4,MM
2025,12,1,0,50,340,5.0,6.0,1.6,13,7.8,259,1017.4,MM,13.9,MM,MM,MM,MM
2025,12,1,0,40,320,6.0,8.0,MM,MM,MM,MM,1017.2,MM,13.9,MM,MM,MM,MM
2025,12,1,0,30,320,7.0,8.0,MM,MM,MM,MM,1017.3,MM,13.9,MM,MM,MM,MM
2025,12,1,0,20,320,6.0,8.0,1.4,13,7.2,272,1017.1,MM,13.9,MM,MM,MM,MM
2025,12,1,0,10,320,6.0,7.0,MM,MM,MM,MM,1017.1,MM,13.9,MM,MM,MM,MM
2025,12,1,0,0,320,5.0,6.0,MM,MM,MM,MM,1017.1,MM,13.9,MM,MM,-0.9,MM
2025,11,30,23,50,320,5.0,6.0,1.4,13,7.4,274,1017.1,MM,13.9,MM,MM,MM,MM
2025,11,30,23,40,330,5.0,6.0,MM,MM,MM,MM,1017.2,MM,13.9,MM,MM,MM,MM
2025,11,30,23,0,330,4.0,5.0,1.6,MM,7.6,277,1017.2,MM,14.0,MM,MM,-1.6,MM
2025,11,30,22,50,330,5.0,6.0,1.5,13,7.4,274,1017.4,MM,14.0,MM,MM,MM,MM
2025,11,30,22,40,330,5.0,6.0,MM,MM,MM,MM,1017.5,MM,14.0,MM,MM,MM,MM
2025,11,30,22,30,340,4.0,6.0,MM,MM,MM,MM,1017.5,MM,14.0,MM,MM,MM,MM
2025,11,30,22,20,340,4.0,6.0,1.7,12,8.1,276,1017.5,MM,14.0,MM,MM,MM,MM
2025,11,30,22,10,340,3.0,6.0,1.7,MM,8.1,276,1017.5,MM,14.0,MM,MM,MM,MM
2025,11,30,22,0,10,1.0,2.0,MM,MM,MM,MM,1017.7,MM,14.0,MM,MM,-1.7,MM
2025,11,30,21,50,40,1.0,2.0,1.7,13,8.1,276,1017.9,MM,14.0,MM,MM,MM,MM
2025,11,30,21,40,40,1.0,2.0,1.7,MM,8.1,276,1018.0,MM,14.0,MM,MM,MM,MM
2025,11,30,21,30,90,1.0,2.0,MM,MM,MM,MM,1018.1,MM,14.0,MM,MM,MM,MM
2025,11,30,21,20,80,1.0,3.0,1.7,14,8.0,265,1018.0,MM,14.0,MM,MM,MM,MM
2025,11,30,21,10,90,1.0,3.0,MM,MM,MM,MM,1018.0,MM,14.0,MM,MM,MM,MM
2025,11,30,21,0,90,2.0,3.0,MM,MM,MM,MM,1018.0,MM,14.0,MM,MM,-1.1,MM
2025,11,30,20,50,100,2.0,3.0,1.6,13,7.7,270,1018.1,MM,14.0,MM,MM,MM,MM
2025,11,30,20,40,110,2.0,3.0,1.6,MM,7.7,270,1018.3,MM,14.0,MM,MM,MM,MM
2025,11,30,20,30,90,3.0,4.0,MM,MM,MM,MM,1018.4,MM,14.0,MM,MM,MM,MM
2025,11,30,20,20,90,3.0,4.0,1.5,14,7.7,262,1018.6,MM,13.9,MM,MM,MM,MM
2025,11,30,20,10,90,3.0,4.0,MM,MM,MM,MM,1018.7,MM,13.9,MM,MM,MM,MM
2025,11,30,20,0,90,2.0,4.0,MM,MM,MM,MM,1018.8,MM,13.9,MM,MM,+0.0,MM
2025,11,30,19,50,40,3.0,4.0,1.8,13,8.0,261,1018.9,MM,13.9,MM,MM,MM,MM
2025,11,30,19,40,360,2.0,4.0,MM,MM,MM,MM,1019.1,MM,13.9,MM,MM,MM,MM
2025,11,30,19,30,40,2.0,3.0,MM,MM,MM,MM,1019.3,MM,13.9,MM,MM,MM,MM
2025,11,30,19,20,70,3.0,5.0,1.8,13,8.0,270,1019.2,MM,13.9,MM,MM,MM,MM
2025,11,30,19,10,10,5.0,7.0,1.8,MM,8.0,270,1019.3,MM,13.9,MM,MM,MM,MM
2025,11,30,19,0,350,6.0,8.0,MM,MM,MM,MM,1019.4,MM,MM,MM,MM,+1.0,MM
2025,11,30,18,50,330,5.0,7.0,1.7,13,8.5,268,1019.3,MM,13.8,MM,MM,MM,MM
2025,11,30,18,40,330,4.0,6.0,MM,MM,MM,MM,1019.2,MM,13.8,MM,MM,MM,MM
2025,11,30,18,30,320,4.0,5.0,MM,MM,MM,MM,1019.0,MM,13.8,MM,MM,MM,MM
2025,11,30,18,20,320,3.0,4.0,1.6,14,8.4,261,1019.1,MM,13.8,MM,MM,MM,MM
2025,11,30,18,10,330,3.0,5.0,1.6,MM,8.4,261,1019.1,MM,13.8,MM,MM,MM,MM
2025,11,30,18,0,320,3.0,4.0,MM,MM,MM,MM,1019.1,MM,13.8,MM,MM,+1.0,MM
2025,11,30,17,50,330,3.0,4.0,1.6,14,8.6,270,1019.1,MM,13.8,MM,MM,MM,MM
2025,11,30,17,40,350,3.0,4.0,MM,MM,MM,MM,1019.0,MM,13.8,MM,MM,MM,MM
2025,11,30,17,30,330,2.0,4.0,MM,MM,MM,MM,1019.0,MM,13.8,MM,MM,MM,MM
2025,11,30,17,20,40,1.0,2.0,1.7,14,8.6,274,1018.9,MM,13.8,MM,MM,MM,MM
2025,11,30,17,10,350,2.0,4.0,MM,MM,MM,MM,1018.8,MM,13.8,MM,MM,MM,MM
2025,11,30,17,0,40,1.0,3.0,MM,MM,MM,MM,1018.8,MM,13.8,MM,MM,+0.9,MM
2025,11,30,16,50,60,2.0,4.0,1.7,14,8.7,278,1018.8,MM,13.8,MM,MM,MM,MM
2025,11,30,16,40,60,2.0,3.0,1.7,MM,8.7,278,1018.8,MM,13.8,MM,MM,MM,MM
2025,11,30,16,30,140,1.0,3.0,MM,MM,MM,MM,1018.6,MM,13.8,MM,MM,MM,MM
2025,11,30,16,20,60,1.0,3.0,1.6,12,8.2,273,1018.6,MM,13.8,MM,MM,MM,MM
2025,11,30,16,10,360,2.0,4.0,1.6,MM,8.2,273,1018.6,MM,13.7,MM,MM,MM,MM
2025,11,30,16,0,60,2.0,3.0,MM,MM,MM,MM,1018.4,MM,13.8,MM,MM,+0.4,MM
2025,11,30,15,50,60,2.0,3.0,1.8,13,9.0,270,1018.3,MM,13.8,MM,MM,MM,MM
2025,11,30,15,40,50,2.0,3.0,MM,MM,MM,MM,1018.2,MM,13.8,MM,MM,MM,MM
2025,11,30,15,30,60,2.0,3.0,MM,MM,MM,MM,1018.2,MM,13.8,MM,MM,MM,MM
2025,11,30,15,20,40,1.0,3.0,1.6,14,8.5,268,1018.1,MM,13.8,MM,MM,MM,MM
2025,11,30,15,10,40,1.0,2.0,1.6,MM,8.5,268,1018.1,MM,13.8,MM,MM,MM,MM
2025,11,30,15,0,60,2.0,2.0,MM,MM,MM,MM,1018.1,MM,13.9,MM,MM,+0.0,MM
2025,11,30,14,50,60,2.0,4.0,1.9,14,9.7,269,1018.1,MM,13.9,MM,MM,MM,MM
2025,11,30,14,40,60,2.0,4.0,MM,MM,MM,MM,1018.1,MM,13.9,MM,MM,MM,MM
2025,11,30,14,30,40,2.0,3.0,MM,MM,MM,MM,1018.0,MM,13.9,MM,MM,MM,MM
2025,11,30,14,20,50,2.0,4.0,1.8,14,9.0,276,1017.9,MM,13.9,MM,MM,MM,MM
2025,11,30,14,10,50,2.0,4.0,MM,MM,MM,MM,1017.9,MM,13.9,MM,MM,MM,MM
2025,11,30,14,0,50,2.0,3.0,MM,MM,MM,MM,1017.9,MM,13.9,MM,MM,-0.6,MM
2025,11,30,13,50,90,1.0,3.0,1.8,15,9.3,271,1017.9,MM,13.8,MM,MM,MM,MM
2025,11,30,13,40,80,1.0,2.0,1.8,MM,9.3,271,1017.9,MM,13.8,MM,MM,MM,MM
2025,11,30,13,30,70,1.0,3.0,MM,MM,MM,MM,1017.7,MM,13.8,MM,MM,MM,MM
2025,11,30,13,20,90,1.0,4.0,1.6,15,8.5,278,1017.8,MM,13.8,MM,MM,MM,MM
2025,11,30,13,10,80,2.0,4.0,MM,MM,MM,MM,1018.0,MM,13.8,MM,MM,MM,MM
2025,11,30,13,0,70,2.0,3.0,MM,MM,MM,MM,1018.0,MM,13.8,MM,MM,-0.7,MM
2025,11,30,12,50,80,2.0,3.0,2.0,15,9.5,277,1018.1,MM,13.8,MM,MM,MM,MM
2025,11,30,12,40,70,2.0,4.0,2.0,MM,9.5,277,1018.1,MM,13.8,MM,MM,MM,MM
2025,11,30,12,30,70,2.0,3.0,MM,MM,MM,MM,1018.1,MM,13.8,MM,MM,MM,MM
2025,11,30,12,20,90,2.0,3.0,1.7,14,8.3,277,1018.0,MM,13.8,MM,MM,MM,MM
2025,11,30,12,10,90,1.0,3.0,1.7,MM,8.3,277,1017.9,MM,13.8,MM,MM,MM,MM
2025,11,30,12,0,60,1.0,2.0,MM,MM,MM,MM,1018.0,MM,13.8,MM,MM,-0.7,MM
2025,11,30,11,50,100,2.0,3.0,1.8,14,8.7,275,1017.7,MM,13.8,MM,MM,MM,MM
2025,11,30,11,40,120,1.0,3.0,MM,MM,MM,MM,1017.8,MM,13.8,MM,MM,MM,MM
2025,11,30,11,30,MM,0.0,1.0,MM,MM,MM,MM,1018.0,MM,13.8,MM,MM,MM,MM
2025,11,30,11,20,350,2.0,3.0,2.0,14,9.7,273,1018.1,MM,13.8,MM,MM,MM,MM
2025,11,30,11,10,330,2.0,4.0,2.0,MM,9.7,273,1018.3,MM,13.8,MM,MM,MM,MM
2025,11,30,11,0,340,3.0,4.0,MM,MM,MM,MM,1018.5,MM,13.8,MM,MM,+0.0,MM
2025,11,30,10,50,350,3.0,5.0,1.8,14,8.9,272,1018.7,MM,13.8,MM,MM,MM,MM
2025,11,30,10,40,340,4.0,6.0,MM,MM,MM,MM,1018.7,MM,13.8,MM,MM,MM,MM
2025,11,30,10,30,340,4.0,6.0,MM,MM,MM,MM,1018.7,MM,13.8,MM,MM,MM,MM
2025,11,30,10,20,350,5.0,7.0,MM,MM,MM,MM,1018.7,MM,13.8,MM,MM,MM,MM
2025,11,30,10,10,350,5.0,7.0,MM,MM,MM,MM,1018.7,MM,13.8,MM,MM,MM,MM
2025,11,30,10,0,350,5.0,7.0,MM,MM,MM,MM,1018.7,MM,13.8,MM,MM,+0.0,MM
2025,11,30,9,50,350,5.0,6.0,1.6,14,9.4,265,1018.6,MM,13.9,MM,MM,MM,MM
2025,11,30,9,40,340,5.0,6.0,MM,MM,MM,MM,1018.5,MM,13.9,MM,MM,MM,MM
2025,11,30,9,30,340,5.0,6.0,MM,MM,MM,MM,1018.5,MM,13.9,MM,MM,MM,MM
2025,11,30,9,20,340,5.0,6.0,1.8,14,9.8,260,1018.4,MM,13.9,MM,MM,MM,MM
2025,11,30,9,10,340,5.0,7.0,1.8,MM,9.8,260,1018.5,MM,13.9,MM,MM,MM,MM
2025,11,30,9,0,340,5.0,6.0,MM,MM,MM,MM,1018.7,MM,13.9,MM,MM,+0.0,MM
2025,11,30,8,50,350,4.0,6.0,2.0,14,0.4,275,1018.6,MM,13.9,MM,MM,MM,MM
2025,11,30,8,40,340,5.0,6.0,2.0,MM,0.4,275,MM,MM,13.9,MM,MM,MM,MM
2025,11,30,8,30,340,4.0,6.0,MM,MM,MM,MM,1018.8,MM,13.9,MM,MM,MM,MM
2025,11,30,8,20,340,4.0,5.0,1.7,14,9.7,272,1018.8,MM,13.9,MM,MM,MM,MM
2025,11,30,8,10,330,4.0,6.0,1.7,MM,9.7,272,1018.7,MM,13.9,MM,MM,MM,MM
2025,11,30,8,0,330,4.0,5.0,MM,MM,MM,MM,1018.7,MM,13.9,MM,MM,+0.4,MM
2025,11,30,7,50,340,4.0,5.0,1.5,14,9.6,264,1018.6,MM,13.9,MM,MM,MM,MM
2025,11,30,7,40,340,4.0,5.0,1.5,MM,9.6,264,1018.7,MM,13.9,MM,MM,MM,MM
2025,11,30,7,30,340,4.0,5.0,MM,MM,MM,MM,1018.7,MM,13.9,MM,MM,MM,MM
2025,11,30,7,20,350,4.0,5.0,1.6,15,9.6,273,1018.7,MM,13.9,MM,MM,MM,MM
2025,11,30,7,10,350,4.0,6.0,1.6,MM,9.6,273,1018.7,MM,13.9,MM,MM,MM,MM
2025,11,30,7,0,340,4.0,5.0,MM,MM,MM,MM,1018.6,MM,13.9,MM,MM,-0.0,MM
2025,11,30,6,50,340,4.0,5.0,1.8,15,0.8,279,1018.5,MM,13.9,MM,MM,MM,MM
2025,11,30,6,40,330,3.0,5.0,MM,MM,MM,MM,1018.5,MM,13.9,MM,MM,MM,MM
2025,11,30,6,30,330,4.0,5.0,MM,MM,MM,MM,1018.8,MM,14.0,MM,MM,MM,MM
2025,11,30,6,20,320,3.0,5.0,1.6,15,0.2,274,1018.8,MM,14.0,MM,MM,MM,MM
2025,11,30,6,10,320,3.0,5.0,1.6,MM,0.2,274,1018.8,MM,14.0,MM,MM,MM,MM
2025,11,30,6,0,330,3.0,4.0,MM,MM,MM,MM,1018.7,MM,14.0,MM,MM,+0.8,MM
2025,11,30,5,50,320,2.0,4.0,1.7,15,9.9,271,1018.5,MM,14.0,MM,MM,MM,MM
2025,11,30,5,40,40,1.0,2.0,MM,MM,MM,MM,1018.2,MM,14.0,MM,MM,MM,MM
2025,11,30,5,30,360,1.0,3.0,MM,MM,MM,MM,1018.3,MM,14.0,MM,MM,MM,MM
2025,11,30,5,20,160,1.0,2.0,1.5,15,8.5,272,1018.1,MM,14.0,MM,MM,MM,MM
2025,11,30,5,10,300,2.0,3.0,1.5,MM,8.5,272,1018.2,MM,14.0,MM,MM,MM,MM
2025,11,30,5,0,340,2.0,3.0,MM,MM,MM,MM,1018.3,MM,14.0,MM,MM,+0.8,MM
2025,11,30,4,50,30,2.0,3.0,1.7,15,8.3,277,1018.2,MM,14.0,MM,MM,MM,MM
2025,11,30,4,40,30,2.0,3.0,MM,MM,MM,MM,1018.4,MM,14.0,MM,MM,MM,MM
2025,11,30,4,30,60,2.0,3.0,MM,MM,MM,MM,1018.4,MM,14.0,MM,MM,MM,MM
2025,11,30,4,20,60,2.0,3.0,1.4,15,7.4,279,1018.5,MM,14.0,MM,MM,MM,MM
2025,11,30,4,10,50,2.0,3.0,1.4,MM,7.4,279,1018.8,MM,14.0,MM,MM,MM,MM
2025,11,30,4,0,60,2.0,3.0,MM,MM,MM,MM,1018.8,MM,14.0,MM,MM,+1.6,MM
2025,11,30,3,50,80,2.0,3.0,1.4,16,7.3,265,1018.4,MM,14.0,MM,MM,MM,MM
2025,11,30,3,40,80,2.0,3.0,MM,MM,MM,MM,1018.3,MM,14.0,MM,MM,MM,MM
2025,11,30,3,30,30,4.0,7.0,MM,MM,MM,MM,1018.2,MM,14.0,MM,MM,MM,MM
2025,11,30,3,20,320,5.0,6.0,1.5,16,7.7,272,1018.1,MM,14.0,MM,MM,MM,MM
2025,11,30,3,10,320,5.0,6.0,1.5,MM,7.7,272,1018.1,MM,14.0,MM,MM,MM,MM
2025,11,30,3,0,330,5.0,6.0,MM,MM,MM,MM,1017.9,MM,14.0,MM,MM,+0.9,MM
2025,11,30,2,50,340,5.0,7.0,1.4,16,6.8,272,1017.8,MM,14.0,MM,MM,MM,MM
2025,11,30,2,40,340,5.0,6.0,1.4,MM,6.8,272,1017.6,MM,14.0,MM,MM,MM,MM
2025,11,30,2,30,340,6.0,7.0,MM,MM,MM,MM,1017.5,MM,14.0,MM,MM,MM,MM
2025,11,30,2,20,340,7.0,8.0,1.4,16,6.9,273,1017.5,MM,14.0,MM,MM,MM,MM
2025,11,30,2,10,340,7.0,8.0,1.4,MM,6.9,273,1017.6,MM,14.0,MM,MM,MM,MM
2025,11,30,2,0,340,7.0,9.0,MM,MM,MM,MM,1017.5,MM,14.0,MM,MM,+0.5,MM
2025,11,30,1,50,340,7.0,8.0,1.3,16,7.7,273,1017.4,MM,14.1,MM,MM,MM,MM
2025,11,30,1,40,340,6.0,8.0,MM,MM,MM,MM,1017.3,MM,14.1,MM,MM,MM,MM
2025,11,30,1,30,350,3.0,7.0,MM,MM,MM,MM,1017.5,MM,14.1,MM,MM,MM,MM
2025,11,30,1,20,40,1.0,2.0,1.2,16,8.8,280,1017.5,MM,14.1,MM,MM,MM,MM
2025,11,30,1,10,MM,0.0,1.0,1.2,MM,8.8,280,1017.2,MM,14.1,MM,MM,MM,MM
2025,11,30,1,0,120,1.0,2.0,MM,MM,MM,MM,1017.2,MM,14.1,MM,MM,-0.4,MM
2025,11,30,0,50,100,1.0,2.0,1.2,16,8.3,275,1017.1,MM,14.1,MM,MM,MM,MM
2025,11,30,0,40,MM,0.0,1.0,MM,MM,MM,MM,1017.1,MM,14.1,MM,MM,MM,MM
2025,11,30,0,30,220,1.0,1.0,MM,MM,MM,MM,1017.0,MM,14.1,MM,MM,MM,MM
2025,11,30,0,20,230,1.0,2.0,1.3,16,8.4,281,1016.9,MM,14.2,MM,MM,MM,MM
2025,11,30,0,10,220,2.0,2.0,1.3,MM,8.4,281,1016.9,MM,14.2,MM,MM,MM,MM
2025,11,30,0,0,230,1.0,2.0,MM,MM,MM,MM,1017.0,MM,14.2,MM,MM,-0.6,MM
2025,11,29,23,50,260,1.0,2.0,1.2,16,7.7,270,1017.2,MM,14.2,MM,MM,MM,MM
2025,11,29,23,40,270,1.0,2.0,1.2,MM,7.7,270,1017.2,MM,14.2,MM,MM,MM,MM
2025,11,29,23,30,270,1.0,2.0,MM,MM,MM,MM,1017.1,MM,14.2,MM,MM,MM,MM
2025,11,29,23,20,260,1.0,2.0,1.2,16,7.6,256,1017.2,MM,14.2,MM,MM,MM,MM
2025,11,29,23,10,270,1.0,2.0,1.2,MM,7.6,256,1017.2,MM,14.2,MM,MM,MM,MM
2025,11,29,23,0,300,1.0,2.0,MM,MM,MM,MM,1017.0,MM,14.2,MM,MM,-1.3,MM
2025,11,29,22,50,320,2.0,3.0,1.1,14,6.8,244,1017.1,MM,14.2,MM,MM,MM,MM
2025,11,29,22,40,320,1.0,2.0,1.1,MM,6.8,244,1017.2,MM,14.2,MM,MM,MM,MM
2025,11,29,22,30,320,1.0,1.0,MM,MM,MM,MM,1017.2,MM,14.2,MM,MM,MM,MM
2025,11,29,22,20,350,1.0,2.0,1.2,16,7.0,281,1017.4,MM,14.2,MM,MM,MM,MM
2025,11,29,22,10,340,1.0,2.0,MM,MM,MM,MM,1017.5,MM,14.2,MM,MM,MM,MM
2025,11,29,22,0,20,1.0,2.0,MM,MM,MM,MM,1017.6,MM,14.2,MM,MM,-1.6,MM
2025,11,29,21,50,350,1.0,3.0,1.1,14,6.4,291,1017.5,MM,14.1,MM,MM,MM,MM
2025,11,29,21,40,30,2.0,3.0,MM,MM,MM,MM,1017.5,MM,14.1,MM,MM,MM,MM
2025,11,29,21,30,30,3.0,4.0,MM,MM,MM,MM,1017.4,MM,14.1,MM,MM,MM,MM
2025,11,29,21,20,50,3.0,4.0,1.2,15,6.1,250,1017.2,MM,14.1,MM,MM,MM,MM
2025,11,29,21,10,40,4.0,5.0,1.2,MM,6.1,250,1017.4,MM,14.1,MM,MM,MM,MM
2025,11,29,21,0,50,4.0,5.0,MM,MM,MM,MM,1017.6,MM,14.1,MM,MM,-1.9,MM
2025,11,29,20,50,60,4.0,5.0,1.2,15,6.0,282,1017.7,MM,14.1,MM,MM,MM,MM
2025,11,29,20,40,60,4.0,6.0,MM,MM,MM,MM,1017.9,MM,14.1,MM,MM,MM,MM
2025,11,29,20,30,50,4.0,6.0,MM,MM,MM,MM,1018.1,MM,14.1,MM,MM,MM,MM
2025,11,29,20,20,50,5.0,7.0,1.3,14,5.9,259,1018.3,MM,14.1,MM,MM,MM,MM
2025,11,29,20,10,60,5.0,6.0,1.3,MM,5.9,259,1018.4,MM,14.1,MM,MM,MM,MM
2025,11,29,20,0,70,6.0,7.0,MM,MM,MM,MM,1018.3,MM,14.1,MM,MM,-0.9,MM
2025,11,29,19,50,70,6.0,8.0,1.4,14,5.8,272,1018.5,MM,14.1,MM,MM,MM,MM
2025,11,29,19,40,70,6.0,7.0,1.4,MM,5.8,272,1018.8,MM,14.1,MM,MM,MM,MM
2025,11,29,19,30,60,7.0,8.0,MM,MM,MM,MM,1019.0,MM,14.1,MM,MM,MM,MM
2025,11,29,19,20,60,8.0,9.0,1.4,9,5.8,292,1019.0,MM,14.1,MM,MM,MM,MM
2025,11,29,19,10,60,7.0,8.0,MM,MM,MM,MM,1019.1,MM,14.0,MM,MM,MM,MM
2025,11,29,19,0,90,8.0,0.0,MM,MM,MM,MM,1019.2,MM,14.0,MM,MM,+0.4,MM
2025,11,29,18,50,90,7.0,9.0,1.4,14,5.8,274,1019.4,MM,14.0,MM,MM,MM,MM
2025,11,29,18,40,80,7.0,8.0,MM,MM,MM,MM,1019.6,MM,14.0,MM,MM,MM,MM
2025,11,29,18,30,80,7.0,8.0,MM,MM,MM,MM,1019.6,.5,14.0,MM,MM,MM,MM
2025,11,29,18,20,70,7.0,9.0,1.4,14,6.1,268,1019.6,.4,14.0,MM,MM,MM,MM
2025,11,29,18,10,80,8.0,9.0,MM,MM,MM,MM,1019.6,.3,14.0,MM,MM,MM,MM
2025,11,29,18,0,80,8.0,9.0,MM,MM,MM,MM,1019.5,.2,14.0,MM,MM,+1.2,MM
2025,11,29,17,50,80,7.0,9.0,1.5,14,6.3,273,1019.5,.0,14.0,MM,MM,MM,MM
2025,11,29,17,40,70,7.0,9.0,MM,MM,MM,MM,1019.4,.0,14.0,MM,MM,MM,MM
2025,11,29,17,30,70,7.0,9.0,MM,MM,MM,MM,1019.3,.0,14.0,MM,MM,MM,MM
2025,11,29,17,20,70,7.0,8.0,1.5,14,6.3,282,1019.3,.0,14.0,MM,MM,MM,MM
2025,11,29,17,10,70,6.0,8.0,1.5,MM,6.3,282,1019.3,.0,13.9,MM,MM,MM,MM
2025,11,29,17,0,70,7.0,8.0,MM,MM,MM,MM,1019.2,.1,13.9,MM,MM,+1.5,MM
2025,11,29,16,50,70,7.0,9.0,1.5,14,6.4,272,1019.1,.3,13.9,MM,MM,MM,MM
2025,11,29,16,40,60,6.0,8.0,1.5,MM,6.4,272,1018.9,.7,13.9,MM,MM,MM,MM
2025,11,29,16,30,40,4.0,6.0,MM,MM,MM,MM,1019.0,.7,13.9,MM,MM,MM,MM
2025,11,29,16,20,20,3.0,4.0,1.4,15,6.7,271,1019.1,.7,13.9,MM,MM,MM,MM
2025,11,29,16,10,40,3.0,4.0,1.4,MM,6.7,271,1019.0,.7,13.9,MM,MM,MM,MM
2025,11,29,16,0,80,4.0,6.0,MM,MM,MM,MM,1018.8,.4,13.9,MM,MM,+1.3,MM
2025,11,29,15,50,90,5.0,7.0,1.5,14,7.2,277,1018.8,.2,13.9,MM,MM,MM,MM
2025,11,29,15,40,100,4.0,6.0,MM,MM,MM,MM,1018.8,.1,13.9,MM,MM,MM,MM
2025,11,29,15,30,110,4.0,6.0,MM,MM,MM,MM,1018.6,.8,13.9,MM,MM,MM,MM
2025,11,29,15,20,110,4.0,5.0,1.7,14,7.3,283,1018.4,.8,13.9,MM,MM,MM,MM
2025,11,29,15,10,100,4.0,5.0,1.7,MM,7.3,283,1018.4,.9,13.9,MM,MM,MM,MM
2025,11,29,15,0,100,5.0,6.0,MM,MM,MM,MM,1018.4,.9,13.9,MM,MM,+0.9,MM
2025,11,29,14,50,90,5.0,6.0,1.5,14,7.0,300,1018.3,.0,13.9,MM,MM,MM,MM
2025,11,29,14,40,80,5.0,6.0,MM,MM,MM,MM,1018.2,.4,13.9,MM,MM,MM,MM
2025,11,29,14,30,350,1.0,4.0,MM,MM,MM,MM,1018.0,.1,13.9,MM,MM,MM,MM
2025,11,29,14,20,10,1.0,2.0,1.5,15,7.5,288,1018.0,.0,13.9,MM,MM,MM,MM
2025,11,29,14,10,330,2.0,2.0,1.5,MM,7.5,288,1017.9,.0,13.9,MM,MM,MM,MM
2025,11,29,14,0,320,2.0,3.0,MM,MM,MM,MM,1017.7,.9,13.9,MM,MM,-0.0,MM
2025,11,29,13,50,320,1.0,2.0,1.6,14,7.2,284,1017.5,.8,13.9,MM,MM,MM,MM
2025,11,29,13,40,330,1.0,2.0,MM,MM,MM,MM,1017.4,.9,13.9,MM,MM,MM,MM
2025,11,29,13,30,350,1.0,2.0,MM,MM,MM,MM,1017.3,.8,13.9,MM,MM,MM,MM
2025,11,29,13,20,340,1.0,2.0,1.6,14,7.3,285,1017.3,.8,13.9,MM,MM,MM,MM
2025,11,29,13,10,290,1.0,2.0,1.6,MM,7.3,285,1017.3,.8,13.9,MM,MM,MM,MM
2025,11,29,13,0,300,1.0,2.0,MM,MM,MM,MM,1017.5,.8,14.0,MM,MM,-0.8,MM
2025,11,29,12,50,310,1.0,3.0,1.8,10,7.6,304,1017.5,.8,14.0,MM,MM,MM,MM
2025,11,29,12,40,300,2.0,3.0,MM,MM,MM,MM,1017.6,.9,MM,MM,MM,MM,MM
2025,11,29,12,30,290,2.0,4.0,MM,MM,MM,MM,1017.7,.0,13.9,MM,MM,MM,MM
2025,11,29,12,20,340,2.0,2.0,1.7,14,7.3,287,1017.6,.0,MM,MM,MM,MM,MM
2025,11,29,12,10,50,2.0,3.0,1.7,MM,7.3,287,1017.5,.9,14.0,MM,MM,MM,MM
2025,11,29,12,0,80,3.0,5.0,MM,MM,MM,MM,1017.5,MM,14.0,MM,MM,-0.7,MM
2025,11,29,11,50,90,4.0,5.0,1.8,15,7.3,285,1017.5,MM,13.9,MM,MM,MM,MM
2025,11,29,11,40,100,4.0,6.0,1.8,MM,7.3,285,1017.5,MM,14.0,MM,MM,MM,MM
2025,11,29,11,30,90,5.0,6.0,MM,MM,MM,MM,1017.7,MM,14.0,MM,MM,MM,MM
2025,11,29,11,20,80,5.0,7.0,1.9,14,7.5,281,1017.9,MM,14.0,MM,MM,MM,MM
2025,11,29,11,10,80,6.0,7.0,1.9,MM,7.5,281,1017.8,MM,13.9,MM,MM,MM,MM
2025,11,29,11,0,90,5.0,7.0,MM,MM,MM,MM,1018.0,MM,13.9,MM,MM,-0.7,MM
2025,11,29,10,50,100,5.0,7.0,1.7,14,7.4,279,1018.0,MM,14.0,MM,MM,MM,MM
2025,11,29,10,40,100,4.0,5.0,MM,MM,MM,MM,1018.3,MM,14.0,MM,MM,MM,MM
2025,11,29,10,30,90,4.0,5.0,MM,MM,MM,MM,1018.6,MM,14.0,MM,MM,MM,MM
2025,11,29,10,20,80,4.0,6.0,1.6,15,7.7,292,1018.4,MM,14.0,MM,MM,MM,MM
2025,11,29,10,10,80,4.0,6.0,MM,MM,MM,MM,1018.3,.8,14.0,MM,MM,MM,MM
2025,11,29,10,0,90,3.0,5.0,MM,MM,MM,MM,1018.3,MM,14.0,MM,MM,-0.7,MM
2025,11,29,9,50,90,4.0,6.0,1.7,15,8.2,278,1018.3,MM,14.0,MM,MM,MM,MM
2025,11,29,9,40,80,5.0,6.0,MM,MM,MM,MM,1018.2,MM,14.0,MM,MM,MM,MM
2025,11,29,9,30,80,3.0,5.0,MM,MM,MM,MM,1018.4,MM,14.0,MM,MM,MM,MM
2025,11,29,9,20,80,4.0,5.0,1.6,13,7.9,292,1018.3,MM,14.0,MM,MM,MM,MM
2025,11,29,9,10,80,3.0,5.0,MM,MM,MM,MM,1018.4,MM,14.0,MM,MM,MM,MM
2025,11,29,9,0,80,4.0,5.0,MM,MM,MM,MM,1018.2,MM,14.0,MM,MM,-0.8,MM
2025,11,29,8,50,60,3.0,5.0,1.6,10,7.9,301,1018.2,MM,14.0,MM,MM,MM,MM
2025,11,29,8,40,60,2.0,4.0,MM,MM,MM,MM,1018.3,MM,14.0,MM,MM,MM,MM
2025,11,29,8,30,360,2.0,3.0,MM,MM,MM,MM,1018.4,MM,14.0,MM,MM,MM,MM
2025,11,29,8,20,330,2.0,3.0,1.7,15,8.0,291,1018.6,MM,14.0,MM,MM,MM,MM
2025,11,29,8,10,340,2.0,3.0,1.7,MM,8.0,291,1018.7,MM,14.0,MM,MM,MM,MM
2025,11,29,8,0,10,3.0,4.0,MM,MM,MM,MM,1018.7,MM,14.0,MM,MM,+0.0,MM
2025,11,29,7,50,360,3.0,5.0,1.7,15,8.2,288,1018.7,MM,14.0,MM,MM,MM,MM
2025,11,29,7,40,360,3.0,4.0,MM,MM,MM,MM,1018.8,MM,14.0,MM,MM,MM,MM
2025,11,29,7,30,360,3.0,4.0,MM,MM,MM,MM,1018.7,MM,14.1,MM,MM,MM,MM
2025,11,29,7,20,360,4.0,5.0,1.7,10,7.7,295,1018.7,MM,14.1,MM,MM,MM,MM
2025,11,29,7,10,360,4.0,5.0,1.7,MM,7.7,295,1018.8,MM,14.1,MM,MM,MM,MM
2025,11,29,7,0,340,3.0,5.0,MM,MM,MM,MM,1019.0,MM,14.1,MM,MM,+0.4,MM
2025,11,29,6,50,350,3.0,4.0,1.7,14,7.7,291,1019.1,MM,14.1,MM,MM,MM,MM
2025,11,29,6,40,360,4.0,5.0,MM,MM,MM,MM,1018.9,MM,14.1,MM,MM,MM,MM
2025,11,29,6,30,10,4.0,6.0,MM,MM,MM,MM,1018.7,MM,14.1,MM,MM,MM,MM
2025,11,29,6,20,360,4.0,6.0,1.7,14,7.8,276,1018.8,MM,14.1,MM,MM,MM,MM
2025,11,29,6,10,360,3.0,5.0,1.7,MM,7.8,276,1018.8,MM,14.1,MM,MM,MM,MM
2025,11,29,6,0,350,4.0,5.0,MM,MM,MM,MM,1019.0,MM,MM,MM,MM,+0.8,MM
2025,11,29,5,50,340,4.0,5.0,1.8,16,8.5,287,1019.1,MM,14.1,MM,MM,MM,MM
2025,11,29,5,40,340,4.0,5.0,1.8,MM,8.5,287,1019.1,MM,14.1,MM,MM,MM,MM
2025,11,29,5,30,360,3.0,5.0,MM,MM,MM,MM,1019.1,MM,14.1,MM,MM,MM,MM
2025,11,29,5,20,350,3.0,5.0,1.7,10,8.0,286,1019.0,MM,14.1,MM,MM,MM,MM
2025,11,29,5,10,350,4.0,6.0,MM,MM,MM,MM,1019.1,MM,14.1,MM,MM,MM,MM
2025,11,29,5,0,350,3.0,5.0,MM,MM,MM,MM,1018.9,MM,14.1,MM,MM,+0.6,MM
2025,11,29,4,50,340,3.0,5.0,1.8,14,8.3,279,1018.7,MM,14.1,MM,MM,MM,MM
2025,11,29,4,40,330,3.0,5.0,MM,MM,MM,MM,1018.7,MM,14.1,MM,MM,MM,MM
2025,11,29,4,30,340,4.0,5.0,MM,MM,MM,MM,1018.7,MM,14.1,MM,MM,MM,MM
2025,11,29,4,20,350,3.0,5.0,1.8,11,8.3,292,1018.5,MM,14.1,MM,MM,MM,MM
2025,11,29,4,10,10,2.0,5.0,1.8,MM,8.3,292,1018.5,MM,14.1,MM,MM,MM,MM
2025,11,29,4,0,350,3.0,5.0,MM,MM,MM,MM,1018.6,MM,14.1,MM,MM,+0.4,MM
2025,11,29,3,50,360,3.0,5.0,1.9,14,8.4,281,1018.5,MM,14.1,MM,MM,MM,MM
2025,11,29,3,40,10,4.0,6.0,1.9,MM,8.4,281,1018.5,MM,14.1,MM,MM,MM,MM
2025,11,29,3,30,340,3.0,4.0,MM,MM,MM,MM,1018.3,MM,14.1,MM,MM,MM,MM
2025,11,29,3,20,340,3.0,5.0,1.8,15,8.2,281,1018.3,MM,14.1,MM,MM,MM,MM
2025,11,29,3,10,330,3.0,5.0,1.8,MM,8.2,281,1018.3,MM,14.1,MM,MM,MM,MM
2025,11,29,3,0,340,3.0,4.0,MM,MM,MM,MM,1018.2,MM,14.1,MM,MM,+0.0,MM
2025,11,29,2,50,340,3.0,5.0,2.1,10,8.6,289,1018.2,MM,14.1,MM,MM,MM,MM
2025,11,29,2,40,360,4.0,5.0,MM,MM,MM,MM,1018.3,MM,14.1,MM,MM,MM,MM
2025,11,29,2,30,350,4.0,5.0,MM,MM,MM,MM,1018.3,MM,14.1,MM,MM,MM,MM
2025,11,29,2,20,340,4.0,5.0,2.1,14,8.5,282,1018.3,MM,14.1,MM,MM,MM,MM
2025,11,29,2,10,330,4.0,5.0,2.1,MM,8.5,282,1018.3,MM,14.1,MM,MM,MM,MM
2025,11,29,2,0,340,5.0,6.0,MM,MM,MM,MM,1018.3,MM,14.1,MM,MM,-0.0,MM
2025,11,29,1,50,330,5.0,6.0,1.8,11,7.7,294,1018.1,MM,14.1,MM,MM,MM,MM
2025,11,29,1,40,340,4.0,6.0,MM,MM,MM,MM,1018.1,MM,14.1,MM,MM,MM,MM
2025,11,29,1,30,330,5.0,6.0,MM,MM,MM,MM,1018.0,MM,14.1,MM,MM,MM,MM
2025,11,29,1,20,330,6.0,7.0,1.9,11,7.9,292,1018.2,MM,14.1,MM,MM,MM,MM
2025,11,29,1,10,320,6.0,7.0,1.9,MM,7.9,292,1018.2,MM,14.1,MM,MM,MM,MM
2025,11,29,1,0,330,6.0,7.0,MM,MM,MM,MM,1018.2,MM,14.1,MM,MM,-0.5,MM
2025,11,29,0,50,340,5.0,6.0,2.0,11,7.9,296,1018.0,MM,14.1,MM,MM,MM,MM
2025,11,29,0,40,340,5.0,7.0,MM,MM,MM,MM,1017.7,MM,14.1,MM,MM,MM,MM
2025,11,29,0,30,340,6.0,7.0,MM,MM,MM,MM,1017.8,MM,14.1,MM,MM,MM,MM
2025,11,29,0,20,340,7.0,8.0,2.1,15,7.8,284,1018.0,MM,14.1,MM,MM,MM,MM
2025,11,29,0,10,330,7.0,8.0,MM,MM,MM,MM,1017.9,MM,14.1,MM,MM,MM,MM
2025,11,29,0,0,330,6.0,8.0,MM,MM,MM,MM,1018.0,MM,14.1,MM,MM,-1.2,MM
2025,11,28,23,50,330,6.0,7.0,2.1,12,8.5,295,1018.0,MM,14.1,MM,MM,MM,MM
2025,11,28,23,40,330,6.0,8.0,MM,MM,MM,MM,1018.1,MM,14.1,MM,MM,MM,MM
2025,11,28,23,30,330,6.0,8.0,MM,MM,MM,MM,1018.3,MM,14.1,MM,MM,MM,MM
2025,11,28,23,20,320,6.0,8.0,2.2,11,8.4,300,1018.3,MM,14.1,MM,MM,MM,MM
2025,11,28,23,10,320,7.0,8.0,2.2,MM,8.4,300,1018.2,MM,14.1,MM,MM,MM,MM
2025,11,28,23,0,330,7.0,8.0,MM,MM,MM,MM,1018.4,MM,14.1,MM,MM,-1.3,MM
2025,11,28,22,50,340,6.0,8.0,2.2,11,8.8,295,1018.3,MM,14.1,MM,MM,MM,MM
2025,11,28,22,40,340,6.0,7.0,MM,MM,MM,MM,1018.4,MM,14.1,MM,MM,MM,MM
2025,11,28,22,30,340,6.0,8.0,MM,MM,MM,MM,1018.5,MM,14.1,MM,MM,MM,MM
2025,11,28,22,20,340,6.0,8.0,2.0,15,8.6,279,1018.4,MM,14.1,MM,MM,MM,MM
2025,11,28,22,10,330,6.0,7.0,2.0,MM,8.6,279,1018.5,MM,14.1,MM,MM,MM,MM
2025,11,28,22,0,330,5.0,7.0,MM,MM,MM,MM,1018.7,MM,14.1,MM,MM,-1.5,MM
2025,11,28,21,50,330,5.0,7.0,2.1,11,8.6,295,1018.8,MM,14.1,MM,MM,MM,MM
2025,11,28,21,40,330,6.0,8.0,MM,MM,MM,MM,1018.8,MM,14.1,MM,MM,MM,MM
2025,11,28,21,30,330,6.0,7.0,MM,MM,MM,MM,1018.9,MM,14.1,MM,MM,MM,MM
2025,11,28,21,20,330,5.0,7.0,2.0,11,8.7,305,1019.0,MM,14.1,MM,MM,MM,MM
2025,11,28,21,10,330,6.0,7.0,2.0,MM,8.7,305,1019.1,MM,14.1,MM,MM,MM,MM
2025,11,28,21,0,340,6.0,8.0,MM,MM,MM,MM,1019.2,MM,14.1,MM,MM,-1.5,MM
2025,11,28,20,50,340,6.0,7.0,2.0,15,9.0,291,1019.4,MM,14.1,MM,MM,MM,MM
2025,11,28,20,40,340,5.0,7.0,MM,MM,MM,MM,1019.6,MM,14.1,MM,MM,MM,MM
2025,11,28,20,30,330,4.0,6.0,MM,MM,MM,MM,1019.6,MM,14.2,MM,MM,MM,MM
2025,11,28,20,20,320,3.0,5.0,1.9,11,8.5,304,1019.8,MM,14.2,MM,MM,MM,MM
2025,11,28,20,10,320,3.0,5.0,MM,MM,MM,MM,1019.7,MM,14.2,MM,MM,MM,MM
2025,11,28,20,0,330,3.0,5.0,MM,MM,MM,MM,1019.7,MM,14.2,MM,MM,-0.6,MM
2025,11,28,19,50,350,3.0,5.0,2.0,12,8.7,297,1019.7,MM,14.2,MM,MM,MM,MM
2025,11,28,19,40,340,3.0,6.0,MM,MM,MM,MM,1019.8,MM,14.2,MM,MM,MM,MM
2025,11,28,19,30,340,3.0,5.0,MM,MM,MM,MM,1019.9,MM,14.1,MM,MM,MM,MM
2025,11,28,19,20,350,3.0,5.0,2.1,15,8.9,289,1020.0,MM,14.1,MM,MM,MM,MM
2025,11,28,19,10,340,4.0,5.0,2.1,MM,8.9,289,1020.1,MM,14.1,MM,MM,MM,MM
2025,11,28,19,0,340,3.0,4.0,MM,MM,MM,MM,1020.2,MM,14.1,MM,MM,+0.0,MM
2025,11,28,18,50,340,2.0,3.0,2.0,11,8.6,293,1020.4,MM,14.1,MM,MM,MM,MM
2025,11,28,18,40,40,1.0,2.0,2.0,MM,8.6,293,1020.6,MM,14.1,MM,MM,MM,MM
2025,11,28,18,30,60,1.0,2.0,MM,MM,MM,MM,1020.5,MM,14.1,MM,MM,MM,MM
2025,11,28,18,20,MM,0.0,2.0,2.0,15,8.7,286,1020.5,MM,14.1,MM,MM,MM,MM
2025,11,28,18,10,MM,0.0,2.0,2.0,MM,8.7,286,1020.6,MM,14.1,MM,MM,MM,MM
2025,11,28,18,0,240,1.0,2.0,MM,MM,MM,MM,1020.7,MM,14.1,MM,MM,+0.9,MM
2025,11,28,17,50,240,1.0,2.0,2.0,11,8.5,300,1020.7,MM,14.0,MM,MM,MM,MM
2025,11,28,17,40,270,1.0,2.0,2.0,MM,8.5,300,1020.6,.6,14.0,MM,MM,MM,MM
2025,11,28,17,30,260,2.0,4.0,MM,MM,MM,MM,1020.6,.7,14.0,MM,MM,MM,MM
2025,11,28,17,20,250,2.0,4.0,1.9,11,8.4,298,1020.5,.2,14.0,MM,MM,MM,MM
2025,11,28,17,10,250,1.0,3.0,1.9,MM,8.4,298,1020.5,.1,14.0,MM,MM,MM,MM
2025,11,28,17,0,240,1.0,2.0,MM,MM,MM,MM,1020.3,.0,14.0,MM,MM,+0.5,MM
2025,11,28,16,50,190,1.0,3.0,1.9,15,7.9,286,1020.3,.0,14.0,MM,MM,MM,MM
2025,11,28,16,40,180,1.0,3.0,MM,MM,MM,MM,1020.3,.1,14.0,MM,MM,MM,MM
2025,11,28,16,30,140,1.0,2.0,MM,MM,MM,MM,1020.2,.1,14.0,MM,MM,MM,MM
2025,11,28,16,20,130,2.0,4.0,1.8,15,8.2,293,1020.2,.0,14.0,MM,MM,MM,MM
2025,11,28,16,10,160,1.0,3.0,1.8,MM,8.2,293,1020.2,.0,14.1,MM,MM,MM,MM
2025,11,28,16,0,140,2.0,4.0,MM,MM,MM,MM,1020.3,.0,14.1,MM,MM,+0.6,MM
2025,11,28,15,50,110,3.0,4.0,1.8,15,8.0,288,1020.3,.0,14.1,MM,MM,MM,MM
2025,11,28,15,40,110,3.0,4.0,1.8,MM,8.0,288,1020.1,.9,14.1,MM,MM,MM,MM
2025,11,28,15,30,90,2.0,3.0,MM,MM,MM,MM,1020.0,.8,14.1,MM,MM,MM,MM
2025,11,28,15,20,90,2.0,4.0,1.7,11,8.0,298,1019.8,.8,14.1,MM,MM,MM,MM
2025,11,28,15,10,90,3.0,4.0,MM,MM,MM,MM,1019.8,.7,14.1,MM,MM,MM,MM
2025,11,28,15,0,70,2.0,4.0,MM,MM,MM,MM,1019.8,.7,14.0,MM,MM,-1.2,MM
2025,11,28,14,50,80,3.0,5.0,1.8,16,8.5,294,1019.8,.6,14.1,MM,MM,MM,MM
2025,11,28,14,40,90,3.0,5.0,1.8,MM,8.5,294,1019.7,.5,14.1,MM,MM,MM,MM
2025,11,28,14,30,90,3.0,5.0,MM,MM,MM,MM,1019.6,.5,14.1,MM,MM,MM,MM
2025,11,28,14,20,90,3.0,4.0,1.8,16,8.6,282,1019.4,.4,14.1,MM,MM,MM,MM
2025,11,28,14,10,100,2.0,4.0,1.8,MM,8.6,282,1019.4,.4,14.1,MM,MM,MM,MM
2025,11,28,14,0,80,2.0,4.0,MM,MM,MM,MM,1019.5,.3,14.1,MM,MM,-1.8,MM
2025,11,28,13,50,90,2.0,4.0,1.7,16,8.6,288,1019.6,.3,14.1,MM,MM,MM,MM
2025,11,28,13,40,70,2.0,3.0,MM,MM,MM,MM,1019.6,.5,14.1,MM,MM,MM,MM
2025,11,28,13,30,360,2.0,3.0,MM,MM,MM,MM,1019.5,.5,14.1,MM,MM,MM,MM
2025,11,28,13,20,10,3.0,5.0,1.8,16,8.5,285,1019.3,.6,14.1,MM,MM,MM,MM
2025,11,28,13,10,10,3.0,4.0,1.8,MM,8.5,285,1019.4,.6,14.1,MM,MM,MM,MM
2025,11,28,13,0,360,4.0,5.0,MM,MM,MM,MM,1019.4,.7,14.1,MM,MM,-1.9,MM
2025,11,28,12,50,350,4.0,5.0,1.7,16,8.1,281,1019.4,.7,14.1,MM,MM,MM,MM
2025,11,28,12,40,360,4.0,5.0,MM,MM,MM,MM,1019.4,.8,14.1,MM,MM,MM,MM
2025,11,28,12,30,360,4.0,5.0,MM,MM,MM,MM,1019.5,.8,14.1,MM,MM,MM,MM
2025,11,28,12,20,350,4.0,5.0,1.5,11,7.6,299,1019.7,.9,14.1,MM,MM,MM,MM
2025,11,28,12,10,360,4.0,5.0,MM,MM,MM,MM,1019.7,.8,14.1,MM,MM,MM,MM
2025,11,28,12,0,360,3.0,4.0,MM,MM,MM,MM,1019.7,.9,MM,MM,MM,-0.6,MM
2025,11,28,11,50,360,3.0,5.0,1.6,16,8.0,278,1019.7,.0,14.1,MM,MM,MM,MM
2025,11,28,11,40,360,4.0,6.0,1.6,MM,8.0,278,1019.8,.3,14.1,MM,MM,MM,MM
2025,11,28,11,30,360,5.0,6.0,MM,MM,MM,MM,1019.7,.4,14.1,MM,MM,MM,MM
2025,11,28,11,20,350,5.0,7.0,1.5,16,7.7,290,1019.8,.7,14.1,MM,MM,MM,MM
2025,11,28,11,10,330,5.0,7.0,1.5,MM,7.7,290,1019.8,.0,14.1,MM,MM,MM,MM
2025,11,28,11,0,340,5.0,7.0,MM,MM,MM,MM,1019.7,.3,14.1,MM,MM,+0.0,MM
2025,11,28,10,50,350,4.0,5.0,1.5,16,8.3,280,1019.7,.4,14.1,MM,MM,MM,MM
2025,11,28,10,40,340,4.0,5.0,MM,MM,MM,MM,1019.8,.3,14.1,MM,MM,MM,MM
2025,11,28,10,30,340,3.0,4.0,MM,MM,MM,MM,1019.8,.3,14.1,MM,MM,MM,MM
2025,11,28,10,20,330,3.0,4.0,1.6,16,8.2,276,1019.9,.3,14.1,MM,MM,MM,MM
2025,11,28,10,10,330,4.0,5.0,1.6,MM,8.2,276,1019.9,.3,14.1,MM,MM,MM,MM
2025,11,28,10,0,330,4.0,6.0,MM,MM,MM,MM,1019.8,.4,14.1,MM,MM,-0.3,MM
2025,11,28,9,50,330,5.0,6.0,1.6,12,8.6,291,1019.9,.5,14.1,MM,MM,MM,MM
2025,11,28,9,40,320,4.0,6.0,1.6,MM,8.6,291,1019.8,.5,14.1,MM,MM,MM,MM
2025,11,28,9,30,330,4.0,6.0,MM,MM,MM,MM,1019.7,.6,14.1,MM,MM,MM,MM
2025,11,28,9,20,320,5.0,6.0,1.5,17,8.4,279,1019.8,.7,14.1,MM,MM,MM,MM
2025,11,28,9,10,330,6.0,7.0,MM,MM,MM,MM,1019.9,.8,14.1,MM,MM,MM,MM
2025,11,28,9,0,320,4.0,6.0,MM,MM,MM,MM,1019.9,.9,14.1,MM,MM,+0.0,MM
2025,11,28,8,50,320,3.0,4.0,1.4,17,8.2,271,1019.9,.8,14.1,MM,MM,MM,MM
2025,11,28,8,40,320,3.0,4.0,MM,MM,MM,MM,1019.8,.7,14.1,MM,MM,MM,MM
2025,11,28,8,30,340,2.0,3.0,MM,MM,MM,MM,1019.8,.7,14.1,MM,MM,MM,MM
2025,11,28,8,20,350,2.0,3.0,1.4,17,8.6,272,1019.7,.7,14.1,MM,MM,MM,MM
2025,11,28,8,10,360,2.0,3.0,1.4,MM,8.6,272,1019.7,.7,14.1,MM,MM,MM,MM
2025,11,28,8,0,350,3.0,4.0,MM,MM,MM,MM,1019.8,.7,14.1,MM,MM,+0.0,MM
2025,11,28,7,50,340,3.0,4.0,1.3,17,8.5,283,1019.9,.7,14.1,MM,MM,MM,MM
2025,11,28,7,40,330,4.0,4.0,MM,MM,MM,MM,1020.0,.7,14.1,MM,MM,MM,MM
2025,11,28,7,30,310,2.0,5.0,MM,MM,MM,MM,1020.6,.5,MM,MM,MM,MM,MM
2025,11,28,7,20,310,1.0,2.0,1.3,17,8.8,280,1020.2,.4,14.1,MM,MM,MM,MM
2025,11,28,7,10,330,1.0,2.0,1.3,MM,8.8,280,1020.2,.4,14.1,MM,MM,MM,MM
2025,11,28,7,0,350,1.0,2.0,MM,MM,MM,MM,1020.1,.4,14.1,MM,MM,+0.3,MM
2025,11,28,6,50,50,1.0,2.0,1.3,16,8.6,280,1019.9,.3,14.1,MM,MM,MM,MM
2025,11,28,6,40,60,1.0,2.0,MM,MM,MM,MM,1019.9,.3,14.1,MM,MM,MM,MM
2025,11,28,6,30,80,2.0,3.0,MM,MM,MM,MM,1020.0,.2,14.1,MM,MM,MM,MM
2025,11,28,6,20,80,3.0,3.0,1.2,16,8.6,280,1020.0,.1,14.1,MM,MM,MM,MM
2025,11,28,6,10,70,3.0,3.0,1.2,MM,8.6,280,1019.9,.1,14.1,MM,MM,MM,MM
2025,11,28,6,0,80,3.0,3.0,MM,MM,MM,MM,1020.0,.4,14.1,MM,MM,+0.3,MM
2025,11,28,5,50,80,3.0,4.0,1.3,17,9.2,288,1019.8,.5,14.1,MM,MM,MM,MM
2025,11,28,5,40,80,2.0,4.0,1.3,MM,9.2,288,1019.8,.6,14.1,MM,MM,MM,MM
2025,11,28,5,30,80,2.0,3.0,MM,MM,MM,MM,1019.7,.4,14.2,MM,MM,MM,MM
2025,11,28,5,20,70,2.0,2.0,1.2,17,8.6,290,1019.7,.4,14.2,MM,MM,MM,MM
2025,11,28,5,10,70,2.0,3.0,MM,MM,MM,MM,1019.7,.3,14.2,MM,MM,MM,MM
2025,11,28,5,0,80,2.0,3.0,MM,MM,MM,MM,1019.7,.3,14.2,MM,MM,-0.3,MM
2025,11,28,4,50,70,2.0,3.0,1.3,16,8.8,283,1019.6,.2,14.2,MM,MM,MM,MM
2025,11,28,4,40,60,2.0,3.0,MM,MM,MM,MM,1019.7,.2,14.2,MM,MM,MM,MM
2025,11,28,4,30,60,3.0,4.0,MM,MM,MM,MM,1019.8,.2,14.2,MM,MM,MM,MM
2025,11,28,4,20,70,3.0,4.0,1.2,17,9.0,296,1019.6,.2,14.2,MM,MM,MM,MM
2025,11,28,4,10,70,3.0,3.0,1.2,MM,9.0,296,1019.7,.3,14.2,MM,MM,MM,MM
2025,11,28,4,0,70,3.0,4.0,MM,MM,MM,MM,1019.8,.3,14.2,MM,MM,+0.0,MM
2025,11,28,3,50,80,3.0,4.0,1.2,17,8.2,279,1019.5,.4,14.2,MM,MM,MM,MM
2025,11,28,3,40,80,2.0,3.0,1.2,MM,8.2,279,1019.8,.6,14.2,MM,MM,MM,MM
2025,11,28,3,30,80,2.0,3.0,MM,MM,MM,MM,1019.7,.6,14.2,MM,MM,MM,MM
2025,11,28,3,20,60,2.0,3.0,1.1,17,7.2,280,1019.7,.9,14.2,MM,MM,MM,MM
2025,11,28,3,10,10,3.0,4.0,MM,MM,MM,MM,1019.7,.2,14.2,MM,MM,MM,MM
2025,11,28,3,0,360,4.0,4.0,MM,MM,MM,MM,1019.7,.2,14.2,MM,MM,+0.0,MM
2025,11,28,2,50,360,4.0,5.0,1.2,17,7.7,287,1019.7,.2,14.2,MM,MM,MM,MM
2025,11,28,2,40,350,4.0,5.0,MM,MM,MM,MM,1019.7,.2,14.2,MM,MM,MM,MM
2025,11,28,2,30,350,4.0,5.0,MM,MM,MM,MM,1019.7,.3,14.2,MM,MM,MM,MM
2025,11,28,2,20,350,4.0,5.0,1.1,16,7.0,281,1019.7,.3,14.2,MM,MM,MM,MM
2025,11,28,2,10,340,4.0,5.0,1.1,MM,7.0,281,1019.9,.2,14.2,MM,MM,MM,MM
2025,11,28,2,0,340,4.0,5.0,MM,MM,MM,MM,1019.9,.2,14.2,MM,MM,+0.0,MM
2025,11,28,1,50,340,4.0,5.0,1.2,17,6.6,289,1020.0,.1,14.2,MM,MM,MM,MM
2025,11,28,1,40,340,4.0,5.0,MM,MM,MM,MM,1020.0,.9,14.2,MM,MM,MM,MM
2025,11,28,1,30,330,5.0,5.0,MM,MM,MM,MM,1019.9,.8,14.2,MM,MM,MM,MM
2025,11,28,1,20,330,5.0,7.0,1.2,17,6.7,291,1020.0,.8,14.2,MM,MM,MM,MM
2025,11,28,1,10,330,6.0,7.0,1.2,MM,6.7,291,1020.0,.8,14.2,MM,MM,MM,MM
2025,11,28,1,0,330,6.0,7.0,MM,MM,MM,MM,1019.8,.8,14.2,MM,MM,+0.6,MM
2025,11,28,0,50,330,6.0,7.0,1.2,17,6.2,279,1019.8,.9,14.2,MM,MM,MM,MM
2025,11,28,0,40,330,6.0,7.0,1.2,MM,6.2,279,1019.7,.0,14.2,MM,MM,MM,MM
2025,11,28,0,30,340,6.0,7.0,MM,MM,MM,MM,1019.7,.1,14.2,MM,MM,MM,MM
2025,11,28,0,20,330,6.0,7.0,1.1,17,6.7,288,1019.7,.2,14.2,MM,MM,MM,MM
2025,11,28,0,10,330,6.0,8.0,MM,MM,MM,MM,1019.8,.5,14.2,MM,MM,MM,MM
2025,11,28,0,0,340,6.0,7.0,MM,MM,MM,MM,1019.7,.6,14.3,MM,MM,-0.0,MM
2025,11,27,23,50,340,6.0,7.0,1.2,17,6.9,292,1019.7,.6,14.3,MM,MM,MM,MM
2025,11,27,23,40,340,6.0,8.0,MM,MM,MM,MM,1019.7,.5,14.3,MM,MM,MM,MM
2025,11,27,23,30,320,7.0,8.0,MM,MM,MM,MM,1019.8,.4,14.3,MM,MM,MM,MM
2025,11,27,23,20,310,7.0,8.0,1.1,17,7.6,289,1019.9,.4,14.2,MM,MM,MM,MM
2025,11,27,23,10,300,6.0,7.0,1.1,MM,7.6,289,1019.9,.4,14.2,MM,MM,MM,MM
2025,11,27,23,0,290,6.0,7.0,MM,MM,MM,MM,1019.8,.4,14.3,MM,MM,-0.5,MM
2025,11,27,22,50,280,5.0,7.0,0.9,17,5.6,289,1019.7,.5,14.2,MM,MM,MM,MM
2025,11,27,22,40,340,3.0,6.0,MM,MM,MM,MM,1019.7,.6,14.2,MM,MM,MM,MM
2025,11,27,22,30,70,5.0,5.0,MM,MM,MM,MM,1019.5,.4,14.3,MM,MM,MM,MM
2025,11,27,22,20,70,5.0,6.0,1.2,17,5.9,285,1019.3,.2,14.3,MM,MM,MM,MM
2025,11,27,22,10,70,6.0,8.0,1.2,MM,5.9,285,1019.6,.1,MM,MM,MM,MM,MM
2025,11,27,22,0,70,6.0,7.0,MM,MM,MM,MM,1019.3,.1,14.3,MM,MM,-1.9,MM
2025,11,27,21,50,80,6.0,8.0,1.1,17,5.4,277,1019.4,.9,14.3,MM,MM,MM,MM
2025,11,27,21,40,70,6.0,8.0,MM,MM,MM,MM,1019.3,.9,14.2,MM,MM,MM,MM
2025,11,27,21,30,70,7.0,8.0,MM,MM,MM,MM,1019.4,.8,14.2,MM,MM,MM,MM
2025,11,27,21,20,80,7.0,9.0,1.1,12,5.0,283,1019.5,.6,14.2,MM,MM,MM,MM
2025,11,27,21,10,80,7.0,8.0,MM,MM,MM,MM,1019.5,.6,14.2,MM,MM,MM,MM
2025,11,27,21,0,80,7.0,8.0,MM,MM,MM,MM,1019.7,.4,14.2,MM,MM,-2.0,MM
2025,11,27,20,50,80,7.0,9.0,1.1,12,5.2,295,1019.9,.3,14.2,MM,MM,MM,MM
2025,11,27,20,40,80,8.0,9.0,MM,MM,MM,MM,1020.0,.2,14.2,MM,MM,MM,MM
2025,11,27,20,30,80,8.0,0.0,MM,MM,MM,MM,1020.0,.2,14.2,MM,MM,MM,MM
2025,11,27,20,20,80,8.0,0.0,1.0,17,4.7,291,1020.1,.1,14.2,MM,MM,MM,MM
2025,11,27,20,10,80,8.0,0.0,1.0,MM,4.7,291,1020.2,.1,14.2,MM,MM,MM,MM
2025,11,27,20,0,80,8.0,9.0,MM,MM,MM,MM,1020.3,.1,14.2,MM,MM,-1.3,MM
2025,11,27,19,50,80,8.0,9.0,1.1,17,5.5,282,1020.5,.2,14.2,MM,MM,MM,MM
2025,11,27,19,40,80,7.0,9.0,MM,MM,MM,MM,1020.5,.0,14.2,MM,MM,MM,MM
2025,11,27,19,30,80,7.0,8.0,MM,MM,MM,MM,1020.6,.1,14.2,MM,MM,MM,MM
2025,11,27,19,20,80,7.0,8.0,0.9,12,5.9,288,1020.7,.3,14.2,MM,MM,MM,MM
2025,11,27,19,10,80,6.0,8.0,0.9,MM,5.9,288,1021.0,.5,14.2,MM,MM,MM,MM
2025,11,27,19,0,70,5.0,6.0,MM,MM,MM,MM,1021.2,.7,14.2,MM,MM,+0.0,MM
2025,11,27,18,50,70,3.0,4.0,0.9,12,5.9,289,1021.3,.9,14.2,MM,MM,MM,MM
2025,11,27,18,40,70,2.0,3.0,MM,MM,MM,MM,1021.5,.0,14.2,MM,MM,MM,MM
2025,11,27,18,30,80,2.0,2.0,MM,MM,MM,MM,1021.4,.9,14.2,MM,MM,MM,MM
2025,11,27,18,20,100,2.0,4.0,0.9,12,5.7,277,1021.4,.7,14.2,MM,MM,MM,MM
2025,11,27,18,10,100,4.0,5.0,0.9,MM,5.7,277,1021.5,.7,14.2,MM,MM,MM,MM
2025,11,27,18,0,80,3.0,4.0,MM,MM,MM,MM,1021.7,.7,14.2,MM,MM,+0.8,MM
2025,11,27,17,50,70,3.0,4.0,0.9,19,5.7,280,1021.8,.8,14.2,MM,MM,MM,MM
2025,11,27,17,40,40,2.0,3.0,MM,MM,MM,MM,1021.7,.9,14.2,MM,MM,MM,MM
2025,11,27,17,30,60,2.0,3.0,MM,MM,MM,MM,1021.8,.9,14.2,MM,MM,MM,MM
2025,11,27,17,20,50,3.0,3.0,0.9,12,5.0,244,1021.8,.0,14.2,MM,MM,MM,MM
2025,11,27,17,10,50,3.0,4.0,0.9,MM,5.0,244,1021.7,.9,14.2,MM,MM,MM,MM
2025,11,27,17,0,40,4.0,5.0,MM,MM,MM,MM,1021.7,.8,14.2,MM,MM,+0.8,MM
2025,11,27,16,50,30,4.0,5.0,0.9,19,4.7,279,1021.7,.9,14.2,MM,MM,MM,MM
2025,11,27,16,40,40,4.0,5.0,MM,MM,MM,MM,1021.5,.9,14.2,MM,MM,MM,MM
2025,11,27,16,30,60,5.0,7.0,MM,MM,MM,MM,1021.3,.7,14.1,MM,MM,MM,MM
2025,11,27,16,20,60,7.0,8.0,1.0,12,4.3,266,1021.2,.5,14.1,MM,MM,MM,MM
2025,11,27,16,10,60,8.0,9.0,MM,MM,MM,MM,1021.2,.5,14.2,MM,MM,MM,MM
2025,11,27,16,0,60,7.0,9.0,MM,MM,MM,MM,1021.1,.5,14.1,MM,MM,-0.0,MM
2025,11,27,15,50,70,7.0,8.0,0.9,19,4.6,304,1021.2,.4,14.1,MM,MM,MM,MM
2025,11,27,15,40,70,7.0,8.0,MM,MM,MM,MM,1020.8,.2,14.1,MM,MM,MM,MM
2025,11,27,15,30,70,7.0,8.0,MM,MM,MM,MM,1021.0,.9,14.2,MM,MM,MM,MM
2025,11,27,15,20,80,6.0,8.0,0.9,12,4.4,264,1021.1,.9,14.2,MM,MM,MM,MM
2025,11,27,15,10,90,7.0,8.0,0.9,MM,4.4,264,1020.8,.5,14.1,MM,MM,MM,MM
2025,11,27,15,0,80,7.0,9.0,MM,MM,MM,MM,1020.9,.4,14.2,MM,MM,+0.0,MM
2025,11,27,14,50,80,7.0,8.0,0.9,11,4.4,253,1021.0,.3,14.2,MM,MM,MM,MM
2025,11,27,14,40,70,7.0,8.0,MM,MM,MM,MM,1021.2,.4,14.2,MM,MM,MM,MM
2025,11,27,14,30,70,7.0,9.0,MM,MM,MM,MM,1021.2,.5,14.2,MM,MM,MM,MM
2025,11,27,14,20,70,8.0,9.0,0.8,11,4.5,267,1021.1,.6,14.2,MM,MM,MM,MM
2025,11,27,14,10,80,8.0,0.0,0.8,MM,4.5,267,1020.7,.8,14.2,MM,MM,MM,MM
2025,11,27,14,0,80,8.0,9.0,MM,MM,MM,MM,1020.8,.0,14.2,MM,MM,-0.4,MM
2025,11,27,13,50,80,6.0,7.0,0.8,19,5.6,277,1020.8,.5,14.2,MM,MM,MM,MM
2025,11,27,13,40,90,5.0,7.0,0.8,MM,5.6,277,1020.7,.8,14.2,MM,MM,MM,MM
2025,11,27,13,30,80,4.0,4.0,MM,MM,MM,MM,1021.0,.8,14.2,MM,MM,MM,MM
2025,11,27,13,20,60,2.0,3.0,0.8,12,5.2,282,1021.0,.9,14.2,MM,MM,MM,MM
2025,11,27,13,10,30,1.0,1.0,0.8,MM,5.2,282,1021.1,.0,14.2,MM,MM,MM,MM
2025,11,27,13,0,340,1.0,2.0,MM,MM,MM,MM,1021.3,.0,14.2,MM,MM,-0.3,MM
2025,11,27,12,50,340,1.0,2.0,0.8,11,5.1,267,1021.2,.0,14.2,MM,MM,MM,MM
2025,11,27,12,40,360,1.0,2.0,MM,MM,MM,MM,1021.2,.1,14.1,MM,MM,MM,MM
2025,11,27,12,30,20,1.0,2.0,MM,MM,MM,MM,1021.2,.1,14.2,MM,MM,MM,MM
2025,11,27,12,20,40,1.0,2.0,0.8,12,5.5,278,1021.0,.0,14.2,MM,MM,MM,MM
2025,11,27,12,10,90,3.0,4.0,0.8,MM,5.5,278,1020.9,.8,14.2,MM,MM,MM,MM
2025,11,27,12,0,90,5.0,5.0,MM,MM,MM,MM,1021.0,.7,14.2,MM,MM,+0.0,MM
2025,11,27,11,50,80,4.0,5.0,0.7,12,5.1,249,1021.0,.9,14.2,MM,MM,MM,MM
2025,11,27,11,40,60,3.0,3.0,MM,MM,MM,MM,1021.2,.2,14.2,MM,MM,MM,MM
2025,11,27,11,30,40,3.0,4.0,MM,MM,MM,MM,1021.2,.2,14.2,MM,MM,MM,MM
2025,11,27,11,20,30,4.0,5.0,0.8,13,4.6,245,1021.2,.3,14.2,MM,MM,MM,MM
2025,11,27,11,10,360,4.0,5.0,MM,MM,MM,MM,1021.2,.4,14.2,MM,MM,MM,MM
2025,11,27,11,0,350,4.0,5.0,MM,MM,MM,MM,1021.2,.5,14.2,MM,MM,-0.9,MM
2025,11,27,10,50,350,4.0,5.0,0.8,12,4.3,248,1021.0,.6,14.2,MM,MM,MM,MM
2025,11,27,10,40,50,4.0,6.0,0.8,MM,4.3,248,1021.0,.4,14.2,MM,MM,MM,MM
2025,11,27,10,30,70,6.0,7.0,MM,MM,MM,MM,1021.0,.0,14.2,MM,MM,MM,MM
2025,11,27,10,20,70,6.0,8.0,0.7,12,4.3,261,1021.3,.7,14.2,MM,MM,MM,MM
2025,11,27,10,10,70,4.0,6.0,0.7,MM,4.3,261,1021.5,.3,14.2,MM,MM,MM,MM
2025,11,27,10,0,60,4.0,5.0,MM,MM,MM,MM,1021.6,.3,14.2,MM,MM,-0.0,MM
2025,11,27,9,50,60,4.0,5.0,0.7,11,4.5,282,1021.6,.5,14.2,MM,MM,MM,MM
2025,11,27,9,40,70,5.0,6.0,MM,MM,MM,MM,1021.7,.7,14.2,MM,MM,MM,MM
2025,11,27,9,30,60,6.0,8.0,MM,MM,MM,MM,1021.4,.3,14.2,MM,MM,MM,MM
2025,11,27,9,20,60,6.0,7.0,0.7,11,4.8,287,1021.2,.5,14.2,MM,MM,MM,MM
2025,11,27,9,10,70,6.0,7.0,0.7,MM,4.8,287,1021.1,.6,14.2,MM,MM,MM,MM
2025,11,27,9,0,70,6.0,7.0,MM,MM,MM,MM,1021.1,.5,14.2,MM,MM,-1.2,MM
2025,11,27,8,50,80,5.0,6.0,0.7,13,5.1,238,1021.2,.5,14.2,MM,MM,MM,MM
2025,11,27,8,40,90,5.0,6.0,MM,MM,MM,MM,1021.4,.6,14.2,MM,MM,MM,MM
2025,11,27,8,30,80,4.0,6.0,MM,MM,MM,MM,1021.6,.7,14.2,MM,MM,MM,MM
2025,11,27,8,20,60,4.0,5.0,0.7,14,4.6,223,1021.8,.8,14.2,MM,MM,MM,MM
2025,11,27,8,10,60,4.0,5.0,0.7,MM,4.6,223,1022.1,.9,14.2,MM,MM,MM,MM
2025,11,27,8,0,40,4.0,5.0,MM,MM,MM,MM,1022.1,.8,14.2,MM,MM,-0.0,MM
2025,11,27,7,50,40,5.0,6.0,0.7,10,4.2,284,1022.3,.0,14.2,MM,MM,MM,MM
2025,11,27,7,40,50,6.0,8.0,0.7,MM,4.2,284,1022.2,.1,14.2,MM,MM,MM,MM
2025,11,27,7,30,60,7.0,9.0,MM,MM,MM,MM,1022.1,.3,14.2,MM,MM,MM,MM
2025,11,27,7,20,60,7.0,9.0,0.7,12,4.3,256,1021.8,.9,14.2,MM,MM,MM,MM
2025,11,27,7,10,60,7.0,9.0,MM,MM,MM,MM,1021.8,.6,14.2,MM,MM,MM,MM
2025,11,27,7,0,70,7.0,8.0,MM,MM,MM,MM,1021.8,.6,MM,MM,MM,-0.3,MM
2025,11,27,6,50,90,6.0,8.0,0.8,12,4.8,249,1021.8,.7,14.2,MM,MM,MM,MM
2025,11,27,6,40,90,6.0,7.0,MM,MM,MM,MM,1022.1,.0,14.2,MM,MM,MM,MM
2025,11,27,6,30,90,5.0,6.0,MM,MM,MM,MM,1022.2,.1,14.2,MM,MM,MM,MM
2025,11,27,6,20,60,5.0,6.0,0.7,12,5.2,244,1022.3,.1,14.2,MM,MM,MM,MM
2025,11,27,6,10,50,4.0,6.0,0.7,MM,5.2,244,1022.3,.1,14.2,MM,MM,MM,MM
2025,11,27,6,0,50,4.0,8.0,MM,MM,MM,MM,1022.3,.0,14.2,MM,MM,+0.6,MM
2025,11,27,5,50,40,4.0,5.0,0.7,11,5.2,276,1022.5,.8,14.2,MM,MM,MM,MM
2025,11,27,5,40,20,4.0,5.0,0.7,MM,5.2,276,1022.4,.9,14.2,MM,MM,MM,MM
2025,11,27,5,30,60,2.0,6.0,MM,MM,MM,MM,1022.1,.6,14.2,MM,MM,MM,MM
2025,11,27,5,20,100,4.0,5.0,0.7,11,5.3,284,1022.0,.6,14.2,MM,MM,MM,MM
2025,11,27,5,10,100,2.0,5.0,0.7,MM,5.3,284,1022.1,.5,14.2,MM,MM,MM,MM
2025,11,27,5,0,100,1.0,1.0,MM,MM,MM,MM,1022.1,.5,14.2,MM,MM,-0.0,MM
2025,11,27,4,50,80,1.0,1.0,0.7,13,5.4,243,1022.3,.4,14.2,MM,MM,MM,MM
2025,11,27,4,40,MM,0.0,1.0,MM,MM,MM,MM,1022.3,.4,14.2,MM,MM,MM,MM
2025,11,27,4,30,MM,0.0,1.0,MM,MM,MM,MM,1022.2,.4,14.2,MM,MM,MM,MM
2025,11,27,4,20,MM,0.0,1.0,0.8,12,5.2,271,1022.1,.4,14.2,MM,MM,MM,MM
2025,11,27,4,10,MM,0.0,0.0,0.8,MM,5.2,271,1022.3,.5,14.2,MM,MM,MM,MM
2025,11,27,4,0,MM,0.0,1.0,MM,MM,MM,MM,1022.1,.6,14.2,MM,MM,+0.8,MM
2025,11,27,3,50,30,1.0,2.0,0.8,12,5.6,267,1022.0,.6,14.2,MM,MM,MM,MM
2025,11,27,3,40,30,1.0,2.0,MM,MM,MM,MM,1022.0,.6,14.2,MM,MM,MM,MM
2025,11,27,3,30,350,1.0,2.0,MM,MM,MM,MM,1022.0,.7,14.3,MM,MM,MM,MM
2025,11,27,3,20,30,1.0,1.0,0.8,11,5.2,271,1021.8,.7,14.3,MM,MM,MM,MM
2025,11,27,3,10,90,1.0,2.0,0.8,MM,5.2,271,1021.7,.7,14.3,MM,MM,MM,MM
2025,11,27,3,0,80,2.0,3.0,MM,MM,MM,MM,1021.7,.8,14.3,MM,MM,+0.0,MM
2025,11,27,2,50,70,3.0,5.0,0.8,12,5.3,279,1021.9,.0,14.3,MM,MM,MM,MM
2025,11,27,2,40,60,4.0,5.0,MM,MM,MM,MM,1021.9,.9,14.3,MM,MM,MM,MM
2025,11,27,2,30,60,4.0,5.0,MM,MM,MM,MM,1021.9,.9,14.3,MM,MM,MM,MM
2025,11,27,2,20,60,4.0,5.0,0.7,13,5.5,261,1022.0,.8,14.3,MM,MM,MM,MM
2025,11,27,2,10,60,3.0,4.0,MM,MM,MM,MM,1021.9,.8,14.3,MM,MM,MM,MM
2025,11,27,2,0,50,1.0,2.0,MM,MM,MM,MM,1021.9,.7,14.3,MM,MM,+0.3,MM
2025,11,27,1,50,MM,0.0,1.0,0.7,13,6.8,256,1021.9,.6,14.3,MM,MM,MM,MM
2025,11,27,1,40,MM,0.0,1.0,MM,MM,MM,MM,1021.8,.6,14.3,MM,MM,MM,MM
2025,11,27,1,30,MM,0.0,1.0,MM,MM,MM,MM,1021.6,.7,14.3,MM,MM,MM,MM
2025,11,27,1,20,110,2.0,2.0,0.6,12,6.2,268,1021.4,.7,14.3,MM,MM,MM,MM
2025,11,27,1,10,110,2.0,2.0,0.6,MM,6.2,268,1021.2,.7,14.3,MM,MM,MM,MM
2025,11,27,1,0,110,1.0,2.0,MM,MM,MM,MM,1021.3,.8,MM,MM,MM,-0.6,MM
2025,11,27,0,50,80,1.0,1.0,0.8,12,7.3,278,1021.5,.9,14.3,MM,MM,MM,MM
2025,11,27,0,40,MM,0.0,1.0,MM,MM,MM,MM,1021.5,.0,14.3,MM,MM,MM,MM
2025,11,27,0,30,30,1.0,1.0,MM,MM,MM,MM,1021.6,.1,14.3,MM,MM,MM,MM
2025,11,27,0,20,10,1.0,1.0,0.7,13,6.1,263,1021.6,.2,14.3,MM,MM,MM,MM
2025,11,27,0,10,360,1.0,2.0,0.7,MM,6.1,263,1021.5,.1,14.3,MM,MM,MM,MM
2025,11,27,0,0,360,1.0,2.0,MM,MM,MM,MM,1021.5,.1,14.3,MM,MM,-0.4,MM
2025,11,26,23,50,350,2.0,2.0,0.8,12,6.4,291,1021.5,.1,14.3,MM,MM,MM,MM
2025,11,26,23,40,330,2.0,2.0,0.8,MM,6.4,291,1021.6,.0,14.3,MM,MM,MM,MM
2025,11,26,23,30,340,2.0,2.0,MM,MM,MM,MM,1021.5,.1,14.3,MM,MM,MM,MM
2025,11,26,23,20,330,2.0,2.0,0.7,14,5.5,261,1021.6,.1,14.3,MM,MM,MM,MM
2025,11,26,23,10,320,2.0,3.0,0.7,MM,5.5,261,1021.7,.1,14.3,MM,MM,MM,MM
2025,11,26,23,0,320,2.0,3.0,MM,MM,MM,MM,1021.7,.1,14.3,MM,MM,-1.1,MM
2025,11,26,22,50,310,3.0,4.0,0.8,14,5.7,258,1021.8,.0,14.3,MM,MM,MM,MM
2025,11,26,22,40,310,3.0,4.0,MM,MM,MM,MM,1021.8,.9,14.3,MM,MM,MM,MM
2025,11,26,22,30,300,3.0,4.0,MM,MM,MM,MM,1021.8,.9,14.3,MM,MM,MM,MM
2025,11,26,22,20,300,4.0,4.0,0.8,13,5.4,270,1021.8,.8,14.3,MM,MM,MM,MM
2025,11,26,22,10,290,4.0,4.0,0.8,MM,5.4,270,1022.3,.8,MM,MM,MM,MM,MM
2025,11,26,22,0,290,3.0,4.0,MM,MM,MM,MM,1022.0,.7,14.3,MM,MM,-1.6,MM
2025,11,26,21,50,290,3.0,4.0,0.8,13,4.9,229,1021.9,.7,14.3,MM,MM,MM,MM
2025,11,26,21,40,300,3.0,3.0,MM,MM,MM,MM,1021.9,.8,14.3,MM,MM,MM,MM
2025,11,26,21,30,310,3.0,4.0,MM,MM,MM,MM,1022.0,.8,14.3,MM,MM,MM,MM
2025,11,26,21,20,350,4.0,5.0,1.0,12,4.9,263,1022.1,.1,MM,MM,MM,MM,MM
2025,11,26,21,10,60,5.0,7.0,MM,MM,MM,MM,1021.9,.1,14.3,MM,MM,MM,MM
2025,11,26,21,0,80,6.0,8.0,MM,MM,MM,MM,1021.9,.9,14.3,MM,MM,-1.7,MM
2025,11,26,20,50,80,5.0,6.0,1.0,11,4.9,284,1022.2,.7,14.3,MM,MM,MM,MM
2025,11,26,20,40,60,5.0,6.0,MM,MM,MM,MM,1022.4,.6,14.3,MM,MM,MM,MM
2025,11,26,20,30,60,5.0,7.0,MM,MM,MM,MM,1022.4,.6,14.3,MM,MM,MM,MM
2025,11,26,20,20,50,4.0,5.0,1.0,11,4.8,291,1022.7,.6,14.2,MM,MM,MM,MM
2025,11,26,20,10,40,4.0,4.0,1.0,MM,4.8,291,1022.8,.7,14.2,MM,MM,MM,MM
2025,11,26,20,0,40,5.0,7.0,MM,MM,MM,MM,1022.8,.8,14.2,MM,MM,-1.0,MM
2025,11,26,19,50,80,7.0,9.0,1.1,11,4.6,281,1022.7,.3,14.2,MM,MM,MM,MM
2025,11,26,19,40,80,8.0,9.0,MM,MM,MM,MM,1022.9,.0,14.2,MM,MM,MM,MM
2025,11,26,19,30,70,8.0,9.0,MM,MM,MM,MM,1023.2,.0,14.2,MM,MM,MM,MM
2025,11,26,19,20,70,9.0,0.0,1.1,12,4.6,282,1023.3,.0,14.2,MM,MM,MM,MM
2025,11,26,19,10,60,9.0,1.0,1.1,MM,4.6,282,1023.3,.0,14.2,MM,MM,MM,MM
2025,11,26,19,0,70,9.0,1.0,MM,MM,MM,MM,1023.5,.7,14.2,MM,MM,+0.0,MM
2025,11,26,18,50,80,9.0,1.0,1.1,11,4.5,270,1023.6,.5,14.2,MM,MM,MM,MM
2025,11,26,18,40,70,9.0,1.0,MM,MM,MM,MM,1023.6,.5,14.2,MM,MM,MM,MM
2025,11,26,18,30,70,0.0,1.0,MM,MM,MM,MM,1023.7,.4,14.2,MM,MM,MM,MM
2025,11,26,18,20,70,0.0,2.0,1.2,12,4.6,278,1023.7,.3,14.2,MM,MM,MM,MM
2025,11,26,18,10,70,0.0,2.0,1.2,MM,4.6,278,1023.7,.2,14.2,MM,MM,MM,MM
2025,11,26,18,0,70,0.0,2.0,MM,MM,MM,MM,1023.7,.1,14.2,MM,MM,+0.4,MM
2025,11,26,17,50,70,1.0,2.0,1.2,12,4.7,270,1023.7,.0,14.2,MM,MM,MM,MM
2025,11,26,17,40,70,1.0,2.0,MM,MM,MM,MM,1023.7,.9,14.2,MM,MM,MM,MM
2025,11,26,17,30,70,1.0,3.0,MM,MM,MM,MM,1023.6,.8,14.2,MM,MM,MM,MM
2025,11,26,17,20,70,9.0,2.0,1.2,12,4.6,257,1023.7,.8,14.2,MM,MM,MM,MM
2025,11,26,17,10,70,9.0,2.0,1.2,MM,4.6,257,1024.0,.7,14.2,MM,MM,MM,MM
2025,11,26,17,0,60,0.0,2.0,MM,MM,MM,MM,1023.9,.7,14.2,MM,MM,+0.8,MM
2025,11,26,16,50,70,0.0,2.0,1.2,13,4.8,258,1023.8,.7,14.2,MM,MM,MM,MM
2025,11,26,16,40,70,0.0,2.0,1.2,MM,4.8,258,1023.7,.7,14.2,MM,MM,MM,MM
2025,11,26,16,30,70,0.0,1.0,MM,MM,MM,MM,1023.6,.8,14.2,MM,MM,MM,MM
2025,11,26,16,20,70,0.0,2.0,1.2,13,4.9,285,1023.4,.1,14.2,MM,MM,MM,MM
2025,11,26,16,10,80,9.0,1.0,1.2,MM,4.9,285,1023.3,.8,14.2,MM,MM,MM,MM
2025,11,26,16,0,80,9.0,1.0,MM,MM,MM,MM,1023.3,.7,14.2,MM,MM,+0.6,MM
2025,11,26,15,50,70,9.0,1.0,1.2,12,5.4,272,1023.4,.7,14.2,MM,MM,MM,MM
2025,11,26,15,40,70,8.0,0.0,MM,MM,MM,MM,1023.3,.1,14.2,MM,MM,MM,MM
2025,11,26,15,30,70,7.0,9.0,MM,MM,MM,MM,1023.3,.4,14.2,MM,MM,MM,MM
2025,11,26,15,20,80,6.0,7.0,1.0,12,5.7,280,1023.3,.3,14.2,MM,MM,MM,MM
2025,11,26,15,10,80,4.0,6.0,1.0,MM,5.7,280,1023.3,.4,14.2,MM,MM,MM,MM
2025,11,26,15,0,80,5.0,6.0,MM,MM,MM,MM,1023.2,.3,14.2,MM,MM,+0.9,MM
2025,11,26,14,50,80,5.0,6.0,1.1,12,6.2,288,1023.2,.4,14.2,MM,MM,MM,MM
2025,11,26,14,40,80,6.0,7.0,1.1,MM,6.2,288,1023.2,.5,14.2,MM,MM,MM,MM
2025,11,26,14,30,80,4.0,5.0,MM,MM,MM,MM,1023.2,.4,14.2,MM,MM,MM,MM
2025,11,26,14,20,60,1.0,2.0,1.0,12,5.8,284,1023.2,.6,14.2,MM,MM,MM,MM
2025,11,26,14,10,20,1.0,2.0,1.0,MM,5.8,284,1023.1,.6,14.2,MM,MM,MM,MM
2025,11,26,14,0,20,2.0,3.0,MM,MM,MM,MM,1023.0,.7,14.2,MM,MM,+0.4,MM
2025,11,26,13,50,360,3.0,4.0,1.1,13,5.9,274,1023.0,.8,14.2,MM,MM,MM,MM
2025,11,26,13,40,350,2.0,4.0,1.1,MM,5.9,274,1022.8,.8,14.2,MM,MM,MM,MM
2025,11,26,13,30,50,2.0,3.0,MM,MM,MM,MM,1022.7,.5,14.2,MM,MM,MM,MM
2025,11,26,13,20,80,4.0,5.0,1.1,13,5.2,287,1022.6,.6,14.2,MM,MM,MM,MM
2025,11,26,13,10,70,5.0,7.0,1.1,MM,5.2,287,1022.7,.8,14.2,MM,MM,MM,MM
2025,11,26,13,0,50,6.0,7.0,MM,MM,MM,MM,1022.7,.2,14.2,MM,MM,-0.0,MM
2025,11,26,12,50,30,5.0,7.0,1.2,12,5.6,286,1022.5,.3,14.2,MM,MM,MM,MM
2025,11,26,12,40,70,6.0,9.0,MM,MM,MM,MM,1022.1,.1,14.2,MM,MM,MM,MM
2025,11,26,12,30,80,7.0,9.0,MM,MM,MM,MM,1022.2,.7,14.2,MM,MM,MM,MM
2025,11,26,12,20,70,8.0,9.0,1.2,13,5.6,277,1022.3,.7,14.2,MM,MM,MM,MM
2025,11,26,12,10,70,7.0,8.0,1.2,MM,5.6,277,1022.4,.1,14.2,MM,MM,MM,MM
2025,11,26,12,0,60,6.0,8.0,MM,MM,MM,MM,1022.3,.4,14.2,MM,MM,-1.0,MM
2025,11,26,11,50,70,8.0,0.0,1.2,13,5.7,269,1022.2,.3,14.2,MM,MM,MM,MM
2025,11,26,11,40,80,8.0,1.0,1.2,MM,5.7,269,1022.2,.1,14.2,MM,MM,MM,MM
2025,11,26,11,30,70,6.0,9.0,MM,MM,MM,MM,1022.5,.0,14.2,MM,MM,MM,MM
2025,11,26,11,20,60,6.0,8.0,1.2,12,5.5,285,1022.7,.2,14.2,MM,MM,MM,MM
2025,11,26,11,10,60,7.0,9.0,1.2,MM,5.5,285,1022.6,.3,14.2,MM,MM,MM,MM
2025,11,26,11,0,70,8.0,0.0,MM,MM,MM,MM,1022.6,.2,14.2,MM,MM,-1.1,MM
2025,11,26,10,50,80,7.0,9.0,1.2,13,5.3,268,1022.7,.0,14.2,MM,MM,MM,MM
2025,11,26,10,40,70,7.0,9.0,MM,MM,MM,MM,1022.8,.9,14.2,MM,MM,MM,MM
2025,11,26,10,30,70,8.0,0.0,MM,MM,MM,MM,1022.7,.9,14.2,MM,MM,MM,MM
2025,11,26,10,20,70,8.0,0.0,1.2,14,5.8,265,1022.6,.0,14.2,MM,MM,MM,MM
2025,11,26,10,10,70,9.0,0.0,1.2,MM,5.8,265,1022.6,.9,14.2,MM,MM,MM,MM
2025,11,26,10,0,70,7.0,9.0,MM,MM,MM,MM,1022.8,.9,MM,MM,MM,-1.1,MM
2025,11,26,9,50,80,7.0,8.0,1.1,13,6.5,278,1022.9,.0,14.2,MM,MM,MM,MM
2025,11,26,9,40,70,6.0,8.0,MM,MM,MM,MM,1023.0,.8,14.2,MM,MM,MM,MM
2025,11,26,9,30,60,3.0,5.0,MM,MM,MM,MM,1023.2,.5,14.2,MM,MM,MM,MM
2025,11,26,9,20,20,2.0,3.0,1.1,11,6.4,294,1023.4,.4,14.2,MM,MM,MM,MM
2025,11,26,9,10,360,3.0,4.0,MM,MM,MM,MM,1023.4,.4,14.2,MM,MM,MM,MM
2025,11,26,9,0,340,3.0,4.0,MM,MM,MM,MM,1023.4,.7,14.2,MM,MM,-0.5,MM
2025,11,26,8,50,320,3.0,4.0,1.1,11,6.5,285,1023.4,.3,14.2,MM,MM,MM,MM
2025,11,26,8,40,20,1.0,4.0,MM,MM,MM,MM,1023.5,.4,14.2,MM,MM,MM,MM
2025,11,26,8,30,60,4.0,6.0,MM,MM,MM,MM,1023.7,.6,14.2,MM,MM,MM,MM
2025,11,26,8,20,60,5.0,7.0,1.2,14,8.4,279,1023.7,.4,14.2,MM,MM,MM,MM
2025,11,26,8,10,60,5.0,6.0,1.2,MM,8.4,279,1023.7,.3,14.2,MM,MM,MM,MM
2025,11,26,8,0,70,3.0,6.0,MM,MM,MM,MM,1023.7,.9,14.2,MM,MM,+0.4,MM
2025,11,26,7,50,100,1.0,2.0,1.2,14,7.8,278,1023.7,.5,14.2,MM,MM,MM,MM
2025,11,26,7,40,50,1.0,2.0,MM,MM,MM,MM,1023.7,.3,14.2,MM,MM,MM,MM
2025,11,26,7,30,360,1.0,2.0,MM,MM,MM,MM,1023.7,.3,14.2,MM,MM,MM,MM
2025,11,26,7,20,20,1.0,2.0,1.1,13,7.9,275,1023.7,.2,14.2,MM,MM,MM,MM
2025,11,26,7,10,10,2.0,3.0,1.1,MM,7.9,275,1023.8,.1,14.3,MM,MM,MM,MM
2025,11,26,7,0,10,3.0,3.0,MM,MM,MM,MM,1023.8,.0,14.3,MM,MM,+0.8,MM
2025,11,26,6,50,360,3.0,4.0,1.2,14,8.2,275,1023.9,.0,14.3,MM,MM,MM,MM
2025,11,26,6,40,350,3.0,4.0,MM,MM,MM,MM,1023.8,.9,14.3,MM,MM,MM,MM
2025,11,26,6,30,340,4.0,5.0,MM,MM,MM,MM,1023.7,.8,14.3,MM,MM,MM,MM
2025,11,26,6,20,330,5.0,6.0,1.1,14,7.9,272,1023.7,.8,14.3,MM,MM,MM,MM
2025,11,26,6,10,330,5.0,6.0,1.1,MM,7.9,272,1023.9,.8,14.3,MM,MM,MM,MM
2025,11,26,6,0,320,5.0,5.0,MM,MM,MM,MM,1023.8,.9,14.3,MM,MM,+0.8,MM
2025,11,26,5,50,320,5.0,5.0,1.2,14,7.8,275,1023.8,.9,14.3,MM,MM,MM,MM
2025,11,26,5,40,330,5.0,6.0,MM,MM,MM,MM,1023.8,.0,14.3,MM,MM,MM,MM
2025,11,26,5,30,330,5.0,6.0,MM,MM,MM,MM,1023.7,.1,14.3,MM,MM,MM,MM
2025,11,26,5,20,340,4.0,5.0,1.3,14,8.0,277,1023.7,.1,14.3,MM,MM,MM,MM
2025,11,26,5,10,340,4.0,5.0,1.3,MM,8.0,277,1023.4,.1,14.3,MM,MM,MM,MM
2025,11,26,5,0,340,4.0,5.0,MM,MM,MM,MM,1023.4,.1,14.3,MM,MM,+1.4,MM
2025,11,26,4,50,350,4.0,5.0,1.5,13,8.3,272,1023.3,.1,14.3,MM,MM,MM,MM
2025,11,26,4,40,350,4.0,5.0,MM,MM,MM,MM,1023.2,.0,14.2,MM,MM,MM,MM
2025,11,26,4,30,350,4.0,5.0,MM,MM,MM,MM,1023.1,.9,14.3,MM,MM,MM,MM
2025,11,26,4,20,340,4.0,5.0,1.4,14,7.5,277,1023.0,.8,14.3,MM,MM,MM,MM
2025,11,26,4,10,340,4.0,4.0,1.4,MM,7.5,277,1023.0,.8,14.2,MM,MM,MM,MM
2025,11,26,4,0,340,3.0,4.0,MM,MM,MM,MM,1023.0,.8,14.2,MM,MM,+1.5,MM
2025,11,26,3,50,340,4.0,5.0,1.2,14,6.9,281,1023.0,.7,14.2,MM,MM,MM,MM
2025,11,26,3,40,340,5.0,6.0,MM,MM,MM,MM,1023.0,.6,14.3,MM,MM,MM,MM
2025,11,26,3,30,340,5.0,6.0,MM,MM,MM,MM,1023.2,.6,14.3,MM,MM,MM,MM
2025,11,26,3,20,330,4.0,6.0,1.4,13,6.9,268,1023.1,.5,14.3,MM,MM,MM,MM
2025,11,26,3,10,340,4.0,5.0,MM,MM,MM,MM,1023.1,.3,14.3,MM,MM,MM,MM
2025,11,26,3,0,330,4.0,6.0,MM,MM,MM,MM,1023.2,.3,14.3,MM,MM,+1.5,MM
2025,11,26,2,50,330,5.0,6.0,1.4,14,6.9,260,1023.1,.2,14.3,MM,MM,MM,MM
2025,11,26,2,40,330,4.0,5.0,MM,MM,MM,MM,1023.1,.2,14.3,MM,MM,MM,MM
2025,11,26,2,30,330,4.0,5.0,MM,MM,MM,MM,1023.0,.2,14.3,MM,MM,MM,MM
2025,11,26,2,20,340,4.0,5.0,1.3,14,6.6,265,1022.9,.4,14.3,MM,MM,MM,MM
2025,11,26,2,10,330,4.0,5.0,MM,MM,MM,MM,1022.8,.6,14.3,MM,MM,MM,MM
2025,11,26,2,0,330,5.0,6.0,MM,MM,MM,MM,1022.9,.9,14.3,MM,MM,+0.4,MM
2025,11,26,1,50,340,5.0,6.0,1.5,13,7.2,273,1022.8,.1,14.3,MM,MM,MM,MM
2025,11,26,1,40,340,5.0,6.0,MM,MM,MM,MM,1022.9,.5,14.3,MM,MM,MM,MM
2025,11,26,1,30,340,4.0,6.0,MM,MM,MM,MM,1022.8,.1,MM,MM,MM,MM,MM
2025,11,26,1,20,340,1.0,2.0,1.4,13,8.0,265,1022.7,.1,14.3,MM,MM,MM,MM
2025,11,26,1,10,360,1.0,1.0,MM,MM,MM,MM,1022.8,.1,14.4,MM,MM,MM,MM
2025,11,26,1,0,50,1.0,2.0,MM,MM,MM,MM,1022.8,.1,14.4,MM,MM,+0.0,MM
2025,11,26,0,50,MM,0.0,1.0,1.5,12,8.2,267,1022.8,.2,14.3,MM,MM,MM,MM
2025,11,26,0,40,MM,0.0,1.0,MM,MM,MM,MM,1022.8,.3,14.4,MM,MM,MM,MM
2025,11,26,0,30,30,1.0,1.0,MM,MM,MM,MM,1022.8,.4,14.4,MM,MM,MM,MM
2025,11,26,0,20,40,1.0,1.0,1.4,14,8.2,276,1022.8,.5,14.3,MM,MM,MM,MM
2025,11,26,0,10,10,1.0,1.0,1.4,MM,8.2,276,1022.7,.5,14.4,MM,MM,MM,MM
2025,11,26,0,0,320,1.0,2.0,MM,MM,MM,MM,1022.6,.6,14.4,MM,MM,-0.4,MM
2025,11,25,23,50,310,1.0,2.0,1.5,12,8.2,284,1022.8,.5,14.4,MM,MM,MM,MM
2025,11,25,23,40,320,2.0,2.0,MM,MM,MM,MM,1022.7,.3,14.4,MM,MM,MM,MM
2025,11,25,23,20,330,2.0,3.0,1.6,14,8.5,274,1022.8,.3,14.4,MM,MM,MM,MM
2025,11,25,23,10,320,2.0,2.0,1.6,MM,8.5,274,1022.8,.2,14.4,MM,MM,MM,MM
2025,11,25,23,0,320,2.0,3.0,MM,MM,MM,MM,1022.9,.1,14.4,MM,MM,-0.3,MM
2025,11,25,22,50,330,2.0,3.0,1.6,12,8.4,290,1022.9,.1,14.3,MM,MM,MM,MM
2025,11,25,22,40,320,2.0,3.0,MM,MM,MM,MM,1022.9,.0,14.3,MM,MM,MM,MM
2025,11,25,22,30,320,2.0,3.0,MM,MM,MM,MM,1022.9,.1,14.4,MM,MM,MM,MM
2025,11,25,22,20,320,1.0,2.0,1.7,14,8.2,274,1023.0,.1,14.3,MM,MM,MM,MM
2025,11,25,22,10,310,1.0,2.0,1.7,MM,8.2,274,1023.0,.1,14.3,MM,MM,MM,MM
2025,11,25,22,0,330,1.0,2.0,MM,MM,MM,MM,1023.1,.1,14.3,MM,MM,-1.0,MM
2025,11,25,21,50,10,1.0,2.0,1.7,13,8.0,286,1023.1,.1,14.3,MM,MM,MM,MM
2025,11,25,21,40,60,1.0,2.0,MM,MM,MM,MM,1023.1,.1,14.3,MM,MM,MM,MM
2025,11,25,21,30,40,1.0,2.0,MM,MM,MM,MM,1023.2,.1,14.3,MM,MM,MM,MM
2025,11,25,21,20,40,2.0,3.0,1.5,13,7.5,302,1023.2,.1,14.2,MM,MM,MM,MM
2025,11,25,21,10,40,2.0,3.0,1.5,MM,7.5,302,1023.3,.1,14.2,MM,MM,MM,MM
2025,11,25,21,0,30,2.0,4.0,MM,MM,MM,MM,1023.4,.1,14.2,MM,MM,-1.1,MM
2025,11,25,20,50,40,3.0,4.0,1.6,14,7.2,289,1023.4,.1,14.2,MM,MM,MM,MM
2025,11,25,20,40,50,4.0,6.0,MM,MM,MM,MM,1023.4,.0,14.2,MM,MM,MM,MM
2025,11,25,20,30,60,5.0,6.0,MM,MM,MM,MM,1023.5,.0,14.2,MM,MM,MM,MM
2025,11,25,20,20,60,5.0,7.0,1.7,14,7.0,280,1023.4,.0,14.2,MM,MM,MM,MM
2025,11,25,20,10,70,5.0,7.0,MM,MM,MM,MM,1023.5,.0,14.2,MM,MM,MM,MM
2025,11,25,20,0,70,6.0,7.0,MM,MM,MM,MM,1023.5,.7,14.2,MM,MM,-0.7,MM
2025,11,25,19,50,80,6.0,7.0,1.8,14,7.5,282,1023.5,.6,14.2,MM,MM,MM,MM
2025,11,25,19,40,80,6.0,7.0,MM,MM,MM,MM,1023.7,.3,14.2,MM,MM,MM,MM
2025,11,25,19,30,80,6.0,8.0,MM,MM,MM,MM,1024.0,.2,14.2,MM,MM,MM,MM
2025,11,25,19,20,80,5.0,7.0,MM,MM,MM,MM,1024.2,.9,14.2,MM,MM,MM,MM
2025,11,25,19,10,80,6.0,8.0,MM,MM,MM,MM,1024.4,.5,14.2,MM,MM,MM,MM
2025,11,25,19,0,90,6.0,8.0,MM,MM,MM,MM,1024.5,.9,MM,MM,MM,+0.7,MM
2025,11,25,18,50,120,2.0,6.0,1.8,14,8.1,282,1024.7,.2,14.2,MM,MM,MM,MM
2025,11,25,18,40,MM,0.0,2.0,1.8,MM,8.1,282,1024.9,.9,14.2,MM,MM,MM,MM
2025,11,25,18,30,360,1.0,2.0,MM,MM,MM,MM,1025.0,.8,14.2,MM,MM,MM,MM
2025,11,25,18,20,360,1.0,2.0,1.6,14,7.2,291,1025.0,.9,14.2,MM,MM,MM,MM
2025,11,25,18,10,350,2.0,2.0,1.6,MM,7.2,291,1024.9,.9,14.2,MM,MM,MM,MM
2025,11,25,18,0,10,1.0,3.0,MM,MM,MM,MM,1024.9,.0,14.2,MM,MM,+1.4,MM
2025,11,25,17,50,30,1.0,3.0,1.8,14,7.6,286,1024.9,.9,14.1,MM,MM,MM,MM
2025,11,25,17,40,20,3.0,4.0,MM,MM,MM,MM,1024.9,.0,14.1,MM,MM,MM,MM
2025,11,25,17,30,30,3.0,4.0,MM,MM,MM,MM,1024.8,.2,14.1,MM,MM,MM,MM
2025,11,25,17,20,20,3.0,4.0,1.8,14,7.0,284,1024.6,.2,14.1,MM,MM,MM,MM
2025,11,25,17,10,20,3.0,5.0,1.8,MM,7.0,284,1024.5,.6,14.1,MM,MM,MM,MM
2025,11,25,17,0,10,4.0,6.0,MM,MM,MM,MM,1024.4,.2,14.1,MM,MM,+6.7,MM
2025,11,25,16,50,40,5.0,7.0,1.7,15,6.7,284,1024.0,.7,14.1,MM,MM,MM,MM
2025,11,25,16,40,70,7.0,0.0,1.7,MM,6.7,284,1023.9,.6,14.1,MM,MM,MM,MM
2025,11,25,16,30,80,7.0,9.0,MM,MM,MM,MM,1023.9,.6,14.1,MM,MM,MM,MM
2025,11,25,16,20,70,6.0,8.0,1.7,14,6.7,289,1023.9,.7,14.1,MM,MM,MM,MM
2025,11,25,16,10,60,6.0,8.0,MM,MM,MM,MM,1023.9,.9,14.1,MM,MM,MM,MM
2025,11,25,16,0,70,7.0,8.0,MM,MM,MM,MM,1023.8,.0,14.1,MM,MM,+0.7,MM
2025,11,25,15,50,70,7.0,8.0,1.7,15,7.2,279,1023.7,.2,14.1,MM,MM,MM,MM
2025,11,25,15,40,70,7.0,9.0,MM,MM,MM,MM,1023.6,.3,14.1,MM,MM,MM,MM
2025,11,25,15,30,70,6.0,8.0,MM,MM,MM,MM,1023.5,.4,14.1,MM,MM,MM,MM
2025,11,25,15,20,70,5.0,7.0,1.7,14,7.9,282,1023.5,.2,14.1,MM,MM,MM,MM
2025,11,25,15,10,70,5.0,6.0,1.7,MM,7.9,282,1023.4,.1,14.1,MM,MM,MM,MM
2025,11,25,15,0,60,5.0,6.0,MM,MM,MM,MM,1023.5,.9,14.1,MM,MM,-0.0,MM
2025,11,25,14,50,60,4.0,6.0,1.8,13,8.5,287,1023.4,.9,14.1,MM,MM,MM,MM
2025,11,25,14,40,70,4.0,5.0,1.8,MM,8.5,287,1023.4,.9,14.1,MM,MM,MM,MM
2025,11,25,14,30,70,4.0,5.0,MM,MM,MM,MM,1023.2,.5,14.1,MM,MM,MM,MM
2025,11,25,14,20,60,3.0,5.0,1.9,15,8.7,289,1023.2,.5,14.1,MM,MM,MM,MM
2025,11,25,14,10,60,3.0,4.0,1.9,MM,8.7,289,1023.2,.0,14.1,MM,MM,MM,MM
2025,11,25,14,0,50,3.0,4.0,MM,MM,MM,MM,1023.1,.1,14.1,MM,MM,-6.0,MM
2025,11,25,13,50,40,3.0,4.0,1.6,15,7.9,286,1023.1,.8,14.1,MM,MM,MM,MM
2025,11,25,13,40,50,2.0,4.0,1.6,MM,7.9,286,1023.0,MM,14.1,MM,MM,MM,MM
2025,11,25,13,30,50,3.0,4.0,MM,MM,MM,MM,1023.0,.7,14.1,MM,MM,MM,MM
2025,11,25,13,20,40,2.0,4.0,1.8,15,8.4,283,1023.0,.4,14.1,MM,MM,MM,MM
2025,11,25,13,10,40,2.0,3.0,1.8,MM,8.4,283,1023.1,.5,14.1,MM,MM,MM,MM
2025,11,25,13,0,40,2.0,3.0,MM,MM,MM,MM,1023.2,.9,14.1,MM,MM,-0.6,MM
2025,11,25,12,50,40,2.0,3.0,1.8,14,8.2,299,1023.2,.2,14.1,MM,MM,MM,MM
2025,11,25,12,40,20,1.0,3.0,1.8,MM,8.2,299,1023.3,.8,14.1,MM,MM,MM,MM
2025,11,25,12,30,340,1.0,2.0,MM,MM,MM,MM,1023.3,.6,14.1,MM,MM,MM,MM
2025,11,25,12,20,310,2.0,3.0,1.6,15,7.9,276,1023.3,.9,14.1,MM,MM,MM,MM
2025,11,25,12,10,320,2.0,3.0,MM,MM,MM,MM,1023.3,.9,14.1,MM,MM,MM,MM
2025,11,25,12,0,300,1.0,2.0,MM,MM,MM,MM,1023.3,.0,14.1,MM,MM,-0.4,MM
2025,11,25,11,50,290,2.0,3.0,1.9,15,9.1,287,1023.3,.0,14.1,MM,MM,MM,MM
2025,11,25,11,40,320,2.0,3.0,MM,MM,MM,MM,1023.4,.2,14.1,MM,MM,MM,MM
2025,11,25,11,30,310,1.0,2.0,MM,MM,MM,MM,1023.4,.3,14.1,MM,MM,MM,MM
2025,11,25,11,20,300,2.0,2.0,1.8,15,8.7,285,1023.4,.3,14.1,MM,MM,MM,MM
2025,11,25,11,10,280,2.0,3.0,1.8,MM,8.7,285,1023.5,.4,14.1,MM,MM,MM,MM
2025,11,25,11,0,280,2.0,3.0,MM,MM,MM,MM,1023.7,.6,14.1,MM,MM,-0.9,MM
2025,11,25,10,50,280,1.0,2.0,1.9,15,8.9,287,1023.7,.7,14.1,MM,MM,MM,MM
2025,11,25,10,40,310,1.0,2.0,1.9,MM,8.9,287,1023.8,.8,14.1,MM,MM,MM,MM
2025,11,25,10,30,310,1.0,2.0,MM,MM,MM,MM,1023.7,.7,14.1,MM,MM,MM,MM
2025,11,25,10,20,310,1.0,2.0,1.7,14,8.5,292,1023.6,.8,14.0,MM,MM,MM,MM
2025,11,25,10,10,310,1.0,2.0,MM,MM,MM,MM,1023.6,.8,14.0,MM,MM,MM,MM
2025,11,25,10,0,290,2.0,3.0,MM,MM,MM,MM,1023.6,.9,MM,MM,MM,-1.3,MM
2025,11,25,9,50,340,1.0,2.0,1.9,15,8.7,296,1023.6,.2,14.0,MM,MM,MM,MM
2025,11,25,9,40,40,1.0,1.0,MM,MM,MM,MM,1023.5,.2,14.0,MM,MM,MM,MM
2025,11,25,9,30,40,2.0,3.0,MM,MM,MM,MM,1023.6,.0,14.0,MM,MM,MM,MM
2025,11,25,9,20,40,1.0,3.0,1.9,15,8.7,289,1023.6,.8,14.0,MM,MM,MM,MM
2025,11,25,9,10,40,1.0,2.0,1.9,MM,8.7,289,1023.6,.6,14.0,MM,MM,MM,MM
2025,11,25,9,0,50,2.0,3.0,MM,MM,MM,MM,1023.6,.5,14.0,MM,MM,-1.1,MM
2025,11,25,8,50,60,3.0,4.0,1.7,15,8.2,286,1023.7,.5,14.0,MM,MM,MM,MM
2025,11,25,8,40,50,3.0,4.0,MM,MM,MM,MM,1023.9,.8,14.0,MM,MM,MM,MM
2025,11,25,8,30,30,2.0,4.0,MM,MM,MM,MM,1023.8,.9,14.0,MM,MM,MM,MM
2025,11,25,8,20,20,3.0,4.0,2.0,15,8.9,275,1023.8,.1,14.0,MM,MM,MM,MM
2025,11,25,8,10,10,3.0,4.0,2.0,MM,8.9,275,1023.9,.3,14.0,MM,MM,MM,MM
2025,11,25,8,0,360,3.0,5.0,MM,MM,MM,MM,1024.0,.7,14.0,MM,MM,+0.0,MM
2025,11,25,7,50,360,4.0,5.0,1.8,15,8.0,283,1024.2,.9,14.0,MM,MM,MM,MM
2025,11,25,7,40,360,4.0,5.0,MM,MM,MM,MM,1024.3,.0,14.0,MM,MM,MM,MM
2025,11,25,7,30,340,4.0,6.0,MM,MM,MM,MM,1023.3,.1,MM,MM,MM,MM,MM
2025,11,25,7,20,350,4.0,5.0,2.0,15,8.6,282,1024.3,.4,14.0,MM,MM,MM,MM
2025,11,25,7,10,350,4.0,5.0,2.0,MM,8.6,282,1024.3,.5,14.1,MM,MM,MM,MM
2025,11,25,7,0,350,4.0,5.0,MM,MM,MM,MM,1024.4,.5,14.1,MM,MM,+1.0,MM
2025,11,25,6,50,330,5.0,6.0,2.1,15,8.3,276,1024.5,.5,14.1,MM,MM,MM,MM
2025,11,25,6,40,330,5.0,6.0,2.1,MM,8.3,276,1024.5,.5,14.1,MM,MM,MM,MM
2025,11,25,6,30,330,5.0,6.0,MM,MM,MM,MM,1024.5,.5,14.1,MM,MM,MM,MM
2025,11,25,6,20,330,5.0,6.0,2.0,15,7.8,274,1024.4,.5,14.1,MM,MM,MM,MM
2025,11,25,6,10,320,6.0,7.0,MM,MM,MM,MM,1024.3,.3,14.1,MM,MM,MM,MM
2025,11,25,6,0,320,6.0,8.0,MM,MM,MM,MM,1024.1,.0,14.1,MM,MM,-0.0,MM
2025,11,25,5,50,320,7.0,9.0,1.9,15,8.0,274,1024.2,.7,14.1,MM,MM,MM,MM
2025,11,25,5,40,310,7.0,8.0,MM,MM,MM,MM,1024.3,.2,14.1,MM,MM,MM,MM
2025,11,25,5,30,320,6.0,7.0,MM,MM,MM,MM,1024.2,.9,14.1,MM,MM,MM,MM
2025,11,25,5,20,320,6.0,8.0,2.0,15,7.9,270,1024.1,.6,14.1,MM,MM,MM,MM
2025,11,25,5,10,320,7.0,8.0,2.0,MM,7.9,270,1024.0,.3,14.1,MM,MM,MM,MM
2025,11,25,5,0,320,6.0,8.0,MM,MM,MM,MM,1023.9,.2,14.1,MM,MM,-0.5,MM
2025,11,25,4,50,320,6.0,8.0,2.0,16,8.1,283,1024.0,.2,14.1,MM,MM,MM,MM
2025,11,25,4,40,320,7.0,8.0,MM,MM,MM,MM,1024.0,.2,14.1,MM,MM,MM,MM
2025,11,25,4,30,320,6.0,8.0,MM,MM,MM,MM,1023.9,.2,14.1,MM,MM,MM,MM
2025,11,25,4,20,320,5.0,7.0,2.1,15,8.3,285,1023.7,.3,14.1,MM,MM,MM,MM
2025,11,25,4,10,310,5.0,7.0,2.1,MM,8.3,285,1023.7,.2,14.1,MM,MM,MM,MM
2025,11,25,4,0,300,5.0,6.0,MM,MM,MM,MM,1023.4,.3,14.1,MM,MM,-0.9,MM
2025,11,25,3,50,310,5.0,6.0,2.0,14,8.0,283,1023.6,.4,14.2,MM,MM,MM,MM
2025,11,25,3,40,320,6.0,7.0,MM,MM,MM,MM,1023.9,.4,14.2,MM,MM,MM,MM
2025,11,25,3,30,320,6.0,8.0,MM,MM,MM,MM,1023.9,.5,14.2,MM,MM,MM,MM
2025,11,25,3,20,320,6.0,7.0,2.0,15,7.9,276,1023.9,.6,14.2,MM,MM,MM,MM
2025,11,25,3,10,320,6.0,8.0,2.0,MM,7.9,276,1024.0,.6,14.2,MM,MM,MM,MM
2025,11,25,3,0,320,6.0,8.0,MM,MM,MM,MM,1023.9,.7,14.2,MM,MM,-0.8,MM
2025,11,25,2,50,320,6.0,7.0,2.0,16,7.7,283,1023.9,.7,14.2,MM,MM,MM,MM
2025,11,25,2,40,320,6.0,7.0,2.0,MM,7.7,283,1023.9,.9,14.2,MM,MM,MM,MM
2025,11,25,2,30,320,6.0,9.0,MM,MM,MM,MM,1023.8,.9,14.2,MM,MM,MM,MM
2025,11,25,2,20,310,7.0,9.0,2.0,16,7.5,266,1023.8,.8,14.2,MM,MM,MM,MM
2025,11,25,2,10,320,8.0,0.0,2.0,MM,7.5,266,1023.8,.0,14.2,MM,MM,MM,MM
2025,11,25,2,0,310,8.0,0.0,MM,MM,MM,MM,1023.8,.2,14.2,MM,MM,-0.7,MM
2025,11,25,1,50,310,7.0,9.0,2.3,15,8.4,277,1023.9,.4,14.2,MM,MM,MM,MM
2025,11,25,1,40,310,8.0,9.0,2.3,MM,8.4,277,1023.7,.7,14.2,MM,MM,MM,MM
2025,11,25,1,30,310,7.0,9.0,MM,MM,MM,MM,1023.6,.0,14.2,MM,MM,MM,MM
2025,11,25,1,20,310,6.0,8.0,2.1,15,8.3,284,1023.5,.1,14.2,MM,MM,MM,MM
2025,11,25,1,10,310,6.0,8.0,2.1,MM,8.3,284,1023.4,.1,14.2,MM,MM,MM,MM
2025,11,25,1,0,310,6.0,7.0,MM,MM,MM,MM,1023.3,.2,14.2,MM,MM,-0.5,MM
2025,11,25,0,50,310,5.0,7.0,2.2,14,9.0,281,1023.4,.3,14.2,MM,MM,MM,MM
2025,11,25,0,40,320,5.0,6.0,2.2,MM,9.0,281,1023.4,.4,14.2,MM,MM,MM,MM
2025,11,25,0,30,320,5.0,6.0,MM,MM,MM,MM,1023.5,.4,14.2,MM,MM,MM,MM
2025,11,25,0,20,320,5.0,7.0,2.3,15,9.2,279,1023.7,.4,14.2,MM,MM,MM,MM
2025,11,25,0,10,320,6.0,7.0,2.3,MM,9.2,279,1023.7,.4,14.3,MM,MM,MM,MM
2025,11,25,0,0,330,6.0,7.0,MM,MM,MM,MM,1023.8,.5,MM,MM,MM,-0.9,MM
2025,11,24,23,50,330,6.0,7.0,2.3,14,9.4,288,1023.9,.5,14.3,MM,MM,MM,MM
2025,11,24,23,40,330,5.0,7.0,MM,MM,MM,MM,1023.9,.5,14.3,MM,MM,MM,MM
2025,11,24,23,30,330,6.0,7.0,MM,MM,MM,MM,1023.9,.5,14.4,MM,MM,MM,MM
2025,11,24,23,20,330,5.0,7.0,2.3,14,0.0,282,1024.0,.5,14.3,MM,MM,MM,MM
2025,11,24,23,10,330,5.0,6.0,2.3,MM,0.0,282,1024.0,.5,14.3,MM,MM,MM,MM
2025,11,24,23,0,320,5.0,6.0,MM,MM,MM,MM,1023.9,.4,14.4,MM,MM,-1.3,MM
2025,11,24,22,50,320,4.0,5.0,2.1,15,9.4,283,1023.9,.3,14.3,MM,MM,MM,MM
2025,11,24,22,40,330,4.0,5.0,MM,MM,MM,MM,1023.9,.3,14.3,MM,MM,MM,MM
2025,11,24,22,30,340,4.0,5.0,MM,MM,MM,MM,1023.9,.3,14.2,MM,MM,MM,MM
2025,11,24,22,20,340,5.0,6.0,2.4,15,0.3,283,1023.9,.2,14.3,MM,MM,MM,MM
2025,11,24,22,10,340,4.0,5.0,2.4,MM,0.3,283,1023.9,.2,14.2,MM,MM,MM,MM
2025,11,24,22,0,330,4.0,6.0,MM,MM,MM,MM,1024.0,.1,14.2,MM,MM,-2.2,MM
2025,11,24,21,50,340,4.0,5.0,2.2,15,9.9,285,1024.1,.1,14.4,MM,MM,MM,MM
2025,11,24,21,40,330,4.0,5.0,MM,MM,MM,MM,1024.2,.0,14.1,MM,MM,MM,MM
2025,11,24,21,30,330,3.0,4.0,MM,MM,MM,MM,1024.3,.0,14.3,MM,MM,MM,MM
2025,11,24,21,20,320,3.0,4.0,2.2,15,9.6,279,1024.4,.0,14.2,MM,MM,MM,MM
2025,11,24,21,10,310,2.0,3.0,MM,MM,MM,MM,1024.5,.0,14.4,MM,MM,MM,MM
2025,11,24,21,0,MM,0.0,1.0,MM,MM,MM,MM,1024.7,.2,14.2,MM,MM,-1.3,MM
2025,11,24,20,50,MM,0.0,1.0,2.3,15,0.2,295,1024.8,.9,14.2,MM,MM,MM,MM
2025,11,24,20,40,MM,0.0,1.0,MM,MM,MM,MM,1025.0,.8,14.3,MM,MM,MM,MM
2025,11,24,20,30,MM,0.0,1.0,MM,MM,MM,MM,1025.0,.7,14.2,MM,MM,MM,MM
2025,11,24,20,20,MM,0.0,1.0,2.0,15,8.9,285,1025.1,.7,MM,MM,MM,MM,MM
2025,11,24,20,10,MM,0.0,1.0,MM,MM,MM,MM,1025.1,.4,14.2,MM,MM,MM,MM
2025,11,24,20,0,MM,0.0,1.0,MM,MM,MM,MM,1025.3,.5,14.3,MM,MM,-0.5,MM
2025,11,24,19,50,360,1.0,2.0,2.4,16,9.9,294,1025.5,.3,14.2,MM,MM,MM,MM
2025,11,24,19,40,40,1.0,2.0,MM,MM,MM,MM,1025.6,.4,14.2,MM,MM,MM,MM
2025,11,24,19,30,60,1.0,2.0,MM,MM,MM,MM,1025.7,.4,14.2,MM,MM,MM,MM
2025,11,24,19,20,70,1.0,3.0,2.4,15,9.5,290,1025.7,.4,14.2,MM,MM,MM,MM
2025,11,24,19,10,70,1.0,3.0,2.4,MM,9.5,290,1025.9,.3,14.1,MM,MM,MM,MM
2025,11,24,19,0,70,2.0,4.0,MM,MM,MM,MM,1026.0,.2,14.2,MM,MM,+0.5,MM
2025,11,24,18,50,70,2.0,3.0,2.3,16,9.6,285,1026.0,.1,14.2,MM,MM,MM,MM
2025,11,24,18,40,60,2.0,3.0,MM,MM,MM,MM,1026.0,.0,14.1,MM,MM,MM,MM
2025,11,24,18,30,70,2.0,4.0,MM,MM,MM,MM,1026.0,.0,14.2,MM,MM,MM,MM
2025,11,24,18,20,60,3.0,5.0,2.6,MM,0.0,286,1026.1,.0,14.2,MM,MM,MM,MM
2025,11,24,18,10,60,3.0,4.0,2.6,MM,0.0,286,1026.0,.0,14.2,MM,MM,MM,MM
2025,11,24,18,0,60,3.0,5.0,MM,MM,MM,MM,1026.0,.9,14.1,MM,MM,+1.2,MM
2025,11,24,17,50,60,3.0,5.0,2.4,15,9.6,284,1025.9,.9,14.2,MM,MM,MM,MM
2025,11,24,17,40,60,3.0,5.0,2.4,MM,9.6,284,1025.9,.9,14.2,MM,MM,MM,MM
2025,11,24,17,30,70,3.0,4.0,MM,MM,MM,MM,1026.0,.9,14.2,MM,MM,MM,MM
2025,11,24,17,20,60,3.0,5.0,2.1,15,8.7,289,1025.9,.8,14.2,MM,MM,MM,MM
2025,11,24,17,10,60,4.0,5.0,2.1,MM,8.7,289,1025.9,.9,14.2,MM,MM,MM,MM
2025,11,24,17,0,60,4.0,5.0,MM,MM,MM,MM,1025.9,MM,14.1,MM,MM,+1.7,MM
2025,11,24,16,50,80,4.0,5.0,2.4,15,9.4,286,1025.7,MM,14.1,MM,MM,MM,MM
2025,11,24,16,40,70,4.0,5.0,MM,MM,MM,MM,1025.6,MM,14.1,MM,MM,MM,MM
2025,11,24,16,30,80,4.0,6.0,MM,MM,MM,MM,1025.5,.9,14.1,MM,MM,MM,MM
2025,11,24,16,20,80,4.0,6.0,2.1,16,8.6,285,1025.5,.9,14.1,MM,MM,MM,MM
2025,11,24,16,10,70,4.0,5.0,2.1,MM,8.6,285,1025.5,.9,14.1,MM,MM,MM,MM
2025,11,24,16,0,70,4.0,5.0,MM,MM,MM,MM,1025.5,.9,14.1,MM,MM,+1.6,MM
2025,11,24,15,50,60,4.0,5.0,2.1,15,8.6,291,1025.5,.0,14.1,MM,MM,MM,MM
2025,11,24,15,40,60,3.0,4.0,2.1,MM,8.6,291,1025.3,.0,14.1,MM,MM,MM,MM
2025,11,24,15,30,70,3.0,5.0,MM,MM,MM,MM,1025.3,.0,14.1,MM,MM,MM,MM
2025,11,24,15,20,70,3.0,5.0,2.4,16,9.7,285,1025.0,.9,14.1,MM,MM,MM,MM
2025,11,24,15,10,60,3.0,5.0,2.4,MM,9.7,285,1025.1,.8,14.1,MM,MM,MM,MM
2025,11,24,15,0,60,3.0,5.0,MM,MM,MM,MM,1024.8,.7,14.1,MM,MM,+1.1,MM
2025,11,24,14,50,60,3.0,5.0,2.4,14,9.7,289,1024.9,.7,14.1,MM,MM,MM,MM
2025,11,24,14,40,60,4.0,6.0,2.4,MM,9.7,289,1024.8,.8,14.1,MM,MM,MM,MM
2025,11,24,14,30,60,4.0,5.0,MM,MM,MM,MM,1024.6,.7,14.1,MM,MM,MM,MM
2025,11,24,14,20,60,4.0,6.0,2.3,13,9.5,293,1024.6,.7,14.1,MM,MM,MM,MM
2025,11,24,14,10,70,4.0,6.0,2.3,MM,9.5,293,1024.3,.9,14.1,MM,MM,MM,MM
2025,11,24,14,0,70,4.0,5.0,MM,MM,MM,MM,1024.2,.0,14.1,MM,MM,+0.4,MM
2025,11,24,13,50,80,3.0,5.0,2.2,14,9.6,296,1024.0,.1,14.1,MM,MM,MM,MM
2025,11,24,13,40,80,3.0,4.0,MM,MM,MM,MM,1024.0,.2,14.1,MM,MM,MM,MM
2025,11,24,13,30,90,3.0,4.0,MM,MM,MM,MM,1023.9,.5,14.1,MM,MM,MM,MM
2025,11,24,13,20,40,2.0,3.0,2.3,16,9.5,285,1024.0,.6,14.1,MM,MM,MM,MM
2025,11,24,13,10,60,2.0,3.0,2.3,MM,9.5,285,1024.0,.5,14.1,MM,MM,MM,MM
2025,11,24,13,0,60,2.0,4.0,MM,MM,MM,MM,1023.9,.6,14.1,MM,MM,+0.4,MM
2025,11,24,12,50,40,2.0,4.0,2.2,16,9.3,284,1023.9,.7,14.1,MM,MM,MM,MM
2025,11,24,12,40,10,3.0,4.0,MM,MM,MM,MM,1023.8,.7,14.1,MM,MM,MM,MM
2025,11,24,12,30,10,2.0,3.0,MM,MM,MM,MM,1023.9,.7,14.1,MM,MM,MM,MM
2025,11,24,12,20,20,2.0,3.0,2.5,16,9.5,284,1023.9,.7,14.1,MM,MM,MM,MM
2025,11,24,12,10,20,3.0,4.0,2.5,MM,9.5,284,1023.8,.7,14.1,MM,MM,MM,MM
2025,11,24,12,0,360,3.0,4.0,MM,MM,MM,MM,1023.8,.8,14.1,MM,MM,+0.4,MM
2025,11,24,11,50,360,3.0,4.0,2.6,16,9.3,291,1023.9,.7,14.1,MM,MM,MM,MM
2025,11,24,11,40,20,2.0,3.0,MM,MM,MM,MM,1023.9,.7,14.1,MM,MM,MM,MM
2025,11,24,11,30,20,2.0,3.0,MM,MM,MM,MM,1023.8,.7,14.1,MM,MM,MM,MM
2025,11,24,11,20,40,2.0,4.0,2.4,14,9.4,283,1023.7,.7,14.1,MM,MM,MM,MM
2025,11,24,11,10,30,2.0,3.0,2.4,MM,9.4,283,1023.7,.6,14.1,MM,MM,MM,MM
2025,11,24,11,0,40,3.0,4.0,MM,MM,MM,MM,1023.7,.5,14.1,MM,MM,+0.4,MM
2025,11,24,10,50,40,3.0,4.0,2.2,14,8.3,290,1023.6,.4,14.1,MM,MM,MM,MM
2025,11,24,10,40,30,4.0,5.0,MM,MM,MM,MM,1023.6,.5,14.1,MM,MM,MM,MM
2025,11,24,10,30,20,4.0,5.0,MM,MM,MM,MM,1023.5,.6,14.1,MM,MM,MM,MM
2025,11,24,10,20,10,4.0,5.0,2.5,14,8.9,292,1023.5,.4,14.1,MM,MM,MM,MM
2025,11,24,10,10,360,5.0,6.0,2.5,MM,8.9,292,1023.5,.4,14.1,MM,MM,MM,MM
2025,11,24,10,0,350,4.0,5.0,MM,MM,MM,MM,1023.4,.5,14.1,MM,MM,+0.3,MM
2025,11,24,9,50,350,5.0,6.0,2.5,14,8.7,298,1023.5,.5,14.1,MM,MM,MM,MM
2025,11,24,9,40,350,5.0,6.0,MM,MM,MM,MM,1023.4,.6,14.1,MM,MM,MM,MM
2025,11,24,9,30,340,6.0,7.0,MM,MM,MM,MM,1023.3,.8,14.1,MM,MM,MM,MM
2025,11,24,9,20,340,6.0,7.0,2.6,15,8.4,284,1023.4,.8,14.1,MM,MM,MM,MM
2025,11,24,9,10,340,5.0,7.0,2.6,MM,8.4,284,1023.5,.9,14.1,MM,MM,MM,MM
2025,11,24,9,0,340,5.0,6.0,MM,MM,MM,MM,1023.4,.9,14.1,MM,MM,+0.0,MM
2025,11,24,8,50,350,4.0,5.0,2.3,15,7.7,286,1023.5,.9,14.1,MM,MM,MM,MM
2025,11,24,8,40,350,4.0,6.0,2.3,MM,7.7,286,1023.5,.9,14.1,MM,MM,MM,MM
2025,11,24,8,30,350,4.0,6.0,MM,MM,MM,MM,1023.4,.0,14.1,MM,MM,MM,MM
2025,11,24,8,20,350,5.0,9.0,MM,MM,MM,MM,1023.4,.5,14.1,MM,MM,MM,MM
2025,11,24,8,10,320,8.0,0.0,MM,MM,MM,MM,1023.3,.7,14.1,MM,MM,MM,MM
2025,11,24,8,0,320,8.0,0.0,MM,MM,MM,MM,1023.3,.7,14.1,MM,MM,+0.0,MM
2025,11,24,7,50,320,9.0,1.0,2.5,16,7.5,270,1023.3,.7,14.1,MM,MM,MM,MM
2025,11,24,7,40,310,9.0,0.0,2.5,MM,7.5,270,1023.4,.8,14.1,MM,MM,MM,MM
2025,11,24,7,30,310,8.0,1.0,MM,MM,MM,MM,1023.4,.7,14.1,MM,MM,MM,MM
2025,11,24,7,20,310,9.0,1.0,2.5,15,7.4,291,1023.4,.7,14.2,MM,MM,MM,MM
2025,11,24,7,10,310,9.0,2.0,2.5,MM,7.4,291,1023.2,.7,14.2,MM,MM,MM,MM
2025,11,24,7,0,310,8.0,1.0,MM,MM,MM,MM,1023.2,.7,14.2,MM,MM,+0.5,MM
2025,11,24,6,50,310,8.0,1.0,2.6,16,8.0,287,1023.2,.7,14.2,MM,MM,MM,MM
2025,11,24,6,40,310,9.0,1.0,MM,MM,MM,MM,1023.2,.6,14.2,MM,MM,MM,MM
2025,11,24,6,30,310,8.0,0.0,MM,MM,MM,MM,1023.1,.6,14.2,MM,MM,MM,MM
2025,11,24,6,20,300,8.0,0.0,2.6,15,8.1,288,1023.2,.6,14.2,MM,MM,MM,MM
2025,11,24,6,10,300,8.0,0.0,2.6,MM,8.1,288,1023.1,.5,14.2,MM,MM,MM,MM
2025,11,24,6,0,300,8.0,0.0,MM,MM,MM,MM,1023.1,.6,14.2,MM,MM,+0.8,MM
2025,11,24,5,50,300,8.0,0.0,2.7,15,8.1,270,1023.2,.6,14.2,MM,MM,MM,MM
2025,11,24,5,40,300,8.0,0.0,MM,MM,MM,MM,1023.2,.6,14.2,MM,MM,MM,MM
2025,11,24,5,30,310,7.0,9.0,MM,MM,MM,MM,1023.2,.6,14.2,MM,MM,MM,MM
2025,11,24,5,20,310,8.0,9.0,3.0,15,8.8,285,1023.1,.6,14.2,MM,MM,MM,MM
2025,11,24,5,10,310,8.0,0.0,3.0,MM,8.8,285,1023.1,.7,14.2,MM,MM,MM,MM
2025,11,24,5,0,310,8.0,0.0,MM,MM,MM,MM,1023.1,.7,14.2,MM,MM,+0.9,MM
2025,11,24,4,50,310,8.0,0.0,2.5,16,8.1,294,1023.1,.6,14.2,MM,MM,MM,MM
2025,11,24,4,40,310,8.0,0.0,MM,MM,MM,MM,1022.9,.6,14.2,MM,MM,MM,MM
2025,11,24,4,30,310,8.0,9.0,MM,MM,MM,MM,1022.8,.6,14.2,MM,MM,MM,MM
2025,11,24,4,20,310,8.0,0.0,2.9,15,8.9,281,1022.7,.6,14.2,MM,MM,MM,MM
2025,11,24,4,10,310,8.0,0.0,2.9,MM,8.9,281,1022.7,.6,14.2,MM,MM,MM,MM
2025,11,24,4,0,310,8.0,0.0,MM,MM,MM,MM,1022.6,.7,14.3,MM,MM,+1.0,MM
2025,11,24,3,50,320,7.0,9.0,2.7,15,8.5,282,1022.6,.6,14.3,MM,MM,MM,MM
2025,11,24,3,40,320,7.0,9.0,MM,MM,MM,MM,1022.5,.6,14.3,MM,MM,MM,MM
2025,11,24,3,30,320,8.0,0.0,MM,MM,MM,MM,1022.6,.6,14.3,MM,MM,MM,MM
2025,11,24,3,20,320,7.0,9.0,2.5,16,8.6,283,1022.5,.6,14.3,MM,MM,MM,MM
2025,11,24,3,10,320,7.0,9.0,2.5,MM,8.6,283,1022.5,.5,14.3,MM,MM,MM,MM
2025,11,24,3,0,320,7.0,9.0,MM,MM,MM,MM,1022.4,.5,14.3,MM,MM,+0.8,MM
2025,11,24,2,50,320,8.0,0.0,2.4,16,8.7,283,1022.4,.5,14.3,MM,MM,MM,MM
2025,11,24,2,40,320,8.0,9.0,MM,MM,MM,MM,1022.3,.5,14.3,MM,MM,MM,MM
2025,11,24,2,30,320,7.0,9.0,MM,MM,MM,MM,1022.3,.4,14.3,MM,MM,MM,MM
2025,11,24,2,20,320,4.0,8.0,2.6,16,9.3,277,1022.2,.0,14.3,MM,MM,MM,MM
2025,11,24,2,10,320,5.0,6.0,2.6,MM,9.3,277,1022.3,.9,14.3,MM,MM,MM,MM
2025,11,24,2,0,320,4.0,5.0,MM,MM,MM,MM,1022.2,.8,14.3,MM,MM,+1.0,MM
2025,11,24,1,50,320,4.0,5.0,2.8,16,9.4,276,1022.2,.8,14.3,MM,MM,MM,MM
2025,11,24,1,40,330,5.0,6.0,MM,MM,MM,MM,1022.0,.7,14.3,MM,MM,MM,MM
2025,11,24,1,30,330,5.0,6.0,MM,MM,MM,MM,1021.8,.7,14.3,MM,MM,MM,MM
2025,11,24,1,20,330,5.0,6.0,2.5,16,9.0,283,1021.8,.8,14.3,MM,MM,MM,MM
2025,11,24,1,10,340,5.0,7.0,2.5,MM,9.0,283,1021.7,.7,14.3,MM,MM,MM,MM
2025,11,24,1,0,340,5.0,6.0,MM,MM,MM,MM,1021.6,.7,14.3,MM,MM,+0.7,MM
2025,11,24,0,50,340,6.0,7.0,2.7,16,9.3,273,1021.6,.6,14.3,MM,MM,MM,MM
2025,11,24,0,40,330,6.0,7.0,MM,MM,MM,MM,1021.5,.5,14.3,MM,MM,MM,MM
2025,11,24,0,30,340,6.0,7.0,MM,MM,MM,MM,1021.5,.4,14.3,MM,MM,MM,MM
2025,11,24,0,20,340,6.0,9.0,2.5,15,8.7,278,1021.6,.4,14.3,MM,MM,MM,MM
2025,11,24,0,10,320,6.0,8.0,2.5,MM,8.7,278,1021.6,.4,14.3,MM,MM,MM,MM
2025,11,24,0,0,320,6.0,8.0,MM,MM,MM,MM,1021.5,.4,14.3,MM,MM,+0.7,MM
2025,11,23,23,50,310,5.0,8.0,2.5,16,9.1,274,1021.6,.4,14.3,MM,MM,MM,MM
2025,11,23,23,40,320,5.0,8.0,MM,MM,MM,MM,1021.5,.5,14.3,MM,MM,MM,MM
2025,11,23,23,30,320,5.0,7.0,MM,MM,MM,MM,1021.4,.6,14.3,MM,MM,MM,MM
2025,11,23,23,20,310,5.0,7.0,2.5,16,9.3,282,1021.4,.6,14.3,MM,MM,MM,MM
2025,11,23,23,10,310,4.0,7.0,2.5,MM,9.3,282,1021.2,.7,14.3,MM,MM,MM,MM
2025,11,23,23,0,320,4.0,6.0,MM,MM,MM,MM,1021.2,.8,14.3,MM,MM,+0.0,MM
2025,11,23,22,50,320,4.0,6.0,2.5,16,9.1,280,1021.1,.9,14.3,MM,MM,MM,MM
2025,11,23,22,40,330,4.0,5.0,MM,MM,MM,MM,1021.1,.0,14.3,MM,MM,MM,MM
2025,11,23,22,30,320,3.0,4.0,MM,MM,MM,MM,1021.0,.0,14.3,MM,MM,MM,MM
2025,11,23,22,20,330,2.0,4.0,2.4,16,8.9,272,1021.0,.0,14.3,MM,MM,MM,MM
2025,11,23,22,10,310,3.0,4.0,2.4,MM,8.9,272,1021.0,.0,14.3,MM,MM,MM,MM
2025,11,23,22,0,320,2.0,3.0,MM,MM,MM,MM,1021.0,.8,14.3,MM,MM,-0.5,MM
2025,11,23,21,50,330,2.0,4.0,2.6,16,9.2,279,1020.9,.7,14.3,MM,MM,MM,MM
2025,11,23,21,40,340,3.0,5.0,MM,MM,MM,MM,1020.9,.5,14.3,MM,MM,MM,MM
2025,11,23,21,30,330,3.0,5.0,MM,MM,MM,MM,1020.8,.5,14.3,MM,MM,MM,MM
2025,11,23,21,20,320,3.0,5.0,2.6,15,9.2,291,1020.8,.4,14.3,MM,MM,MM,MM
2025,11,23,21,10,310,4.0,6.0,2.6,MM,9.2,291,1020.9,.4,14.3,MM,MM,MM,MM
2025,11,23,21,0,310,4.0,6.0,MM,MM,MM,MM,1021.0,.4,14.3,MM,MM,-0.5,MM
2025,11,23,20,50,310,4.0,5.0,2.6,16,9.1,284,1020.8,.4,14.3,MM,MM,MM,MM
2025,11,23,20,40,310,4.0,6.0,2.6,MM,9.1,284,1020.8,.5,14.3,MM,MM,MM,MM
2025,11,23,20,30,310,4.0,5.0,MM,MM,MM,MM,1020.8,.6,14.3,MM,MM,MM,MM
2025,11,23,20,20,310,4.0,6.0,2.4,15,8.6,291,1020.9,.7,14.3,MM,MM,MM,MM
2025,11,23,20,10,320,3.0,5.0,2.4,MM,8.6,291,1020.9,.7,14.3,MM,MM,MM,MM
2025,11,23,20,0,340,3.0,4.0,MM,MM,MM,MM,1021.0,.6,14.3,MM,MM,+0.0,MM
2025,11,23,19,50,340,2.0,4.0,2.5,14,9.2,290,1021.2,.6,14.3,MM,MM,MM,MM
2025,11,23,19,40,320,2.0,4.0,2.5,MM,9.2,290,1021.2,.5,14.3,MM,MM,MM,MM
2025,11,23,19,30,330,2.0,4.0,MM,MM,MM,MM,1021.3,.5,14.3,MM,MM,MM,MM
2025,11,23,19,20,300,3.0,5.0,2.7,16,9.3,294,1021.4,.4,14.3,MM,MM,MM,MM
2025,11,23,19,10,300,3.0,5.0,2.7,MM,9.3,294,1021.4,.5,14.3,MM,MM,MM,MM
2025,11,23,19,0,280,2.0,4.0,MM,MM,MM,MM,1021.6,.4,14.3,MM,MM,+1.4,MM
2025,11,23,18,50,310,3.0,5.0,2.8,13,8.7,296,1021.6,.5,14.3,MM,MM,MM,MM
2025,11,23,18,40,340,2.0,4.0,MM,MM,MM,MM,1021.6,.6,14.3,MM,MM,MM,MM
2025,11,23,18,30,50,1.0,2.0,MM,MM,MM,MM,1021.6,.5,14.3,MM,MM,MM,MM
2025,11,23,18,20,340,2.0,3.0,2.7,16,9.2,281,1021.6,.5,14.3,MM,MM,MM,MM
2025,11,23,18,10,310,2.0,3.0,MM,MM,MM,MM,1021.5,.6,14.3,MM,MM,MM,MM
2025,11,23,18,0,330,1.0,2.0,MM,MM,MM,MM,1021.4,.6,14.3,MM,MM,+2.0,MM
2025,11,23,17,50,310,1.0,3.0,2.6,14,8.7,293,1021.3,.6,14.3,MM,MM,MM,MM
2025,11,23,17,40,MM,0.0,2.0,2.6,MM,8.7,293,1021.3,.6,14.2,MM,MM,MM,MM
2025,11,23,17,30,100,1.0,3.0,MM,MM,MM,MM,1021.2,.5,14.2,MM,MM,MM,MM
2025,11,23,17,20,60,2.0,4.0,3.1,15,9.5,294,1021.1,.5,14.2,MM,MM,MM,MM
2025,11,23,17,10,30,2.0,4.0,3.1,MM,9.5,294,1021.0,.5,14.2,MM,MM,MM,MM
2025,11,23,17,0,70,2.0,4.0,MM,MM,MM,MM,1020.9,.6,14.2,MM,MM,+2.1,MM
2025,11,23,16,50,70,1.0,4.0,2.8,16,8.8,284,1020.8,.6,14.2,MM,MM,MM,MM
2025,11,23,16,40,60,1.0,3.0,MM,MM,MM,MM,1020.6,.6,14.2,MM,MM,MM,MM
2025,11,23,16,30,50,1.0,3.0,MM,MM,MM,MM,1020.7,.6,MM,MM,MM,MM,MM
2025,11,23,16,20,360,2.0,3.0,3.2,15,9.7,295,1020.5,.6,14.2,MM,MM,MM,MM
2025,11,23,16,10,10,2.0,3.0,3.2,MM,9.7,295,1020.3,.6,14.2,MM,MM,MM,MM
2025,11,23,16,0,340,2.0,3.0,MM,MM,MM,MM,1020.2,.7,14.2,MM,MM,+1.6,MM
2025,11,23,15,50,30,2.0,3.0,3.0,15,9.2,297,1020.0,.7,14.2,MM,MM,MM,MM
2025,11,23,15,40,60,2.0,4.0,MM,MM,MM,MM,1020.0,.6,14.2,MM,MM,MM,MM
2025,11,23,15,30,20,2.0,4.0,MM,MM,MM,MM,1019.9,.6,14.2,MM,MM,MM,MM
2025,11,23,15,20,340,3.0,5.0,2.8,15,8.8,293,1019.8,.6,14.3,MM,MM,MM,MM
2025,11,23,15,10,320,2.0,3.0,2.8,MM,8.8,293,1019.7,.5,14.3,MM,MM,MM,MM
2025,11,23,15,0,360,2.0,5.0,MM,MM,MM,MM,1019.5,.5,14.3,MM,MM,+1.1,MM
2025,11,23,14,50,320,2.0,4.0,2.9,15,8.9,293,1019.4,.5,14.3,MM,MM,MM,MM
2025,11,23,14,40,330,3.0,6.0,MM,MM,MM,MM,1019.4,.6,14.3,MM,MM,MM,MM
2025,11,23,14,30,330,2.0,3.0,MM,MM,MM,MM,1019.2,.6,14.3,MM,MM,MM,MM
2025,11,23,14,20,20,2.0,3.0,3.0,15,9.2,291,1019.2,.5,14.3,MM,MM,MM,MM
2025,11,23,14,10,10,2.0,4.0,3.0,MM,9.2,291,1019.0,.4,14.3,MM,MM,MM,MM
2025,11,23,14,0,10,2.0,5.0,MM,MM,MM,MM,1018.9,.4,14.3,MM,MM,+0.5,MM
2025,11,23,13,50,360,2.0,4.0,2.8,14,8.9,296,1018.7,.4,14.3,MM,MM,MM,MM
2025,11,23,13,40,350,2.0,4.0,2.8,MM,8.9,296,1018.6,.3,14.3,MM,MM,MM,MM
2025,11,23,13,30,300,3.0,5.0,MM,MM,MM,MM,1018.7,.4,14.3,MM,MM,MM,MM
2025,11,23,13,20,330,3.0,6.0,2.6,13,8.9,291,1018.7,.4,14.3,MM,MM,MM,MM
2025,11,23,13,10,330,3.0,5.0,2.6,MM,8.9,291,1018.6,.4,14.3,MM,MM,MM,MM
2025,11,23,13,0,320,3.0,5.0,MM,MM,MM,MM,1018.6,.5,14.3,MM,MM,+0.0,MM
2025,11,23,12,50,330,3.0,6.0,2.9,16,9.4,288,1018.7,.6,14.3,MM,MM,MM,MM
2025,11,23,12,40,300,5.0,6.0,MM,MM,MM,MM,1018.6,.8,14.3,MM,MM,MM,MM
2025,11,23,12,30,320,3.0,5.0,MM,MM,MM,MM,1018.5,.9,14.3,MM,MM,MM,MM
2025,11,23,12,20,310,3.0,4.0,2.7,15,9.3,292,1018.6,.9,14.3,MM,MM,MM,MM
2025,11,23,12,10,310,4.0,6.0,MM,MM,MM,MM,1018.5,.9,14.3,MM,MM,MM,MM
2025,11,23,12,0,310,4.0,6.0,MM,MM,MM,MM,1018.4,.9,14.3,MM,MM,+0.0,MM
2025,11,23,11,50,300,4.0,6.0,3.1,16,9.9,293,1018.3,.9,14.3,MM,MM,MM,MM
2025,11,23,11,40,310,4.0,6.0,MM,MM,MM,MM,1018.3,.9,14.3,MM,MM,MM,MM
2025,11,23,11,30,310,4.0,6.0,MM,MM,MM,MM,1018.3,.1,MM,MM,MM,MM,MM
2025,11,23,11,20,310,4.0,5.0,2.6,15,9.3,298,1018.3,.1,14.3,MM,MM,MM,MM
2025,11,23,11,10,290,4.0,6.0,2.6,MM,9.3,298,1018.3,.1,14.3,MM,MM,MM,MM
2025,11,23,11,0,290,4.0,6.0,MM,MM,MM,MM,1018.3,.0,14.3,MM,MM,+0.0,MM
2025,11,23,10,50,300,4.0,7.0,2.9,15,9.8,294,1018.4,.9,14.3,MM,MM,MM,MM
2025,11,23,10,40,310,4.0,7.0,MM,MM,MM,MM,1018.4,.9,14.3,MM,MM,MM,MM
2025,11,23,10,30,310,4.0,7.0,MM,MM,MM,MM,1018.3,.9,14.3,MM,MM,MM,MM
2025,11,23,10,20,330,3.0,5.0,3.0,15,9.9,289,1018.4,.8,14.3,MM,MM,MM,MM
2025,11,23,10,10,330,4.0,5.0,3.0,MM,9.9,289,1018.4,.8,14.3,MM,MM,MM,MM
2025,11,23,10,0,320,3.0,5.0,MM,MM,MM,MM,1018.4,.9,14.3,MM,MM,+0.0,MM
2025,11,23,9,50,320,4.0,6.0,2.8,15,9.7,288,1018.4,.8,14.3,MM,MM,MM,MM
2025,11,23,9,40,320,4.0,6.0,MM,MM,MM,MM,1018.3,.8,14.3,MM,MM,MM,MM
2025,11,23,9,30,300,3.0,6.0,MM,MM,MM,MM,1018.3,.8,14.3,MM,MM,MM,MM
2025,11,23,9,20,310,4.0,6.0,2.4,15,9.1,293,1018.4,.9,14.3,MM,MM,MM,MM
2025,11,23,9,10,300,4.0,6.0,MM,MM,MM,MM,1018.4,.9,14.3,MM,MM,MM,MM
2025,11,23,9,0,310,3.0,5.0,MM,MM,MM,MM,1018.4,.8,14.2,MM,MM,+0.0,MM
2025,11,23,8,50,290,3.0,5.0,2.8,16,9.9,290,1018.3,.8,14.3,MM,MM,MM,MM
2025,11,23,8,40,290,3.0,5.0,MM,MM,MM,MM,1018.4,.8,14.3,MM,MM,MM,MM
2025,11,23,8,30,330,3.0,6.0,MM,MM,MM,MM,1018.4,.9,14.3,MM,MM,MM,MM
2025,11,23,8,20,330,3.0,5.0,2.6,15,9.7,288,1018.4,.8,14.3,MM,MM,MM,MM
2025,11,23,8,10,300,3.0,6.0,MM,MM,MM,MM,1018.4,.8,14.3,MM,MM,MM,MM
2025,11,23,8,0,310,3.0,5.0,MM,MM,MM,MM,1018.4,.7,14.3,MM,MM,+0.0,MM
2025,11,23,7,50,320,3.0,4.0,2.5,15,9.2,288,1018.4,.8,14.3,MM,MM,MM,MM
2025,11,23,7,40,320,3.0,5.0,MM,MM,MM,MM,1018.5,.7,14.3,MM,MM,MM,MM
2025,11,23,7,30,310,3.0,5.0,MM,MM,MM,MM,1018.5,.7,14.3,MM,MM,MM,MM
2025,11,23,7,20,300,2.0,4.0,2.6,14,9.9,299,1018.6,.8,14.3,MM,MM,MM,MM
2025,11,23,7,10,280,3.0,5.0,2.6,MM,9.9,299,1018.6,.8,14.3,MM,MM,MM,MM
2025,11,23,7,0,310,2.0,4.0,MM,MM,MM,MM,1018.6,.8,14.3,MM,MM,+0.3,MM
2025,11,23,6,50,320,2.0,4.0,2.9,15,0.1,294,1018.5,.9,14.3,MM,MM,MM,MM
2025,11,23,6,40,320,2.0,3.0,MM,MM,MM,MM,1018.5,.9,14.3,MM,MM,MM,MM
2025,11,23,6,30,330,2.0,4.0,MM,MM,MM,MM,1018.5,.8,14.3,MM,MM,MM,MM
2025,11,23,6,20,300,3.0,5.0,2.6,14,9.8,296,1018.5,.9,14.3,MM,MM,MM,MM
2025,11,23,6,10,320,2.0,4.0,2.6,MM,9.8,296,1018.5,.8,14.3,MM,MM,MM,MM
2025,11,23,6,0,300,3.0,5.0,MM,MM,MM,MM,1018.5,.9,14.3,MM,MM,+0.6,MM
2025,11,23,5,50,330,2.0,5.0,2.4,14,9.0,297,1018.5,.9,14.3,MM,MM,MM,MM
2025,11,23,5,40,320,2.0,5.0,MM,MM,MM,MM,1018.5,.9,14.3,MM,MM,MM,MM
2025,11,23,5,30,320,3.0,6.0,MM,MM,MM,MM,1018.4,.9,14.3,MM,MM,MM,MM
2025,11,23,5,20,320,2.0,4.0,2.7,14,9.9,292,1018.4,.8,14.3,MM,MM,MM,MM
2025,11,23,5,10,310,3.0,6.0,MM,MM,MM,MM,1018.3,.8,14.3,MM,MM,MM,MM
2025,11,23,5,0,310,3.0,5.0,MM,MM,MM,MM,1018.3,.7,14.3,MM,MM,+0.6,MM
2025,11,23,4,50,300,4.0,7.0,2.7,15,9.6,290,1018.3,.8,14.3,MM,MM,MM,MM
2025,11,23,4,40,320,4.0,5.0,2.7,MM,9.6,290,1018.3,.8,14.3,MM,MM,MM,MM
2025,11,23,4,30,310,4.0,6.0,MM,MM,MM,MM,1018.4,.8,14.3,MM,MM,MM,MM
2025,11,23,4,20,320,4.0,6.0,2.8,15,0.0,292,1018.3,.8,14.3,MM,MM,MM,MM
2025,11,23,4,10,300,4.0,5.0,2.8,MM,0.0,292,1018.2,.8,14.3,MM,MM,MM,MM
2025,11,23,4,0,300,3.0,5.0,MM,MM,MM,MM,1018.2,.7,14.3,MM,MM,+0.8,MM
2025,11,23,3,50,320,4.0,6.0,2.7,15,9.7,289,1018.2,.7,14.3,MM,MM,MM,MM
2025,11,23,3,40,310,4.0,6.0,MM,MM,MM,MM,1018.2,.6,14.3,MM,MM,MM,MM
2025,11,23,3,30,310,4.0,6.0,MM,MM,MM,MM,1018.2,.5,14.3,MM,MM,MM,MM
2025,11,23,3,20,300,4.0,7.0,2.7,15,0.0,285,1018.1,.4,14.3,MM,MM,MM,MM
2025,11,23,3,10,300,4.0,6.0,2.7,MM,0.0,285,1018.0,.3,14.3,MM,MM,MM,MM
2025,11,23,3,0,310,3.0,5.0,MM,MM,MM,MM,1018.0,.2,14.3,MM,MM,+0.7,MM
2025,11,23,2,50,300,4.0,6.0,2.8,14,9.8,289,1018.0,.0,14.3,MM,MM,MM,MM
2025,11,23,2,40,300,5.0,6.0,MM,MM,MM,MM,1017.9,.8,14.3,MM,MM,MM,MM
2025,11,23,2,30,310,5.0,6.0,MM,MM,MM,MM,1017.9,.6,14.3,MM,MM,MM,MM
2025,11,23,2,20,300,5.0,7.0,2.7,15,9.9,282,1017.7,.4,14.3,MM,MM,MM,MM
2025,11,23,2,10,310,5.0,7.0,2.7,MM,9.9,282,1017.8,.2,14.3,MM,MM,MM,MM
2025,11,23,2,0,300,4.0,6.0,MM,MM,MM,MM,1017.7,.0,14.3,MM,MM,+0.6,MM
2025,11,23,1,50,320,3.0,5.0,2.8,16,9.6,281,1017.8,.8,14.3,MM,MM,MM,MM
2025,11,23,1,40,310,4.0,6.0,2.8,MM,9.6,281,1017.7,.8,14.3,MM,MM,MM,MM
2025,11,23,1,30,300,4.0,6.0,MM,MM,MM,MM,1017.7,.7,14.3,MM,MM,MM,MM
2025,11,23,1,20,300,5.0,7.0,2.5,16,9.2,283,1017.7,.7,14.3,MM,MM,MM,MM
2025,11,23,1,10,310,5.0,7.0,2.5,MM,9.2,283,1017.5,.9,14.3,MM,MM,MM,MM
2025,11,23,1,0,310,5.0,6.0,MM,MM,MM,MM,1017.6,.9,14.3,MM,MM,+0.4,MM
2025,11,23,0,50,310,4.0,6.0,2.5,16,9.1,297,1017.5,.9,14.4,MM,MM,MM,MM
2025,11,23,0,40,310,5.0,7.0,2.5,MM,9.1,297,1017.5,.8,14.4,MM,MM,MM,MM
2025,11,23,0,30,310,6.0,7.0,MM,MM,MM,MM,1017.4,.8,14.4,MM,MM,MM,MM
2025,11,23,0,20,290,6.0,8.0,2.4,14,9.0,284,1017.5,.9,14.4,MM,MM,MM,MM
2025,11,23,0,10,300,5.0,7.0,2.4,MM,9.0,284,1017.4,.0,14.4,MM,MM,MM,MM
2025,11,23,0,0,300,5.0,6.0,MM,MM,MM,MM,1017.2,.2,14.4,MM,MM,-0.0,MM
2025,11,22,23,50,300,5.0,7.0,2.4,15,9.0,283,1017.1,.1,14.4,MM,MM,MM,MM
2025,11,22,23,40,300,5.0,7.0,MM,MM,MM,MM,1017.1,.3,14.4,MM,MM,MM,MM
2025,11,22,23,30,300,5.0,7.0,MM,MM,MM,MM,1017.0,.2,14.4,MM,MM,MM,MM
2025,11,22,23,20,300,5.0,7.0,2.5,14,9.2,284,1016.9,.4,14.4,MM,MM,MM,MM
2025,11,22,23,10,300,6.0,7.0,2.5,MM,9.2,284,1017.0,.5,14.4,MM,MM,MM,MM
2025,11,22,23,0,300,5.0,7.0,MM,MM,MM,MM,1017.0,.7,14.4,MM,MM,-1.1,MM
2025,11,22,22,50,300,5.0,7.0,2.6,15,9.7,271,1017.0,.1,14.4,MM,MM,MM,MM
2025,11,22,22,40,290,5.0,6.0,2.6,MM,9.7,271,1017.1,.3,14.5,MM,MM,MM,MM
2025,11,22,22,30,300,5.0,6.0,MM,MM,MM,MM,1017.0,.4,14.5,MM,MM,MM,MM
2025,11,22,22,20,300,4.0,6.0,2.5,13,9.5,287,1017.0,.4,14.5,MM,MM,MM,MM
2025,11,22,22,10,300,4.0,6.0,2.5,MM,9.5,287,1017.1,.3,14.5,MM,MM,MM,MM
2025,11,22,22,0,310,4.0,6.0,MM,MM,MM,MM,1017.1,.3,MM,MM,MM,-1.7,MM
2025,11,22,21,50,320,4.0,5.0,2.3,13,9.3,290,1017.1,.3,14.5,MM,MM,MM,MM
2025,11,22,21,40,310,3.0,4.0,MM,MM,MM,MM,1017.2,.1,14.4,MM,MM,MM,MM
2025,11,22,21,30,320,3.0,5.0,MM,MM,MM,MM,1017.3,.2,14.4,MM,MM,MM,MM
2025,11,22,21,20,330,3.0,4.0,2.4,13,9.5,294,1017.2,.3,14.5,MM,MM,MM,MM
2025,11,22,21,10,310,4.0,5.0,2.4,MM,9.5,294,1017.3,.0,14.4,MM,MM,MM,MM
2025,11,22,21,0,310,3.0,5.0,MM,MM,MM,MM,1017.4,.8,14.5,MM,MM,-2.0,MM
2025,11,22,20,50,310,3.0,5.0,2.3,11,9.3,301,1017.5,.6,14.5,MM,MM,MM,MM
2025,11,22,20,40,310,4.0,5.0,MM,MM,MM,MM,1017.6,.8,14.4,MM,MM,MM,MM
2025,11,22,20,30,300,3.0,4.0,MM,MM,MM,MM,1017.8,.0,14.4,MM,MM,MM,MM
2025,11,22,20,20,300,4.0,5.0,2.5,12,9.5,300,1017.8,.5,14.4,MM,MM,MM,MM
2025,11,22,20,10,300,3.0,4.0,2.5,MM,9.5,300,1017.9,.2,14.4,MM,MM,MM,MM
2025,11,22,20,0,290,3.0,4.0,MM,MM,MM,MM,1018.0,.5,14.4,MM,MM,-1.2,MM
2025,11,22,19,50,280,2.0,3.0,2.1,11,8.8,311,1018.0,.7,14.4,MM,MM,MM,MM
2025,11,22,19,40,280,2.0,4.0,MM,MM,MM,MM,1018.1,.8,14.3,MM,MM,MM,MM
2025,11,22,19,30,280,1.0,3.0,MM,MM,MM,MM,1018.3,.8,14.3,MM,MM,MM,MM
2025,11,22,19,20,310,1.0,2.0,2.1,15,8.5,288,1018.4,.9,14.3,MM,MM,MM,MM
2025,11,22,19,10,MM,0.0,2.0,2.1,MM,8.5,288,1018.6,.3,14.4,MM,MM,MM,MM
2025,11,22,19,0,MM,0.0,1.0,MM,MM,MM,MM,1018.7,.3,14.3,MM,MM,-0.5,MM
2025,11,22,18,50,MM,0.0,1.0,2.3,11,8.9,297,1018.8,.9,14.3,MM,MM,MM,MM
2025,11,22,18,40,230,3.0,5.0,MM,MM,MM,MM,1019.1,.8,14.3,MM,MM,MM,MM
2025,11,22,18,30,290,1.0,2.0,MM,MM,MM,MM,1019.0,.6,14.3,MM,MM,MM,MM
2025,11,22,18,20,310,1.0,2.0,2.1,13,8.4,296,1019.1,.6,14.3,MM,MM,MM,MM
2025,11,22,18,10,MM,0.0,1.0,2.1,MM,8.4,296,1019.2,.9,14.3,MM,MM,MM,MM
2025,11,22,18,0,MM,0.0,1.0,MM,MM,MM,MM,1019.3,.9,14.3,MM,MM,+0.6,MM
2025,11,22,17,50,MM,0.0,1.0,2.2,12,8.6,296,1019.3,.9,14.3,MM,MM,MM,MM
2025,11,22,17,40,70,1.0,2.0,MM,MM,MM,MM,1019.3,.7,14.3,MM,MM,MM,MM
2025,11,22,17,30,90,1.0,2.0,MM,MM,MM,MM,1019.3,.8,14.3,MM,MM,MM,MM
2025,11,22,17,20,90,1.0,2.0,2.3,12,8.6,293,1019.3,.8,14.3,MM,MM,MM,MM
2025,11,22,17,10,MM,0.0,2.0,2.3,MM,8.6,293,1019.4,.8,14.2,MM,MM,MM,MM
2025,11,22,17,0,60,1.0,2.0,MM,MM,MM,MM,1019.4,.6,14.2,MM,MM,+0.7,MM
2025,11,22,16,50,30,1.0,2.0,2.2,13,8.5,296,1019.4,.5,14.2,MM,MM,MM,MM
2025,11,22,16,40,MM,0.0,1.0,MM,MM,MM,MM,1019.4,.3,14.2,MM,MM,MM,MM
2025,11,22,16,30,340,1.0,2.0,MM,MM,MM,MM,1019.4,.2,14.2,MM,MM,MM,MM
2025,11,22,16,20,320,1.0,1.0,2.4,12,8.6,296,1019.4,.1,14.2,MM,MM,MM,MM
2025,11,22,16,10,350,1.0,1.0,2.4,MM,8.6,296,1019.4,.1,14.2,MM,MM,MM,MM
2025,11,22,16,0,30,1.0,2.0,MM,MM,MM,MM,1019.3,.1,14.2,MM,MM,+0.6,MM
2025,11,22,15,50,50,2.0,3.0,2.4,12,8.7,296,1019.3,.0,14.2,MM,MM,MM,MM
2025,11,22,15,40,70,2.0,4.0,MM,MM,MM,MM,1019.2,.0,14.2,MM,MM,MM,MM
2025,11,22,15,30,60,2.0,3.0,MM,MM,MM,MM,1019.1,.0,14.2,MM,MM,MM,MM
2025,11,22,15,20,80,2.0,4.0,2.2,11,8.5,301,1019.0,.9,14.2,MM,MM,MM,MM
2025,11,22,15,10,90,3.0,4.0,MM,MM,MM,MM,1018.9,.9,14.2,MM,MM,MM,MM
2025,11,22,15,0,90,3.0,4.0,MM,MM,MM,MM,1018.8,.9,14.2,MM,MM,+0.3,MM
2025,11,22,14,50,90,3.0,5.0,2.3,13,8.4,294,1018.7,.0,14.2,MM,MM,MM,MM
2025,11,22,14,40,90,3.0,4.0,2.3,MM,8.4,294,1018.7,.0,14.2,MM,MM,MM,MM
2025,11,22,14,30,100,3.0,5.0,MM,MM,MM,MM,1018.7,.0,14.3,MM,MM,MM,MM
2025,11,22,14,20,90,4.0,5.0,2.2,11,8.1,302,1018.7,.1,14.3,MM,MM,MM,MM
2025,11,22,14,10,100,4.0,5.0,2.2,MM,8.1,302,1018.6,.1,14.3,MM,MM,MM,MM
2025,11,22,14,0,100,4.0,5.0,MM,MM,MM,MM,1018.7,.0,14.3,MM,MM,+0.0,MM
2025,11,22,13,50,90,3.0,5.0,2.1,12,8.0,298,1018.6,.9,14.3,MM,MM,MM,MM
2025,11,22,13,40,80,3.0,4.0,MM,MM,MM,MM,1018.5,.7,14.3,MM,MM,MM,MM
2025,11,22,13,30,90,3.0,4.0,MM,MM,MM,MM,1018.5,.7,14.3,MM,MM,MM,MM
2025,11,22,13,20,90,3.0,4.0,2.3,13,8.1,292,1018.6,.8,14.3,MM,MM,MM,MM
2025,11,22,13,10,90,3.0,4.0,2.3,MM,8.1,292,1018.5,.9,14.3,MM,MM,MM,MM
2025,11,22,13,0,80,2.0,4.0,MM,MM,MM,MM,1018.7,.0,14.3,MM,MM,-0.0,MM
2025,11,22,12,50,70,2.0,4.0,2.3,14,8.2,304,1018.6,.0,14.3,MM,MM,MM,MM
2025,11,22,12,40,80,2.0,4.0,MM,MM,MM,MM,1018.6,.0,14.3,MM,MM,MM,MM
2025,11,22,12,30,60,2.0,3.0,MM,MM,MM,MM,1018.6,.2,14.3,MM,MM,MM,MM
2025,11,22,12,20,60,2.0,3.0,2.2,13,7.9,299,1018.6,.2,14.3,MM,MM,MM,MM
2025,11,22,12,10,30,2.0,2.0,2.2,MM,7.9,299,1018.5,.2,14.3,MM,MM,MM,MM
2025,11,22,12,0,30,2.0,3.0,MM,MM,MM,MM,1018.5,.1,14.3,MM,MM,-0.3,MM
2025,11,22,11,50,30,2.0,3.0,2.4,13,8.1,295,1018.4,.1,14.3,MM,MM,MM,MM
2025,11,22,11,40,30,2.0,3.0,2.4,MM,8.1,295,1018.4,.0,14.3,MM,MM,MM,MM
2025,11,22,11,30,20,2.0,3.0,MM,MM,MM,MM,1018.5,.9,14.3,MM,MM,MM,MM
2025,11,22,11,20,10,2.0,3.0,2.4,13,8.5,299,1018.6,.9,14.3,MM,MM,MM,MM
2025,11,22,11,10,350,2.0,3.0,2.4,MM,8.5,299,1018.6,.9,14.3,MM,MM,MM,MM
2025,11,22,11,0,340,2.0,3.0,MM,MM,MM,MM,1018.6,.9,14.3,MM,MM,-0.4,MM
2025,11,22,10,50,340,1.0,2.0,2.4,13,8.3,290,1018.6,.9,14.3,MM,MM,MM,MM
2025,11,22,10,40,10,1.0,2.0,MM,MM,MM,MM,1018.7,.9,14.4,MM,MM,MM,MM
2025,11,22,10,30,360,1.0,2.0,MM,MM,MM,MM,1018.8,.9,14.4,MM,MM,MM,MM
2025,11,22,10,20,10,1.0,2.0,2.7,13,8.8,296,1018.8,.9,14.4,MM,MM,MM,MM
2025,11,22,10,10,340,1.0,2.0,MM,MM,MM,MM,1018.8,.9,14.4,MM,MM,MM,MM
2025,11,22,10,0,340,1.0,2.0,MM,MM,MM,MM,1018.9,.9,14.4,MM,MM,+0.0,MM
2025,11,22,9,50,360,1.0,2.0,2.4,14,8.1,296,1018.9,.0,14.4,MM,MM,MM,MM
2025,11,22,9,40,360,2.0,3.0,MM,MM,MM,MM,1019.0,.1,14.4,MM,MM,MM,MM
2025,11,22,9,30,330,2.0,3.0,MM,MM,MM,MM,1019.1,.0,14.4,MM,MM,MM,MM
2025,11,22,9,20,10,2.0,3.0,2.7,14,8.7,290,1019.0,.0,14.4,MM,MM,MM,MM
2025,11,22,9,10,340,1.0,3.0,2.7,MM,8.7,290,1019.0,.1,14.4,MM,MM,MM,MM
2025,11,22,9,0,340,1.0,2.0,MM,MM,MM,MM,1019.0,.2,14.4,MM,MM,+0.0,MM
2025,11,22,8,50,MM,0.0,2.0,2.7,14,8.7,293,1019.0,.2,14.4,MM,MM,MM,MM
2025,11,22,8,40,MM,0.0,2.0,2.7,MM,8.7,293,1019.1,.2,14.4,MM,MM,MM,MM
2025,11,22,8,30,MM,0.0,2.0,MM,MM,MM,MM,1019.2,.2,14.4,MM,MM,MM,MM
2025,11,22,8,20,70,1.0,2.0,2.7,13,8.7,295,1019.1,.2,14.4,MM,MM,MM,MM
2025,11,22,8,10,MM,0.0,2.0,2.7,MM,8.7,295,1019.0,.2,14.4,MM,MM,MM,MM
2025,11,22,8,0,120,1.0,3.0,MM,MM,MM,MM,1019.1,.2,14.4,MM,MM,+0.5,MM
2025,11,22,7,50,100,1.0,3.0,2.8,12,8.6,299,1019.1,.3,14.4,MM,MM,MM,MM
2025,11,22,7,40,30,1.0,2.0,MM,MM,MM,MM,1019.1,.3,14.3,MM,MM,MM,MM
2025,11,22,7,30,340,2.0,3.0,MM,MM,MM,MM,1019.1,.3,14.4,MM,MM,MM,MM
2025,11,22,7,20,330,2.0,3.0,2.8,14,8.7,295,1019.0,.4,14.4,MM,MM,MM,MM
2025,11,22,7,10,330,3.0,4.0,2.8,MM,8.7,295,1018.9,.4,14.4,MM,MM,MM,MM
2025,11,22,7,0,330,2.0,4.0,MM,MM,MM,MM,1018.9,.5,14.4,MM,MM,+0.9,MM
2025,11,22,6,50,320,3.0,5.0,2.8,14,9.0,294,1018.8,.6,14.4,MM,MM,MM,MM
2025,11,22,6,40,320,4.0,5.0,2.8,MM,9.0,294,1018.8,.6,14.4,MM,MM,MM,MM
2025,11,22,6,30,310,4.0,5.0,MM,MM,MM,MM,1018.9,.7,14.4,MM,MM,MM,MM
2025,11,22,6,20,320,4.0,5.0,2.8,14,8.6,294,1018.8,.7,14.4,MM,MM,MM,MM
2025,11,22,6,10,320,4.0,5.0,2.8,MM,8.6,294,1018.9,.7,14.4,MM,MM,MM,MM
2025,11,22,6,0,310,4.0,5.0,MM,MM,MM,MM,1018.8,.7,MM,MM,MM,+1.3,MM
2025,11,22,5,50,310,3.0,5.0,2.8,13,8.8,293,1018.8,.8,14.4,MM,MM,MM,MM
2025,11,22,5,40,310,3.0,5.0,MM,MM,MM,MM,1018.7,.8,14.4,MM,MM,MM,MM
2025,11,22,5,30,310,3.0,5.0,MM,MM,MM,MM,1018.7,.8,14.4,MM,MM,MM,MM
2025,11,22,5,20,310,3.0,4.0,2.9,13,8.9,299,1018.6,.8,14.4,MM,MM,MM,MM
2025,11,22,5,10,300,3.0,5.0,MM,MM,MM,MM,1018.5,.8,14.4,MM,MM,MM,MM
2025,11,22,5,0,290,3.0,5.0,MM,MM,MM,MM,1018.5,.9,14.4,MM,MM,+1.4,MM
2025,11,22,4,50,300,3.0,5.0,3.0,14,9.0,299,1018.3,.9,14.5,MM,MM,MM,MM
2025,11,22,4,40,290,3.0,5.0,MM,MM,MM,MM,1018.2,.9,14.5,MM,MM,MM,MM
2025,11,22,4,30,280,3.0,4.0,MM,MM,MM,MM,1018.2,.0,14.4,MM,MM,MM,MM
2025,11,22,4,20,280,3.0,4.0,2.9,12,9.0,307,1018.0,.1,14.4,MM,MM,MM,MM
2025,11,22,4,10,280,3.0,4.0,2.9,MM,9.0,307,1017.9,.1,14.4,MM,MM,MM,MM
2025,11,22,4,0,260,2.0,4.0,MM,MM,MM,MM,1017.9,.1,14.4,MM,MM,+1.2,MM
2025,11,22,3,50,260,3.0,4.0,3.0,14,9.4,296,1017.8,.1,14.4,MM,MM,MM,MM
2025,11,22,3,40,240,3.0,4.0,MM,MM,MM,MM,1017.7,.0,14.4,MM,MM,MM,MM
2025,11,22,3,30,240,3.0,4.0,MM,MM,MM,MM,1017.7,.0,14.4,MM,MM,MM,MM
2025,11,22,3,20,240,3.0,4.0,3.1,12,9.3,299,1017.6,.0,14.4,MM,MM,MM,MM
2025,11,22,3,10,240,3.0,5.0,MM,MM,MM,MM,1017.5,.0,14.4,MM,MM,MM,MM
2025,11,22,3,0,230,4.0,5.0,MM,MM,MM,MM,1017.4,.1,14.4,MM,MM,+0.9,MM
2025,11,22,2,50,240,4.0,5.0,3.0,11,9.0,295,1017.3,.0,14.4,MM,MM,MM,MM
2025,11,22,2,40,230,4.0,5.0,MM,MM,MM,MM,1017.3,.0,14.4,MM,MM,MM,MM
2025,11,22,2,30,210,4.0,5.0,MM,MM,MM,MM,1017.3,.1,14.4,MM,MM,MM,MM
2025,11,22,2,20,210,4.0,5.0,3.1,14,9.5,288,1017.2,.1,14.5,MM,MM,MM,MM
2025,11,22,2,10,200,4.0,4.0,MM,MM,MM,MM,1017.2,.1,14.5,MM,MM,MM,MM
2025,11,22,2,0,200,3.0,4.0,MM,MM,MM,MM,1016.9,.1,14.5,MM,MM,+0.8,MM
2025,11,22,1,50,200,3.0,4.0,3.0,14,9.4,297,1016.9,.2,14.6,MM,MM,MM,MM
2025,11,22,1,40,190,3.0,4.0,MM,MM,MM,MM,1016.9,.1,14.5,MM,MM,MM,MM
2025,11,22,1,30,190,2.0,3.0,MM,MM,MM,MM,1016.9,.1,14.5,MM,MM,MM,MM
2025,11,22,1,20,200,2.0,3.0,3.2,14,0.0,284,1016.7,.1,14.5,MM,MM,MM,MM
2025,11,22,1,10,190,3.0,4.0,3.2,MM,0.0,284,1016.7,.0,14.5,MM,MM,MM,MM
2025,11,22,1,0,200,3.0,4.0,MM,MM,MM,MM,1016.7,.0,14.5,MM,MM,+0.6,MM
2025,11,22,0,50,210,3.0,4.0,3.0,14,9.5,293,1016.7,.1,14.5,MM,MM,MM,MM
2025,11,22,0,40,210,3.0,4.0,MM,MM,MM,MM,1016.7,.2,14.6,MM,MM,MM,MM
2025,11,22,0,30,200,2.0,4.0,MM,MM,MM,MM,1016.6,.3,14.6,MM,MM,MM,MM
2025,11,22,0,20,190,2.0,4.0,3.1,14,9.4,289,1016.7,.3,14.6,MM,MM,MM,MM
2025,11,22,0,10,160,2.0,4.0,3.1,MM,9.4,289,1016.6,.4,14.6,MM,MM,MM,MM
2025,11,22,0,0,160,2.0,4.0,MM,MM,MM,MM,1016.5,.6,14.5,MM,MM,+0.4,MM
2025,11,21,23,50,180,1.0,3.0,2.6,15,8.7,293,1016.5,.7,14.5,MM,MM,MM,MM
2025,11,21,23,40,190,1.0,2.0,MM,MM,MM,MM,1016.5,.7,14.5,MM,MM,MM,MM
2025,11,21,23,30,190,1.0,2.0,MM,MM,MM,MM,1016.5,.7,14.5,MM,MM,MM,MM
2025,11,21,23,20,180,1.0,3.0,2.8,14,9.0,287,1016.4,.7,14.5,MM,MM,MM,MM
2025,11,21,23,10,190,2.0,3.0,MM,MM,MM,MM,1016.3,.6,14.5,MM,MM,MM,MM
2025,11,21,23,0,170,2.0,3.0,MM,MM,MM,MM,1016.2,.7,14.5,MM,MM,+0.0,MM
2025,11,21,22,50,150,1.0,2.0,2.9,14,9.2,286,1016.1,.8,14.5,MM,MM,MM,MM
2025,11,21,22,40,170,1.0,3.0,2.9,MM,9.2,286,1016.1,.7,14.6,MM,MM,MM,MM
2025,11,21,22,30,170,1.0,2.0,MM,MM,MM,MM,1016.1,.8,14.5,MM,MM,MM,MM
2025,11,21,22,20,280,1.0,3.0,2.7,15,8.7,285,1016.0,.8,14.5,MM,MM,MM,MM
2025,11,21,22,10,250,1.0,3.0,MM,MM,MM,MM,1016.0,.8,14.5,MM,MM,MM,MM
2025,11,21,22,0,250,1.0,2.0,MM,MM,MM,MM,1016.2,.6,MM,MM,MM,-0.4,MM
2025,11,21,21,50,260,2.0,3.0,2.8,15,9.1,280,1016.1,.5,14.4,MM,MM,MM,MM
2025,11,21,21,40,220,1.0,2.0,MM,MM,MM,MM,1016.2,.6,14.4,MM,MM,MM,MM
2025,11,21,21,30,240,1.0,3.0,MM,MM,MM,MM,1016.1,.5,14.4,MM,MM,MM,MM
2025,11,21,21,20,290,2.0,4.0,2.7,15,9.2,280,1016.1,.5,14.4,MM,MM,MM,MM
2025,11,21,21,10,310,2.0,4.0,2.7,MM,9.2,280,1016.2,.5,14.4,MM,MM,MM,MM
2025,11,21,21,0,310,3.0,5.0,MM,MM,MM,MM,1016.1,.4,14.4,MM,MM,+0.0,MM
2025,11,21,20,50,320,4.0,5.0,2.9,15,9.5,290,1016.3,.4,14.4,MM,MM,MM,MM
2025,11,21,20,40,310,3.0,4.0,MM,MM,MM,MM,1016.0,.4,14.4,MM,MM,MM,MM
2025,11,21,20,30,320,3.0,5.0,MM,MM,MM,MM,1016.0,.3,14.4,MM,MM,MM,MM
2025,11,21,20,20,330,4.0,5.0,2.9,15,9.3,283,1016.1,.3,14.4,MM,MM,MM,MM
2025,11,21,20,10,330,4.0,6.0,2.9,MM,9.3,283,1016.3,.2,14.4,MM,MM,MM,MM
2025,11,21,20,0,330,5.0,7.0,MM,MM,MM,MM,1016.3,.2,14.4,MM,MM,+0.0,MM
2025,11,21,19,50,330,6.0,7.0,2.9,15,9.4,286,1016.2,.2,14.4,MM,MM,MM,MM
2025,11,21,19,40,320,6.0,9.0,MM,MM,MM,MM,1016.3,.2,14.4,MM,MM,MM,MM
2025,11,21,19,30,310,6.0,8.0,MM,MM,MM,MM,1016.3,.3,14.4,MM,MM,MM,MM
2025,11,21,19,20,310,7.0,9.0,2.9,15,9.3,291,1016.2,.4,14.4,MM,MM,MM,MM
2025,11,21,19,10,310,6.0,7.0,2.9,MM,9.3,291,1016.3,.4,14.4,MM,MM,MM,MM
2025,11,21,19,0,310,6.0,8.0,MM,MM,MM,MM,1016.5,.4,14.4,MM,MM,+1.2,MM
2025,11,21,18,50,310,5.0,7.0,3.0,15,9.6,292,1016.5,.4,14.4,MM,MM,MM,MM
2025,11,21,18,40,310,5.0,7.0,MM,MM,MM,MM,1016.5,.4,14.4,MM,MM,MM,MM
2025,11,21,18,30,310,5.0,7.0,MM,MM,MM,MM,1016.5,.4,14.4,MM,MM,MM,MM
2025,11,21,18,20,320,6.0,7.0,3.3,15,9.8,287,1016.4,.4,14.4,MM,MM,MM,MM
2025,11,21,18,10,320,6.0,7.0,3.3,MM,9.8,287,1016.4,.3,14.4,MM,MM,MM,MM
2025,11,21,18,0,330,5.0,8.0,MM,MM,MM,MM,1016.4,.2,14.4,MM,MM,+1.8,MM
2025,11,21,17,50,340,5.0,7.0,3.4,15,0.2,293,1016.3,.2,14.4,MM,MM,MM,MM
2025,11,21,17,40,340,5.0,6.0,MM,MM,MM,MM,1016.3,.1,14.4,MM,MM,MM,MM
2025,11,21,17,30,350,5.0,7.0,MM,MM,MM,MM,1016.4,.0,14.4,MM,MM,MM,MM
2025,11,21,17,20,340,4.0,6.0,3.5,16,0.1,292,1016.4,.9,14.4,MM,MM,MM,MM
2025,11,21,17,10,320,3.0,5.0,3.5,MM,0.1,292,1016.6,.8,14.4,MM,MM,MM,MM
2025,11,21,17,0,310,2.0,3.0,MM,MM,MM,MM,1016.6,.8,14.4,MM,MM,+1.5,MM
2025,11,21,16,50,270,2.0,3.0,3.2,16,9.9,294,1016.4,.8,14.4,MM,MM,MM,MM
2025,11,21,16,40,280,1.0,2.0,MM,MM,MM,MM,1016.3,.9,14.4,MM,MM,MM,MM
2025,11,21,16,30,330,1.0,2.0,MM,MM,MM,MM,1016.0,.0,14.4,MM,MM,MM,MM
2025,11,21,16,20,140,1.0,2.0,3.2,16,9.9,291,1015.8,.0,14.3,MM,MM,MM,MM
2025,11,21,16,10,150,1.0,3.0,3.2,MM,9.9,291,1015.5,.7,14.3,MM,MM,MM,MM
2025,11,21,16,0,120,2.0,4.0,MM,MM,MM,MM,1015.3,.5,14.3,MM,MM,+0.4,MM
2025,11,21,15,50,110,4.0,7.0,2.9,16,9.4,283,1015.1,.3,14.3,MM,MM,MM,MM
2025,11,21,15,40,110,5.0,7.0,MM,MM,MM,MM,1014.6,.4,14.3,MM,MM,MM,MM
2025,11,21,15,30,120,5.0,7.0,MM,MM,MM,MM,1014.6,.6,14.3,MM,MM,MM,MM
2025,11,21,15,20,120,4.0,6.0,3.8,16,0.3,290,1014.5,.7,14.3,MM,MM,MM,MM
2025,11,21,15,10,90,2.0,5.0,3.8,MM,0.3,290,1014.5,.7,14.4,MM,MM,MM,MM
2025,11,21,15,0,80,2.0,4.0,MM,MM,MM,MM,1014.4,.6,14.4,MM,MM,-0.3,MM
2025,11,21,14,50,100,3.0,5.0,3.5,16,0.1,293,1014.3,.8,14.3,MM,MM,MM,MM
2025,11,21,14,40,100,3.0,5.0,MM,MM,MM,MM,1014.6,.0,14.4,MM,MM,MM,MM
2025,11,21,14,30,90,3.0,5.0,MM,MM,MM,MM,1014.5,.9,14.3,MM,MM,MM,MM
2025,11,21,14,20,60,2.0,4.0,3.5,16,9.9,292,1014.8,.2,14.4,MM,MM,MM,MM
2025,11,21,14,10,20,2.0,3.0,3.5,MM,9.9,292,1015.0,.2,14.4,MM,MM,MM,MM
2025,11,21,14,0,350,2.0,4.0,MM,MM,MM,MM,1015.1,.1,14.4,MM,MM,+0.6,MM
2025,11,21,13,50,340,3.0,5.0,3.7,16,0.0,295,1015.0,.0,14.4,MM,MM,MM,MM
2025,11,21,13,40,310,2.0,4.0,MM,MM,MM,MM,1015.1,.8,14.4,MM,MM,MM,MM
2025,11,21,13,30,300,2.0,4.0,MM,MM,MM,MM,1015.0,.7,14.4,MM,MM,MM,MM
2025,11,21,13,20,340,2.0,3.0,3.5,16,9.5,294,1015.1,.7,14.4,MM,MM,MM,MM
2025,11,21,13,10,340,2.0,4.0,3.5,MM,9.5,294,1015.2,.7,14.4,MM,MM,MM,MM
2025,11,21,13,0,350,3.0,4.0,MM,MM,MM,MM,1015.0,.8,14.4,MM,MM,+0.7,MM
2025,11,21,12,50,340,3.0,4.0,3.2,14,9.2,298,1014.8,.8,14.4,MM,MM,MM,MM
2025,11,21,12,40,330,4.0,5.0,3.2,MM,9.2,298,1014.8,.8,14.4,MM,MM,MM,MM
2025,11,21,12,30,330,4.0,5.0,MM,MM,MM,MM,1014.8,.9,14.4,MM,MM,MM,MM
2025,11,21,12,20,320,6.0,7.0,3.7,14,9.3,288,1014.9,.9,14.4,MM,MM,MM,MM
2025,11,21,12,10,320,5.0,7.0,MM,MM,MM,MM,1015.0,.9,14.4,MM,MM,MM,MM
2025,11,21,12,0,330,4.0,6.0,MM,MM,MM,MM,1014.7,.8,14.4,MM,MM,+0.6,MM
2025,11,21,11,50,340,4.0,6.0,3.7,16,9.4,285,1014.4,.8,14.4,MM,MM,MM,MM
2025,11,21,11,40,340,6.0,8.0,MM,MM,MM,MM,1014.6,.8,14.4,MM,MM,MM,MM
2025,11,21,11,30,340,6.0,8.0,MM,MM,MM,MM,1014.6,.9,14.4,MM,MM,MM,MM
2025,11,21,11,20,340,7.0,9.0,3.7,16,9.6,279,1014.5,.9,14.4,MM,MM,MM,MM
2025,11,21,11,10,340,7.0,8.0,3.7,MM,9.6,279,1014.6,.9,14.3,MM,MM,MM,MM
2025,11,21,11,0,350,6.0,8.0,MM,MM,MM,MM,1014.3,.0,14.4,MM,MM,+0.4,MM
2025,11,21,10,50,340,7.0,9.0,3.5,14,9.3,288,1014.3,.1,14.4,MM,MM,MM,MM
2025,11,21,10,40,340,8.0,0.0,MM,MM,MM,MM,1014.3,.1,14.4,MM,MM,MM,MM
2025,11,21,10,30,340,7.0,9.0,MM,MM,MM,MM,1014.2,.1,14.4,MM,MM,MM,MM
2025,11,21,10,20,340,7.0,9.0,3.7,14,9.5,286,1014.3,.1,14.4,MM,MM,MM,MM
2025,11,21,10,10,340,7.0,8.0,3.7,MM,9.5,286,1014.3,.1,14.4,MM,MM,MM,MM
2025,11,21,10,0,340,7.0,8.0,MM,MM,MM,MM,1014.2,.1,14.3,MM,MM,+0.3,MM
2025,11,21,9,50,340,7.0,8.0,3.9,15,9.6,282,1014.2,.1,14.3,MM,MM,MM,MM
2025,11,21,9,40,340,7.0,9.0,3.9,MM,9.6,282,1014.4,.1,14.3,MM,MM,MM,MM
2025,11,21,9,30,340,6.0,8.0,MM,MM,MM,MM,1014.4,.1,14.3,MM,MM,MM,MM
2025,11,21,9,20,340,6.0,8.0,4.0,16,0.2,276,1014.3,.1,14.3,MM,MM,MM,MM
2025,11,21,9,10,350,6.0,7.0,4.0,MM,0.2,276,1014.2,.0,14.3,MM,MM,MM,MM
2025,11,21,9,0,360,5.0,7.0,MM,MM,MM,MM,1014.1,.1,14.3,MM,MM,+0.0,MM
2025,11,21,8,50,350,5.0,6.0,4.2,15,0.0,289,1014.1,.1,14.3,MM,MM,MM,MM
2025,11,21,8,40,350,5.0,6.0,4.2,MM,0.0,289,1014.1,.2,14.3,MM,MM,MM,MM
2025,11,21,8,30,350,5.0,6.0,MM,MM,MM,MM,1014.1,.2,14.3,MM,MM,MM,MM
2025,11,21,8,20,350,5.0,6.0,4.0,12,9.9,298,1014.2,.2,14.3,MM,MM,MM,MM
2025,11,21,8,10,360,4.0,6.0,4.0,MM,9.9,298,1014.1,.3,14.3,MM,MM,MM,MM
2025,11,21,8,0,360,4.0,6.0,MM,MM,MM,MM,1013.9,.2,14.3,MM,MM,-0.4,MM
2025,11,21,7,50,350,5.0,6.0,3.7,15,9.7,284,1014.0,.2,14.3,MM,MM,MM,MM
2025,11,21,7,40,350,5.0,7.0,3.7,MM,9.7,284,1014.0,.1,14.3,MM,MM,MM,MM
2025,11,21,7,30,350,5.0,7.0,MM,MM,MM,MM,1013.8,.2,14.3,MM,MM,MM,MM
2025,11,21,7,20,350,5.0,7.0,3.9,13,9.3,288,1013.9,.2,14.3,MM,MM,MM,MM
2025,11,21,7,10,340,6.0,8.0,3.9,MM,9.3,288,1014.1,.2,MM,MM,MM,MM,MM
2025,11,21,7,0,350,6.0,8.0,MM,MM,MM,MM,1013.9,.2,14.3,MM,MM,+0.0,MM
2025,11,21,6,50,350,6.0,8.0,3.7,13,9.2,287,1013.9,.2,14.3,MM,MM,MM,MM
2025,11,21,6,40,350,6.0,8.0,MM,MM,MM,MM,1014.0,.2,14.3,MM,MM,MM,MM
2025,11,21,6,30,350,7.0,8.0,MM,MM,MM,MM,1014.1,.3,14.4,MM,MM,MM,MM
2025,11,21,6,20,340,7.0,9.0,3.2,11,8.3,288,1014.0,.3,14.4,MM,MM,MM,MM
2025,11,21,6,10,340,8.0,9.0,3.2,MM,8.3,288,1014.0,.3,14.4,MM,MM,MM,MM
2025,11,21,6,0,340,8.0,9.0,MM,MM,MM,MM,1014.0,.4,14.4,MM,MM,-0.5,MM
2025,11,21,5,50,340,8.0,9.0,3.3,11,8.4,287,1014.1,.4,14.4,MM,MM,MM,MM
2025,11,21,5,40,340,8.0,9.0,MM,MM,MM,MM,1014.2,.4,14.3,MM,MM,MM,MM
2025,11,21,5,30,330,7.0,0.0,MM,MM,MM,MM,1014.3,.4,14.4,MM,MM,MM,MM
2025,11,21,5,20,330,8.0,9.0,2.8,13,7.6,287,1014.2,.4,14.4,MM,MM,MM,MM
2025,11,21,5,10,340,7.0,0.0,2.8,MM,7.6,287,1014.1,.4,14.4,MM,MM,MM,MM
2025,11,21,5,0,330,8.0,9.0,MM,MM,MM,MM,1014.3,.4,14.4,MM,MM,-0.3,MM
2025,11,21,4,50,330,8.0,9.0,2.7,14,7.2,291,1014.3,.4,14.4,MM,MM,MM,MM
2025,11,21,4,40,330,8.0,0.0,MM,MM,MM,MM,1014.2,.4,14.4,MM,MM,MM,MM
2025,11,21,4,30,320,8.0,1.0,MM,MM,MM,MM,1014.2,.4,14.4,MM,MM,MM,MM
2025,11,21,4,20,330,9.0,1.0,2.6,10,6.8,289,1014.2,.4,14.4,MM,MM,MM,MM
2025,11,21,4,10,330,9.0,1.0,2.6,MM,6.8,289,1014.1,.3,14.4,MM,MM,MM,MM
2025,11,21,4,0,330,9.0,1.0,MM,MM,MM,MM,1014.3,.4,MM,MM,MM,-0.5,MM
2025,11,21,3,50,330,0.0,2.0,2.3,10,6.4,286,1014.2,.3,14.4,MM,MM,MM,MM
2025,11,21,3,40,330,0.0,2.0,MM,MM,MM,MM,1014.3,.3,14.4,MM,MM,MM,MM
2025,11,21,3,30,320,0.0,2.0,MM,MM,MM,MM,1014.3,.4,14.4,MM,MM,MM,MM
2025,11,21,3,20,320,0.0,2.0,2.3,10,6.4,281,1014.3,.4,14.4,MM,MM,MM,MM
2025,11,21,3,10,320,0.0,2.0,MM,MM,MM,MM,1014.5,.5,14.4,MM,MM,MM,MM
2025,11,21,3,0,320,0.0,2.0,MM,MM,MM,MM,1014.5,.5,14.4,MM,MM,-0.3,MM
2025,11,21,2,50,320,0.0,2.0,2.0,10,5.9,286,1014.6,.5,14.4,MM,MM,MM,MM
2025,11,21,2,40,320,0.0,2.0,MM,MM,MM,MM,1014.7,.6,14.4,MM,MM,MM,MM
2025,11,21,2,30,320,0.0,2.0,MM,MM,MM,MM,1014.7,.6,14.4,MM,MM,MM,MM
2025,11,21,2,20,320,0.0,2.0,2.1,9,6.0,283,1014.8,.6,14.4,MM,MM,MM,MM
2025,11,21,2,10,320,0.0,2.0,2.1,MM,6.0,283,1014.7,.6,14.4,MM,MM,MM,MM
2025,11,21,2,0,320,0.0,2.0,MM,MM,MM,MM,1014.6,.7,14.4,MM,MM,-0.5,MM
2025,11,21,1,50,320,9.0,1.0,1.9,11,5.8,279,1014.6,.7,14.4,MM,MM,MM,MM
2025,11,21,1,40,320,9.0,1.0,MM,MM,MM,MM,1014.7,.6,14.4,MM,MM,MM,MM
2025,11,21,1,30,320,9.0,1.0,MM,MM,MM,MM,1014.6,.6,14.4,MM,MM,MM,MM
2025,11,21,1,20,320,9.0,1.0,2.0,10,6.2,276,1014.6,.6,14.4,MM,MM,MM,MM
2025,11,21,1,10,320,0.0,1.0,2.0,MM,6.2,276,1014.6,.5,14.4,MM,MM,MM,MM
2025,11,21,1,0,320,9.0,1.0,MM,MM,MM,MM,1014.5,.5,14.4,MM,MM,-0.6,MM
2025,11,21,0,50,320,9.0,1.0,1.9,9,5.8,283,1014.5,.5,14.4,MM,MM,MM,MM
2025,11,21,0,40,320,9.0,1.0,MM,MM,MM,MM,1014.5,.4,14.4,MM,MM,MM,MM
2025,11,21,0,30,320,9.0,1.0,MM,MM,MM,MM,1014.5,.4,14.4,MM,MM,MM,MM
2025,11,21,0,20,320,9.0,1.0,1.8,10,5.6,288,1014.6,.4,14.4,MM,MM,MM,MM
2025,11,21,0,10,320,8.0,0.0,MM,MM,MM,MM,1014.7,.5,14.4,MM,MM,MM,MM
2025,11,21,0,0,320,9.0,1.0,MM,MM,MM,MM,1014.8,.4,14.4,MM,MM,-1.0,MM
2025,11,20,23,50,320,9.0,0.0,1.8,15,5.6,283,1014.7,.5,14.4,MM,MM,MM,MM
2025,11,20,23,40,320,9.0,1.0,MM,MM,MM,MM,1014.8,.5,14.4,MM,MM,MM,MM
2025,11,20,23,30,320,9.0,1.0,MM,MM,MM,MM,1014.9,.5,14.4,MM,MM,MM,MM
2025,11,20,23,20,310,0.0,2.0,1.8,8,5.4,281,1015.0,.4,14.4,MM,MM,MM,MM
2025,11,20,23,10,310,9.0,2.0,1.8,MM,5.4,281,1015.0,.5,14.4,MM,MM,MM,MM
2025,11,20,23,0,320,9.0,2.0,MM,MM,MM,MM,1015.1,.5,14.4,MM,MM,-1.2,MM
2025,11,20,22,50,320,9.0,1.0,1.8,8,5.1,283,1015.3,.6,14.4,MM,MM,MM,MM
2025,11,20,22,40,310,0.0,2.0,MM,MM,MM,MM,1015.2,.6,14.4,MM,MM,MM,MM
2025,11,20,22,30,310,0.0,2.0,MM,MM,MM,MM,1015.3,.6,14.4,MM,MM,MM,MM
2025,11,20,22,20,320,0.0,2.0,1.8,9,5.2,270,1015.3,.6,14.4,MM,MM,MM,MM
2025,11,20,22,10,320,0.0,2.0,1.8,MM,5.2,270,1015.2,.6,14.5,MM,MM,MM,MM
2025,11,20,22,0,320,0.0,2.0,MM,MM,MM,MM,1015.3,.6,MM,MM,MM,-1.8,MM
2025,11,20,21,50,320,0.0,2.0,1.7,7,5.1,285,1015.3,.6,14.5,MM,MM,MM,MM
2025,11,20,21,40,320,1.0,3.0,MM,MM,MM,MM,1015.5,.6,14.5,MM,MM,MM,MM
2025,11,20,21,30,320,1.0,3.0,MM,MM,MM,MM,1015.8,.6,MM,MM,MM,MM,MM
2025,11,20,21,20,320,0.0,2.0,1.6,7,5.0,286,1015.6,.6,14.5,MM,MM,MM,MM
2025,11,20,21,10,330,9.0,2.0,1.6,MM,5.0,286,1015.7,.6,14.5,MM,MM,MM,MM
2025,11,20,21,0,330,0.0,2.0,MM,MM,MM,MM,1015.7,.5,MM,MM,MM,-1.3,MM
2025,11,20,20,50,320,1.0,3.0,1.5,15,5.2,275,1015.8,.5,14.5,MM,MM,MM,MM
2025,11,20,20,40,320,0.0,2.0,1.5,MM,5.2,275,1016.1,.6,14.5,MM,MM,MM,MM
2025,11,20,20,30,320,0.0,2.0,MM,MM,MM,MM,1016.2,.5,14.5,MM,MM,MM,MM
2025,11,20,20,20,320,0.0,2.0,1.4,6,5.3,296,1016.3,.5,14.5,MM,MM,MM,MM
2025,11,20,20,10,320,0.0,2.0,1.4,MM,5.3,296,1016.3,.6,14.5,MM,MM,MM,MM
2025,11,20,20,0,320,9.0,2.0,MM,MM,MM,MM,1016.4,.5,MM,MM,MM,-0.5,MM
2025,11,20,19,50,320,8.0,0.0,1.3,7,5.9,291,1016.5,.5,14.5,MM,MM,MM,MM
2025,11,20,19,40,320,8.0,9.0,1.3,MM,5.9,291,1016.6,.4,14.5,MM,MM,MM,MM
2025,11,20,19,30,320,7.0,9.0,MM,MM,MM,MM,1016.7,.2,14.4,MM,MM,MM,MM
2025,11,20,19,20,320,6.0,8.0,1.3,7,6.3,286,1016.8,.0,14.4,MM,MM,MM,MM
2025,11,20,19,10,310,5.0,7.0,1.3,MM,6.3,286,1017.0,.8,14.4,MM,MM,MM,MM
2025,11,20,19,0,310,5.0,6.0,MM,MM,MM,MM,1017.2,.6,14.4,MM,MM,+0.3,MM
2025,11,20,18,50,300,4.0,6.0,1.3,7,6.5,290,1017.3,.5,MM,MM,MM,MM,MM
2025,11,20,18,40,320,4.0,6.0,1.3,MM,6.5,290,1017.2,.2,14.4,MM,MM,MM,MM
2025,11,20,18,30,320,4.0,5.0,MM,MM,MM,MM,1017.4,.2,14.4,MM,MM,MM,MM
2025,11,20,18,20,320,4.0,5.0,1.2,7,6.5,301,1017.4,.2,14.4,MM,MM,MM,MM
2025,11,20,18,10,310,4.0,5.0,MM,MM,MM,MM,1017.4,.1,14.4,MM,MM,MM,MM
2025,11,20,18,0,320,3.0,4.0,MM,MM,MM,MM,1017.5,.1,14.4,MM,MM,+0.8,MM
2025,11,20,17,50,330,4.0,5.0,1.1,16,6.8,289,1017.5,.1,14.4,MM,MM,MM,MM
2025,11,20,17,40,330,4.0,4.0,1.1,MM,6.8,289,1017.5,.0,14.4,MM,MM,MM,MM
2025,11,20,17,30,350,4.0,4.0,MM,MM,MM,MM,1017.4,.8,14.4,MM,MM,MM,MM
2025,11,20,17,20,350,3.0,4.0,0.9,16,6.3,300,1017.4,.6,14.4,MM,MM,MM,MM
2025,11,20,17,10,360,3.0,4.0,0.9,MM,6.3,300,1017.3,.5,14.4,MM,MM,MM,MM
2025,11,20,17,0,20,3.0,3.0,MM,MM,MM,MM,1017.2,.5,14.4,MM,MM,+1.4,MM
2025,11,20,16,50,20,3.0,4.0,1.0,16,6.6,287,1017.2,.5,14.4,MM,MM,MM,MM
2025,11,20,16,40,20,3.0,3.0,MM,MM,MM,MM,1017.2,.4,14.4,MM,MM,MM,MM
2025,11,20,16,30,30,2.0,3.0,MM,MM,MM,MM,1017.2,.4,14.4,MM,MM,MM,MM
2025,11,20,16,20,50,3.0,4.0,0.9,16,6.3,276,1017.2,.5,14.4,MM,MM,MM,MM
2025,11,20,16,10,60,2.0,3.0,0.9,MM,6.3,276,1017.0,.7,14.4,MM,MM,MM,MM
2025,11,20,16,0,70,2.0,3.0,MM,MM,MM,MM,1016.8,.7,14.4,MM,MM,+1.0,MM
2025,11,20,15,50,70,2.0,3.0,0.9,15,6.4,269,1016.8,.7,14.4,MM,MM,MM,MM
2025,11,20,15,40,80,2.0,3.0,MM,MM,MM,MM,1016.7,.5,14.4,MM,MM,MM,MM
2025,11,20,15,30,90,3.0,4.0,MM,MM,MM,MM,1016.5,.6,14.4,MM,MM,MM,MM
2025,11,20,15,20,110,3.0,3.0,1.0,16,6.7,280,1016.6,.6,14.3,MM,MM,MM,MM
2025,11,20,15,10,110,2.0,3.0,1.0,MM,6.7,280,1016.4,.5,14.3,MM,MM,MM,MM
2025,11,20,15,0,100,3.0,3.0,MM,MM,MM,MM,1016.4,.4,14.3,MM,MM,+0.6,MM
2025,11,20,14,50,100,3.0,4.0,0.9,16,6.0,285,1016.3,.4,14.3,MM,MM,MM,MM
2025,11,20,14,40,110,3.0,4.0,0.9,MM,6.0,285,1016.1,.4,14.4,MM,MM,MM,MM
2025,11,20,14,30,110,4.0,4.0,MM,MM,MM,MM,1016.0,.4,14.4,MM,MM,MM,MM
2025,11,20,14,20,110,4.0,4.0,0.8,15,5.6,267,1016.0,.4,14.4,MM,MM,MM,MM
2025,11,20,14,10,110,4.0,6.0,0.8,MM,5.6,267,1015.8,.3,MM,MM,MM,MM,MM
2025,11,20,14,0,100,3.0,4.0,MM,MM,MM,MM,1015.8,.2,14.4,MM,MM,-0.4,MM
2025,11,20,13,50,110,4.0,4.0,1.0,16,6.7,276,1015.7,.1,14.4,MM,MM,MM,MM
2025,11,20,13,40,110,4.0,4.0,MM,MM,MM,MM,1015.8,.9,14.4,MM,MM,MM,MM
2025,11,20,13,30,110,4.0,5.0,MM,MM,MM,MM,1015.7,.0,14.4,MM,MM,MM,MM
2025,11,20,13,20,120,4.0,5.0,0.9,16,6.2,268,1015.6,.0,14.4,MM,MM,MM,MM
2025,11,20,13,10,90,3.0,4.0,MM,MM,MM,MM,1015.9,.1,14.4,MM,MM,MM,MM
2025,11,20,13,0,100,3.0,4.0,MM,MM,MM,MM,1015.9,.1,14.4,MM,MM,+0.0,MM
2025,11,20,12,50,110,3.0,4.0,0.9,16,6.9,279,1015.8,.2,14.3,MM,MM,MM,MM
2025,11,20,12,40,110,4.0,5.0,MM,MM,MM,MM,1015.8,.1,14.3,MM,MM,MM,MM
2025,11,20,12,30,120,4.0,5.0,MM,MM,MM,MM,1015.6,.1,14.3,MM,MM,MM,MM
2025,11,20,12,20,120,4.0,5.0,1.0,16,6.9,275,1015.6,.1,14.4,MM,MM,MM,MM
2025,11,20,12,10,120,5.0,6.0,MM,MM,MM,MM,1015.6,.1,14.4,MM,MM,MM,MM
2025,11,20,12,0,120,4.0,5.0,MM,MM,MM,MM,1015.7,.0,14.4,MM,MM,+0.0,MM
2025,11,20,11,50,130,3.0,5.0,0.9,16,6.2,291,1015.7,.0,14.4,MM,MM,MM,MM
2025,11,20,11,40,120,2.0,3.0,MM,MM,MM,MM,1015.8,.9,14.4,MM,MM,MM,MM
2025,11,20,11,30,120,3.0,4.0,MM,MM,MM,MM,1015.8,.9,14.4,MM,MM,MM,MM
2025,11,20,11,20,130,3.0,4.0,0.9,16,6.3,272,1015.8,.0,14.4,MM,MM,MM,MM
2025,11,20,11,10,120,3.0,4.0,0.9,MM,6.3,272,1015.9,.1,14.4,MM,MM,MM,MM
2025,11,20,11,0,110,3.0,4.0,MM,MM,MM,MM,1015.9,.0,14.4,MM,MM,-0.4,MM
2025,11,20,10,50,130,4.0,5.0,0.9,16,5.6,285,1016.1,.1,14.4,MM,MM,MM,MM
2025,11,20,10,40,130,4.0,6.0,MM,MM,MM,MM,1016.1,.4,MM,MM,MM,MM,MM
2025,11,20,10,30,150,4.0,5.0,MM,MM,MM,MM,1015.8,.4,14.4,MM,MM,MM,MM
2025,11,20,10,20,140,4.0,6.0,1.0,16,6.4,287,1015.8,.4,14.4,MM,MM,MM,MM
2025,11,20,10,10,140,5.0,6.0,MM,MM,MM,MM,1015.8,.4,14.4,MM,MM,MM,MM
2025,11,20,10,0,140,4.0,5.0,MM,MM,MM,MM,1015.7,.5,14.5,MM,MM,+0.0,MM
2025,11,20,9,50,140,5.0,6.0,0.9,16,5.7,287,1015.6,.3,14.5,MM,MM,MM,MM
2025,11,20,9,40,140,5.0,6.0,MM,MM,MM,MM,1015.5,.4,14.5,MM,MM,MM,MM
2025,11,20,9,30,150,4.0,5.0,MM,MM,MM,MM,1015.5,.4,14.5,MM,MM,MM,MM
2025,11,20,9,20,150,4.0,5.0,0.9,16,5.9,275,1015.6,.3,14.5,MM,MM,MM,MM
2025,11,20,9,10,160,4.0,5.0,MM,MM,MM,MM,1015.7,.3,14.5,MM,MM,MM,MM
2025,11,20,9,0,160,4.0,6.0,MM,MM,MM,MM,1015.8,.4,14.5,MM,MM,+0.0,MM
2025,11,20,8,50,170,4.0,5.0,1.0,16,5.6,272,1015.9,.2,14.5,MM,MM,MM,MM
2025,11,20,8,40,180,4.0,5.0,MM,MM,MM,MM,1016.1,.1,14.5,MM,MM,MM,MM
2025,11,20,8,30,190,5.0,5.0,MM,MM,MM,MM,1016.2,.2,14.5,MM,MM,MM,MM
2025,11,20,8,20,190,5.0,6.0,1.0,16,6.0,279,1016.3,.4,14.5,MM,MM,MM,MM
2025,11,20,8,10,200,5.0,7.0,1.0,MM,6.0,279,1016.3,.6,14.4,MM,MM,MM,MM
2025,11,20,8,0,200,6.0,7.0,MM,MM,MM,MM,1016.4,.8,14.4,MM,MM,-0.0,MM
2025,11,20,7,50,210,6.0,7.0,1.0,16,5.9,288,1016.4,.4,14.4,MM,MM,MM,MM
2025,11,20,7,40,200,5.0,7.0,MM,MM,MM,MM,1016.4,.9,14.4,MM,MM,MM,MM
2025,11,20,7,30,210,5.0,7.0,MM,MM,MM,MM,1016.4,.4,14.4,MM,MM,MM,MM
2025,11,20,7,20,200,5.0,6.0,1.0,9,6.1,307,1016.2,.6,14.5,MM,MM,MM,MM
2025,11,20,7,10,190,5.0,6.0,1.0,MM,6.1,307,1016.0,.7,14.5,MM,MM,MM,MM
2025,11,20,7,0,190,5.0,6.0,MM,MM,MM,MM,1016.0,.7,14.5,MM,MM,-0.7,MM
2025,11,20,6,50,190,5.0,6.0,1.0,17,6.5,278,1015.9,.6,14.5,MM,MM,MM,MM
2025,11,20,6,40,190,5.0,6.0,MM,MM,MM,MM,1015.9,.5,14.5,MM,MM,MM,MM
2025,11,20,6,30,180,5.0,6.0,MM,MM,MM,MM,1016.0,.5,14.5,MM,MM,MM,MM
2025,11,20,6,20,180,5.0,6.0,1.0,17,6.2,279,1016.0,.5,14.5,MM,MM,MM,MM
2025,11,20,6,10,170,5.0,6.0,1.0,MM,6.2,279,1015.9,.5,14.5,MM,MM,MM,MM
2025,11,20,6,0,180,5.0,6.0,MM,MM,MM,MM,1016.1,.6,14.5,MM,MM,+0.0,MM
2025,11,20,5,50,190,5.0,6.0,1.1,10,6.5,310,1016.3,.6,14.5,MM,MM,MM,MM
2025,11,20,5,40,190,5.0,6.0,MM,MM,MM,MM,1016.4,.6,14.5,MM,MM,MM,MM
2025,11,20,5,30,200,5.0,5.0,MM,MM,MM,MM,1016.6,.6,14.5,MM,MM,MM,MM
2025,11,20,5,20,200,5.0,6.0,1.2,9,6.8,306,1016.5,.7,14.5,MM,MM,MM,MM
2025,11,20,5,10,200,5.0,6.0,1.2,MM,6.8,306,1016.4,.8,14.5,MM,MM,MM,MM
2025,11,20,5,0,200,5.0,5.0,MM,MM,MM,MM,1016.5,.8,14.5,MM,MM,+1.0,MM
2025,11,20,4,50,200,4.0,5.0,1.1,9,6.3,314,1016.5,.7,14.5,MM,MM,MM,MM
2025,11,20,4,40,200,4.0,5.0,MM,MM,MM,MM,1016.5,.8,14.5,MM,MM,MM,MM
2025,11,20,4,30,210,4.0,5.0,MM,MM,MM,MM,1016.5,.8,14.5,MM,MM,MM,MM
2025,11,20,4,20,210,5.0,5.0,1.4,17,7.0,277,1016.7,.8,14.5,MM,MM,MM,MM
2025,11,20,4,10,210,5.0,6.0,1.4,MM,7.0,277,1016.7,.8,14.5,MM,MM,MM,MM
2025,11,20,4,0,210,4.0,5.0,MM,MM,MM,MM,1016.7,.8,14.5,MM,MM,-0.0,MM
2025,11,20,3,50,210,4.0,5.0,1.2,9,6.8,310,1016.6,.7,14.5,MM,MM,MM,MM
2025,11,20,3,40,210,4.0,5.0,MM,MM,MM,MM,1016.6,.7,14.5,MM,MM,MM,MM
2025,11,20,3,30,210,4.0,5.0,MM,MM,MM,MM,1016.6,.7,14.5,MM,MM,MM,MM
2025,11,20,3,20,220,4.0,5.0,1.3,9,6.9,307,1016.7,.6,14.5,MM,MM,MM,MM
2025,11,20,3,10,210,4.0,5.0,1.3,MM,6.9,307,1016.8,.5,14.5,MM,MM,MM,MM
2025,11,20,3,0,170,4.0,5.0,MM,MM,MM,MM,1016.2,.5,14.5,MM,MM,-0.5,MM
2025,11,20,2,50,160,4.0,5.0,1.4,10,6.9,302,1015.6,.6,14.5,MM,MM,MM,MM
2025,11,20,2,40,150,4.0,5.0,MM,MM,MM,MM,1015.6,.6,14.5,MM,MM,MM,MM
2025,11,20,2,30,140,4.0,6.0,MM,MM,MM,MM,1015.4,.5,14.5,MM,MM,MM,MM
2025,11,20,2,20,130,5.0,6.0,1.5,8,7.0,305,1015.3,.4,14.5,MM,MM,MM,MM
2025,11,20,2,10,120,5.0,6.0,1.5,MM,7.0,305,1015.1,.4,14.5,MM,MM,MM,MM
2025,11,20,2,0,120,4.0,5.0,MM,MM,MM,MM,1015.3,.5,14.5,MM,MM,-1.5,MM
2025,11,20,1,50,140,3.0,5.0,1.4,8,6.5,303,1015.3,.4,14.5,MM,MM,MM,MM
2025,11,20,1,40,190,1.0,2.0,MM,MM,MM,MM,1016.4,.4,14.5,MM,MM,MM,MM
2025,11,20,1,30,200,2.0,2.0,MM,MM,MM,MM,1016.5,.5,14.5,MM,MM,MM,MM
2025,11,20,1,20,210,2.0,3.0,1.4,10,7.0,301,1016.6,.5,14.5,MM,MM,MM,MM
2025,11,20,1,10,230,2.0,3.0,1.4,MM,7.0,301,1016.7,.5,14.5,MM,MM,MM,MM
2025,11,20,1,0,230,2.0,3.0,MM,MM,MM,MM,1016.6,.4,14.5,MM,MM,+0.0,MM
2025,11,20,0,50,230,2.0,3.0,1.4,9,6.8,303,1016.6,.5,14.5,MM,MM,MM,MM
2025,11,20,0,40,230,2.0,2.0,1.4,MM,6.8,303,1016.7,.5,14.5,MM,MM,MM,MM
2025,11,20,0,30,220,1.0,2.0,MM,MM,MM,MM,1016.7,.5,14.5,MM,MM,MM,MM
2025,11,20,0,20,MM,0.0,1.0,1.5,8,6.9,305,1016.5,.4,14.5,MM,MM,MM,MM
2025,11,20,0,10,280,1.0,2.0,1.5,MM,6.9,305,1016.5,.4,14.5,MM,MM,MM,MM
2025,11,20,0,0,260,1.0,3.0,MM,MM,MM,MM,1016.7,.4,14.5,MM,MM,-0.7,MM
2025,11,19,23,50,270,2.0,3.0,1.4,8,6.6,303,1016.9,.4,14.5,MM,MM,MM,MM
2025,11,19,23,40,270,2.0,3.0,MM,MM,MM,MM,1016.9,.4,14.5,MM,MM,MM,MM
2025,11,19,23,30,260,2.0,3.0,MM,MM,MM,MM,1016.8,.4,14.5,MM,MM,MM,MM
2025,11,19,23,20,260,2.0,3.0,1.7,8,7.0,305,1016.7,.4,14.5,MM,MM,MM,MM
2025,11,19,23,10,260,2.0,3.0,MM,MM,MM,MM,1016.7,.4,14.5,MM,MM,MM,MM
2025,11,19,23,0,260,2.0,3.0,MM,MM,MM,MM,1016.8,.5,MM,MM,MM,-0.6,MM
2025,11,19,22,50,240,2.0,3.0,1.6,10,7.0,298,1016.7,.5,14.5,MM,MM,MM,MM
2025,11,19,22,40,240,3.0,3.0,MM,MM,MM,MM,1016.6,.5,14.5,MM,MM,MM,MM
2025,11,19,22,30,240,2.0,3.0,MM,MM,MM,MM,1016.6,.5,14.5,MM,MM,MM,MM
2025,11,19,22,20,230,3.0,3.0,1.6,MM,7.2,300,1016.9,.5,14.5,MM,MM,MM,MM
2025,11,19,22,10,240,2.0,3.0,MM,MM,MM,MM,1016.7,.5,14.5,MM,MM,MM,MM
2025,11,19,22,0,240,2.0,3.0,1.6,MM,7.2,300,1016.7,.6,14.5,MM,MM,-1.4,MM
2025,11,19,21,50,240,2.0,3.0,1.6,9,7.1,290,1016.7,.6,14.5,MM,MM,MM,MM
2025,11,19,21,40,240,2.0,3.0,MM,MM,MM,MM,1016.8,.6,14.5,MM,MM,MM,MM
2025,11,19,21,30,250,2.0,3.0,MM,MM,MM,MM,1016.9,.6,14.5,MM,MM,MM,MM
2025,11,19,21,20,250,2.0,4.0,1.7,8,7.1,302,1016.9,.6,14.5,MM,MM,MM,MM
2025,11,19,21,10,240,3.0,4.0,1.7,MM,7.1,302,1017.1,.5,14.5,MM,MM,MM,MM
2025,11,19,21,0,240,3.0,4.0,MM,MM,MM,MM,1017.3,.6,14.5,MM,MM,-0.5,MM
2025,11,19,20,50,240,4.0,4.0,1.5,9,6.8,301,1017.4,.6,14.5,MM,MM,MM,MM
2025,11,19,20,40,250,3.0,4.0,1.5,MM,6.8,301,1017.4,.6,14.5,MM,MM,MM,MM
2025,11,19,20,30,240,3.0,4.0,MM,MM,MM,MM,1017.4,.6,14.5,MM,MM,MM,MM
2025,11,19,20,20,230,3.0,4.0,1.7,10,7.2,295,1017.5,.5,14.5,MM,MM,MM,MM
2025,11,19,20,10,170,2.0,3.0,1.7,MM,7.2,295,1017.4,.4,14.5,MM,MM,MM,MM
2025,11,19,20,0,160,2.0,3.0,MM,MM,MM,MM,1017.7,.4,14.5,MM,MM,-0.4,MM
2025,11,19,19,50,180,2.0,3.0,1.5,8,6.8,308,1017.5,.4,14.5,MM,MM,MM,MM
2025,11,19,19,40,190,3.0,3.0,MM,MM,MM,MM,1017.7,.4,14.5,MM,MM,MM,MM
2025,11,19,19,30,160,3.0,4.0,MM,MM,MM,MM,1017.7,.4,14.5,MM,MM,MM,MM
2025,11,19,19,20,160,3.0,5.0,1.7,9,7.4,310,1017.8,.4,14.5,MM,MM,MM,MM
2025,11,19,19,10,160,4.0,5.0,MM,MM,MM,MM,1018.1,MM,14.5,MM,MM,MM,MM
2025,11,19,19,0,160,5.0,6.0,1.7,MM,7.4,310,1018.0,.4,MM,MM,MM,+0.5,MM
2025,11,19,18,50,160,5.0,6.0,1.8,9,7.3,314,1018.1,.4,14.5,MM,MM,MM,MM
2025,11,19,18,40,160,5.0,6.0,1.8,MM,7.3,314,1018.1,.4,14.5,MM,MM,MM,MM
2025,11,19,18,30,160,5.0,6.0,MM,MM,MM,MM,1018.2,.4,14.5,MM,MM,MM,MM
2025,11,19,18,20,170,5.0,6.0,1.8,11,7.5,310,1018.0,.3,14.5,MM,MM,MM,MM
2025,11,19,18,10,170,4.0,6.0,1.8,MM,7.5,310,1018.1,.3,14.5,MM,MM,MM,MM
2025,11,19,18,0,170,5.0,6.0,MM,MM,MM,MM,1017.9,.3,14.5,MM,MM,+0.7,MM
2025,11,19,17,50,170,4.0,5.0,1.8,10,7.5,311,1017.7,.3,14.5,MM,MM,MM,MM
2025,11,19,17,40,170,4.0,5.0,MM,MM,MM,MM,1017.8,.3,14.5,MM,MM,MM,MM
2025,11,19,17,30,180,4.0,5.0,MM,MM,MM,MM,1017.9,.3,14.5,MM,MM,MM,MM
2025,11,19,17,20,180,4.0,5.0,1.9,11,7.7,301,1017.9,.3,14.5,MM,MM,MM,MM
2025,11,19,17,10,180,4.0,5.0,1.9,MM,7.7,301,1017.9,.3,14.5,MM,MM,MM,MM
2025,11,19,17,0,190,4.0,5.0,MM,MM,MM,MM,1017.9,.3,14.5,MM,MM,+1.2,MM
2025,11,19,16,50,190,4.0,4.0,1.7,9,7.6,311,1017.9,.3,14.5,MM,MM,MM,MM
2025,11,19,16,40,190,4.0,5.0,MM,MM,MM,MM,1017.9,.3,14.5,MM,MM,MM,MM
2025,11,19,16,30,190,4.0,5.0,MM,MM,MM,MM,1017.8,.3,14.5,MM,MM,MM,MM
2025,11,19,16,20,190,4.0,5.0,1.6,9,7.4,312,1017.6,.3,14.5,MM,MM,MM,MM
2025,11,19,16,10,200,4.0,5.0,1.6,MM,7.4,312,1017.6,.3,14.5,MM,MM,MM,MM
2025,11,19,16,0,190,4.0,4.0,MM,MM,MM,MM,1017.6,.3,14.5,MM,MM,+1.3,MM
2025,11,19,15,50,190,3.0,4.0,1.9,11,7.8,301,1017.5,.4,14.5,MM,MM,MM,MM
2025,11,19,15,40,190,3.0,4.0,1.9,MM,7.8,301,1017.5,.3,14.5,MM,MM,MM,MM
2025,11,19,15,30,200,3.0,4.0,MM,MM,MM,MM,1017.5,.3,14.5,MM,MM,MM,MM
2025,11,19,15,20,200,4.0,4.0,1.9,10,7.7,306,1017.4,.3,14.5,MM,MM,MM,MM
2025,11,19,15,10,190,3.0,4.0,1.9,MM,7.7,306,1017.3,.4,14.5,MM,MM,MM,MM
2025,11,19,15,0,210,3.0,4.0,MM,MM,MM,MM,1017.2,.5,14.5,MM,MM,+0.9,MM
2025,11,19,14,50,200,3.0,4.0,1.7,9,7.4,311,1017.0,.5,14.5,MM,MM,MM,MM
2025,11,19,14,40,200,3.0,4.0,MM,MM,MM,MM,1017.0,.4,14.5,MM,MM,MM,MM
2025,11,19,14,30,200,4.0,5.0,MM,MM,MM,MM,1016.9,.5,14.5,MM,MM,MM,MM
2025,11,19,14,20,200,4.0,5.0,1.9,10,7.6,315,1016.8,.5,14.5,MM,MM,MM,MM
2025,11,19,14,10,190,4.0,5.0,1.9,MM,7.6,315,1016.7,.4,14.5,MM,MM,MM,MM
2025,11,19,14,0,190,4.0,5.0,MM,MM,MM,MM,1016.6,.4,14.5,MM,MM,-0.0,MM
2025,11,19,13,50,170,4.0,5.0,2.1,12,7.9,302,1016.4,.3,14.5,MM,MM,MM,MM
2025,11,19,13,40,160,3.0,4.0,2.1,MM,7.9,302,1016.4,.4,14.4,MM,MM,MM,MM
2025,11,19,13,30,140,3.0,4.0,MM,MM,MM,MM,1016.3,.3,14.4,MM,MM,MM,MM
2025,11,19,13,20,120,2.0,3.0,2.0,10,7.4,308,1016.3,.3,14.4,MM,MM,MM,MM
2025,11,19,13,10,110,3.0,4.0,2.0,MM,7.4,308,1016.2,.3,14.4,MM,MM,MM,MM
2025,11,19,13,0,100,2.0,3.0,MM,MM,MM,MM,1016.3,.3,14.4,MM,MM,+0.0,MM
2025,11,19,12,50,90,2.0,3.0,MM,MM,MM,MM,1016.2,.3,14.4,MM,MM,MM,MM
2025,11,19,12,40,80,2.0,3.0,MM,MM,MM,MM,1016.2,.3,14.2,MM,MM,MM,MM
2025,11,19,12,30,30,1.0,2.0,MM,MM,MM,MM,1016.1,.4,14.2,MM,MM,MM,MM
2025,11,19,12,20,MM,0.0,2.0,1.8,12,7.1,301,1016.1,.4,14.2,MM,MM,MM,MM
2025,11,19,12,10,210,1.0,2.0,1.8,MM,7.1,301,1016.2,.4,14.2,MM,MM,MM,MM
2025,11,19,12,0,250,1.0,2.0,MM,MM,MM,MM,1016.3,.4,14.2,MM,MM,+0.0,MM
2025,11,19,11,50,260,2.0,3.0,1.8,11,7.2,295,1016.1,.4,14.2,MM,MM,MM,MM
2025,11,19,11,40,260,2.0,3.0,MM,MM,MM,MM,1016.1,.4,14.2,MM,MM,MM,MM
2025,11,19,11,30,250,2.0,4.0,MM,MM,MM,MM,1016.3,.5,14.2,MM,MM,MM,MM
2025,11,19,11,20,250,2.0,3.0,2.1,11,7.5,299,1016.4,.6,14.2,MM,MM,MM,MM
2025,11,19,11,10,210,2.0,3.0,2.1,MM,7.5,299,1016.4,.7,MM,MM,MM,MM,MM
2025,11,19,11,0,190,1.0,2.0,MM,MM,MM,MM,1016.4,.7,MM,MM,MM,+0.6,MM
2025,11,19,10,50,200,1.0,2.0,2.0,10,7.4,305,1016.4,.8,14.2,MM,MM,MM,MM
2025,11,19,10,40,210,3.0,4.0,MM,MM,MM,MM,1016.4,.8,14.2,MM,MM,MM,MM
2025,11,19,10,30,190,2.0,4.0,MM,MM,MM,MM,1016.5,.7,MM,MM,MM,MM,MM
2025,11,19,10,20,200,2.0,5.0,2.0,12,7.4,298,1016.1,.7,14.2,MM,MM,MM,MM
2025,11,19,10,10,210,4.0,5.0,MM,MM,MM,MM,1016.4,.7,MM,MM,MM,MM,MM
2025,11,19,10,0,250,2.0,3.0,MM,MM,MM,MM,1016.1,.7,14.3,MM,MM,+0.3,MM
2025,11,19,9,50,270,3.0,4.0,2.0,11,7.4,302,1016.4,.7,14.2,MM,MM,MM,MM
2025,11,19,9,40,270,3.0,4.0,MM,MM,MM,MM,1016.4,.6,14.1,MM,MM,MM,MM
2025,11,19,9,30,280,3.0,5.0,MM,MM,MM,MM,1016.7,.6,MM,MM,MM,MM,MM
2025,11,19,9,20,280,4.0,5.0,2.1,9,7.5,304,1016.4,.6,14.1,MM,MM,MM,MM
2025,11,19,9,10,290,4.0,5.0,2.1,MM,7.5,304,1016.2,.5,14.1,MM,MM,MM,MM
2025,11,19,9,0,290,4.0,5.0,MM,MM,MM,MM,1016.4,.5,14.1,MM,MM,-0.0,MM
2025,11,19,8,50,290,3.0,4.0,2.3,10,7.9,302,1016.3,.5,14.1,MM,MM,MM,MM
2025,11,19,8,40,290,2.0,3.0,MM,MM,MM,MM,1016.1,.5,14.1,MM,MM,MM,MM
2025,11,19,8,30,260,2.0,4.0,MM,MM,MM,MM,1016.0,.6,14.1,MM,MM,MM,MM
2025,11,19,8,20,240,2.0,3.0,2.2,10,7.6,308,1016.0,.6,14.2,MM,MM,MM,MM
2025,11,19,8,10,240,2.0,3.0,2.2,MM,7.6,308,1015.9,.6,14.2,MM,MM,MM,MM
2025,11,19,8,0,260,2.0,4.0,MM,MM,MM,MM,1015.9,.6,14.2,MM,MM,-0.4,MM
2025,11,19,7,50,260,3.0,4.0,2.4,11,8.0,304,1015.9,.6,14.2,MM,MM,MM,MM
2025,11,19,7,40,260,3.0,4.0,MM,MM,MM,MM,1015.9,.5,14.1,MM,MM,MM,MM
2025,11,19,7,30,240,4.0,5.0,MM,MM,MM,MM,1016.0,.5,14.2,MM,MM,MM,MM
2025,11,19,7,20,240,3.0,4.0,2.4,9,7.8,310,1015.9,.5,14.2,MM,MM,MM,MM
2025,11,19,7,10,240,4.0,5.0,2.4,MM,7.8,310,1015.9,.4,14.2,MM,MM,MM,MM
2025,11,19,7,0,250,3.0,5.0,MM,MM,MM,MM,1015.9,.4,14.2,MM,MM,+0.0,MM
2025,11,19,6,50,240,4.0,6.0,2.3,10,7.7,311,1016.0,.4,14.2,MM,MM,MM,MM
2025,11,19,6,40,290,3.0,6.0,2.3,MM,7.7,311,1016.0,.4,14.2,MM,MM,MM,MM
2025,11,19,6,30,260,4.0,6.0,MM,MM,MM,MM,1016.0,.4,14.2,MM,MM,MM,MM
2025,11,19,6,20,270,3.0,5.0,2.6,9,7.8,303,1016.0,.4,14.2,MM,MM,MM,MM
2025,11,19,6,10,250,3.0,5.0,MM,MM,MM,MM,1016.1,.5,14.2,MM,MM,MM,MM
2025,11,19,6,0,270,4.0,6.0,MM,MM,MM,MM,1016.1,.5,14.2,MM,MM,+0.6,MM
2025,11,19,5,50,280,4.0,6.0,2.4,11,8.0,302,1016.2,.5,14.2,MM,MM,MM,MM
2025,11,19,5,40,280,4.0,7.0,MM,MM,MM,MM,1016.2,.5,14.2,MM,MM,MM,MM
2025,11,19,5,30,290,3.0,5.0,MM,MM,MM,MM,1016.3,.6,14.2,MM,MM,MM,MM
2025,11,19,5,20,260,3.0,5.0,2.4,10,7.9,303,1016.3,.5,14.2,MM,MM,MM,MM
2025,11,19,5,10,280,4.0,6.0,2.4,MM,7.9,303,1016.3,.5,14.2,MM,MM,MM,MM
2025,11,19,5,0,270,4.0,5.0,MM,MM,MM,MM,1016.3,.4,14.2,MM,MM,+1.0,MM
2025,11,19,4,50,290,4.0,5.0,2.6,10,8.1,303,1016.1,.4,14.2,MM,MM,MM,MM
2025,11,19,4,40,270,3.0,5.0,MM,MM,MM,MM,1015.9,.4,14.2,MM,MM,MM,MM
2025,11,19,4,30,280,3.0,5.0,MM,MM,MM,MM,1015.9,.4,14.2,MM,MM,MM,MM
2025,11,19,4,20,270,4.0,5.0,2.7,10,8.1,305,1015.9,.3,14.2,MM,MM,MM,MM
2025,11,19,4,10,270,5.0,6.0,2.7,MM,8.1,305,1015.9,.4,14.2,MM,MM,MM,MM
2025,11,19,4,0,270,5.0,7.0,MM,MM,MM,MM,1015.8,.5,MM,MM,MM,+0.8,MM
2025,11,19,3,50,280,5.0,6.0,2.7,11,8.1,306,1015.8,.5,14.2,MM,MM,MM,MM
2025,11,19,3,40,280,5.0,6.0,MM,MM,MM,MM,1015.8,.5,14.2,MM,MM,MM,MM
2025,11,19,3,30,280,5.0,6.0,MM,MM,MM,MM,1015.6,.5,14.2,MM,MM,MM,MM
2025,11,19,3,20,280,5.0,6.0,2.4,11,7.8,303,1015.6,.6,14.2,MM,MM,MM,MM
2025,11,19,3,10,280,4.0,5.0,2.4,MM,7.8,303,1015.6,.6,14.2,MM,MM,MM,MM
2025,11,19,3,0,280,3.0,4.0,MM,MM,MM,MM,1015.6,.5,14.2,MM,MM,+0.9,MM
2025,11,19,2,50,290,3.0,5.0,2.9,11,8.5,299,1015.6,.5,14.2,MM,MM,MM,MM
2025,11,19,2,40,300,3.0,5.0,MM,MM,MM,MM,1015.5,.5,14.2,MM,MM,MM,MM
2025,11,19,2,30,300,3.0,5.0,MM,MM,MM,MM,1015.4,.5,14.2,MM,MM,MM,MM
2025,11,19,2,20,300,4.0,5.0,2.5,10,7.8,300,1015.5,.6,14.2,MM,MM,MM,MM
2025,11,19,2,10,300,4.0,5.0,2.5,MM,7.8,300,1015.4,.6,14.2,MM,MM,MM,MM
2025,11,19,2,0,310,5.0,6.0,MM,MM,MM,MM,1015.3,.6,14.2,MM,MM,+0.8,MM
2025,11,19,1,50,300,5.0,7.0,2.6,10,8.1,295,1015.4,.6,14.2,MM,MM,MM,MM
2025,11,19,1,40,310,4.0,7.0,MM,MM,MM,MM,1015.4,.5,14.2,MM,MM,MM,MM
2025,11,19,1,30,310,4.0,6.0,MM,MM,MM,MM,1015.4,.6,14.3,MM,MM,MM,MM
2025,11,19,1,20,310,5.0,6.0,2.4,11,7.9,301,1015.3,.6,14.3,MM,MM,MM,MM
2025,11,19,1,10,310,5.0,7.0,2.4,MM,7.9,301,1015.3,.6,14.2,MM,MM,MM,MM
2025,11,19,1,0,310,5.0,7.0,MM,MM,MM,MM,1015.1,.6,14.3,MM,MM,+0.5,MM
2025,11,19,0,50,310,6.0,7.0,2.5,11,8.3,301,1015.0,.6,14.3,MM,MM,MM,MM
2025,11,19,0,40,310,5.0,7.0,MM,MM,MM,MM,1014.9,.6,14.3,MM,MM,MM,MM
2025,11,19,0,30,310,4.0,6.0,MM,MM,MM,MM,1014.9,.7,14.3,MM,MM,MM,MM
2025,11,19,0,20,300,5.0,6.0,2.3,11,7.9,291,1014.7,.7,14.3,MM,MM,MM,MM
2025,11,19,0,10,300,5.0,6.0,2.3,MM,7.9,291,1014.7,.8,14.3,MM,MM,MM,MM
2025,11,19,0,0,300,5.0,7.0,MM,MM,MM,MM,1014.7,.8,14.3,MM,MM,-0.0,MM
2025,11,18,23,50,300,5.0,7.0,2.5,11,8.5,290,1014.7,.8,14.3,MM,MM,MM,MM
2025,11,18,23,40,300,5.0,6.0,2.5,MM,8.5,290,1014.5,.8,14.3,MM,MM,MM,MM
2025,11,18,23,30,290,4.0,6.0,MM,MM,MM,MM,1014.5,.8,14.3,MM,MM,MM,MM
2025,11,18,23,20,290,4.0,6.0,2.5,11,8.6,288,1014.6,.7,14.3,MM,MM,MM,MM
2025,11,18,23,10,290,5.0,6.0,2.5,MM,8.6,288,1014.5,.7,14.3,MM,MM,MM,MM
2025,11,18,23,0,300,4.0,6.0,MM,MM,MM,MM,1014.6,.7,14.3,MM,MM,-0.6,MM
2025,11,18,22,50,300,4.0,6.0,2.4,11,8.3,289,1014.6,.7,14.3,MM,MM,MM,MM
2025,11,18,22,40,300,5.0,6.0,MM,MM,MM,MM,1014.6,.7,14.3,MM,MM,MM,MM
2025,11,18,22,30,300,5.0,6.0,MM,MM,MM,MM,1014.6,.7,14.3,MM,MM,MM,MM
2025,11,18,22,20,310,5.0,6.0,2.2,10,8.1,284,1014.6,.7,14.3,MM,MM,MM,MM
2025,11,18,22,10,300,5.0,7.0,2.2,MM,8.1,284,1014.7,.6,14.3,MM,MM,MM,MM
2025,11,18,22,0,300,6.0,7.0,MM,MM,MM,MM,1014.7,.7,14.3,MM,MM,-0.5,MM
2025,11,18,21,50,290,4.0,6.0,2.1,11,8.5,287,1014.9,.7,14.3,MM,MM,MM,MM
2025,11,18,21,40,290,5.0,6.0,MM,MM,MM,MM,1014.8,.8,14.3,MM,MM,MM,MM
2025,11,18,21,30,290,4.0,6.0,MM,MM,MM,MM,1014.7,.0,14.3,MM,MM,MM,MM
2025,11,18,21,20,290,4.0,6.0,MM,MM,MM,MM,1014.9,.1,14.3,MM,MM,MM,MM
2025,11,18,21,10,290,5.0,6.0,MM,MM,MM,MM,1014.9,.8,14.4,MM,MM,MM,MM
2025,11,18,21,0,290,4.0,6.0,MM,MM,MM,MM,1014.9,.6,14.3,MM,MM,+0.4,MM
2025,11,18,20,50,290,5.0,6.0,2.3,11,8.6,285,1014.9,.6,14.4,MM,MM,MM,MM
2025,11,18,20,40,290,4.0,5.0,MM,MM,MM,MM,1014.9,.6,14.4,MM,MM,MM,MM
2025,11,18,20,30,300,4.0,5.0,MM,MM,MM,MM,1014.9,.5,14.4,MM,MM,MM,MM
2025,11,18,20,20,310,4.0,5.0,2.2,11,8.3,288,1015.0,.5,14.4,MM,MM,MM,MM
2025,11,18,20,10,320,4.0,5.0,2.2,MM,8.3,288,1015.1,.5,14.4,MM,MM,MM,MM
2025,11,18,20,0,320,3.0,4.0,MM,MM,MM,MM,1015.2,.6,14.3,MM,MM,+0.6,MM
2025,11,18,19,50,330,4.0,5.0,2.2,11,8.7,289,1015.2,.7,14.3,MM,MM,MM,MM
2025,11,18,19,40,350,4.0,5.0,2.2,MM,8.7,289,1015.2,.7,14.3,MM,MM,MM,MM
2025,11,18,19,30,350,1.0,3.0,MM,MM,MM,MM,1015.2,.5,14.3,MM,MM,MM,MM
2025,11,18,19,20,MM,0.0,1.0,2.3,12,8.4,292,1015.1,.6,14.2,MM,MM,MM,MM
2025,11,18,19,10,90,1.0,3.0,2.3,MM,8.4,292,1015.2,.6,14.2,MM,MM,MM,MM
2025,11,18,19,0,90,1.0,3.0,MM,MM,MM,MM,1015.2,.5,14.2,MM,MM,+0.8,MM
2025,11,18,18,50,50,2.0,3.0,2.4,11,8.3,296,1015.1,.5,14.2,MM,MM,MM,MM
2025,11,18,18,40,60,2.0,4.0,2.4,MM,8.3,296,1015.3,.4,14.2,MM,MM,MM,MM
2025,11,18,18,30,100,4.0,6.0,MM,MM,MM,MM,1015.0,.4,14.2,MM,MM,MM,MM
2025,11,18,18,20,80,5.0,7.0,2.2,13,8.0,293,1014.8,.1,14.2,MM,MM,MM,MM
2025,11,18,18,10,90,6.0,7.0,2.2,MM,8.0,293,1014.7,.0,14.2,MM,MM,MM,MM
2025,11,18,18,0,100,6.0,8.0,MM,MM,MM,MM,1014.6,.0,14.2,MM,MM,+0.9,MM
2025,11,18,17,50,100,7.0,9.0,2.3,11,7.8,301,1014.4,.0,MM,MM,MM,MM,MM
2025,11,18,17,40,100,7.0,8.0,MM,MM,MM,MM,1014.5,.9,14.2,MM,MM,MM,MM
2025,11,18,17,30,90,6.0,7.0,MM,MM,MM,MM,1014.6,.9,14.2,MM,MM,MM,MM
2025,11,18,17,20,90,6.0,8.0,2.2,11,7.6,292,1014.5,.0,MM,MM,MM,MM,MM
2025,11,18,17,10,80,6.0,8.0,MM,MM,MM,MM,1014.5,.9,14.2,MM,MM,MM,MM
2025,11,18,17,0,80,6.0,8.0,MM,MM,MM,MM,1014.5,.9,14.2,MM,MM,+1.2,MM
2025,11,18,16,50,80,6.0,8.0,2.3,11,7.8,295,1014.4,.9,14.2,MM,MM,MM,MM
2025,11,18,16,40,80,6.0,8.0,MM,MM,MM,MM,1014.5,.9,14.2,MM,MM,MM,MM
2025,11,18,16,30,80,6.0,7.0,MM,MM,MM,MM,1014.5,.1,14.2,MM,MM,MM,MM
2025,11,18,16,20,80,5.0,7.0,2.5,11,8.0,300,1014.4,.3,14.2,MM,MM,MM,MM
2025,11,18,16,10,60,5.0,6.0,MM,MM,MM,MM,1014.6,.4,14.2,MM,MM,MM,MM
2025,11,18,16,0,60,5.0,6.0,MM,MM,MM,MM,1014.4,.4,14.2,MM,MM,+1.5,MM
2025,11,18,15,50,60,6.0,7.0,2.5,10,7.9,295,1014.3,.4,14.2,MM,MM,MM,MM
2025,11,18,15,40,50,7.0,8.0,2.5,MM,7.9,295,1014.1,.2,14.2,MM,MM,MM,MM
2025,11,18,15,30,50,7.0,9.0,MM,MM,MM,MM,1013.9,.1,14.2,MM,MM,MM,MM
2025,11,18,15,20,50,7.0,8.0,2.4,10,7.9,297,1013.8,.9,14.2,MM,MM,MM,MM
2025,11,18,15,10,50,6.0,8.0,MM,MM,MM,MM,1013.8,.8,14.2,MM,MM,MM,MM
2025,11,18,15,0,40,5.0,7.0,MM,MM,MM,MM,1013.6,.7,14.2,MM,MM,+1.5,MM
2025,11,18,14,50,40,5.0,6.0,2.6,11,7.9,300,1013.7,.6,14.2,MM,MM,MM,MM
2025,11,18,14,40,40,5.0,7.0,2.6,MM,7.9,300,1013.6,.5,14.2,MM,MM,MM,MM
2025,11,18,14,30,30,4.0,6.0,MM,MM,MM,MM,1013.6,.2,14.2,MM,MM,MM,MM
2025,11,18,14,20,30,4.0,5.0,2.6,11,7.8,299,1013.5,.1,14.2,MM,MM,MM,MM
2025,11,18,14,10,20,5.0,6.0,2.6,MM,7.8,299,1013.4,.1,14.2,MM,MM,MM,MM
2025,11,18,14,0,20,5.0,6.0,MM,MM,MM,MM,1013.2,.2,14.2,MM,MM,+1.4,MM
2025,11,18,13,50,30,6.0,7.0,2.6,11,7.7,282,1013.1,.1,14.2,MM,MM,MM,MM
2025,11,18,13,40,30,7.0,8.0,2.6,MM,7.7,282,1013.0,.0,14.2,MM,MM,MM,MM
2025,11,18,13,30,30,6.0,8.0,MM,MM,MM,MM,1013.1,.9,14.2,MM,MM,MM,MM
2025,11,18,13,20,30,6.0,8.0,3.1,11,8.6,289,1012.9,.5,14.2,MM,MM,MM,MM
2025,11,18,13,10,30,7.0,9.0,3.1,MM,8.6,289,1012.8,.5,14.2,MM,MM,MM,MM
2025,11,18,13,0,10,7.0,9.0,MM,MM,MM,MM,1012.8,.8,14.2,MM,MM,+1.3,MM
2025,11,18,12,50,10,8.0,9.0,2.8,11,8.1,293,1012.7,.3,14.2,MM,MM,MM,MM
2025,11,18,12,40,10,6.0,8.0,MM,MM,MM,MM,1012.5,.7,14.2,MM,MM,MM,MM
2025,11,18,12,30,10,6.0,8.0,MM,MM,MM,MM,1012.4,.9,14.2,MM,MM,MM,MM
2025,11,18,12,20,10,5.0,6.0,2.9,12,8.1,295,1012.4,.8,14.2,MM,MM,MM,MM
2025,11,18,12,10,10,5.0,6.0,MM,MM,MM,MM,1012.2,.8,14.2,MM,MM,MM,MM
2025,11,18,12,0,10,5.0,6.0,MM,MM,MM,MM,1012.0,.8,MM,MM,MM,+0.9,MM
2025,11,18,11,50,20,5.0,6.0,2.8,9,7.8,305,1012.0,.8,14.2,MM,MM,MM,MM
2025,11,18,11,40,40,5.0,6.0,MM,MM,MM,MM,1011.9,.9,14.2,MM,MM,MM,MM
2025,11,18,11,30,50,5.0,6.0,MM,MM,MM,MM,1011.9,.8,14.2,MM,MM,MM,MM
2025,11,18,11,20,50,5.0,7.0,3.4,11,8.4,293,1011.9,.8,14.2,MM,MM,MM,MM
2025,11,18,11,10,50,6.0,7.0,3.4,MM,8.4,293,1011.9,.8,14.2,MM,MM,MM,MM
2025,11,18,11,0,50,6.0,7.0,MM,MM,MM,MM,1011.8,.8,14.2,MM,MM,+1.0,MM
2025,11,18,10,50,60,6.0,8.0,2.7,10,8.0,293,1011.8,.8,14.2,MM,MM,MM,MM
2025,11,18,10,40,60,6.0,7.0,MM,MM,MM,MM,1011.7,.8,14.2,MM,MM,MM,MM
2025,11,18,10,30,60,6.0,7.0,MM,MM,MM,MM,1011.6,.7,14.2,MM,MM,MM,MM
2025,11,18,10,20,60,6.0,7.0,3.2,9,8.2,290,1011.6,.7,14.2,MM,MM,MM,MM
2025,11,18,10,10,60,7.0,8.0,3.2,MM,8.2,290,1011.8,.7,MM,MM,MM,MM,MM
2025,11,18,10,0,60,6.0,8.0,MM,MM,MM,MM,1011.5,.7,14.2,MM,MM,+0.6,MM
2025,11,18,9,50,70,6.0,9.0,3.4,10,8.2,292,1011.5,.7,14.2,MM,MM,MM,MM
2025,11,18,9,40,70,7.0,9.0,MM,MM,MM,MM,1011.3,.7,14.2,MM,MM,MM,MM
2025,11,18,9,30,70,7.0,9.0,MM,MM,MM,MM,1011.2,.6,14.2,MM,MM,MM,MM
2025,11,18,9,20,70,7.0,9.0,3.2,11,8.3,291,1011.1,.6,14.2,MM,MM,MM,MM
2025,11,18,9,10,70,7.0,8.0,3.2,MM,8.3,291,1011.0,.7,14.2,MM,MM,MM,MM
2025,11,18,9,0,70,7.0,9.0,MM,MM,MM,MM,1011.1,.8,14.2,MM,MM,-0.0,MM
2025,11,18,8,50,70,6.0,8.0,3.0,11,8.1,296,1011.0,.9,14.2,MM,MM,MM,MM
2025,11,18,8,40,70,5.0,7.0,MM,MM,MM,MM,1011.0,.8,14.2,MM,MM,MM,MM
2025,11,18,8,30,70,5.0,7.0,MM,MM,MM,MM,1010.9,.8,14.2,MM,MM,MM,MM
2025,11,18,8,20,70,5.0,7.0,2.9,11,8.2,298,1010.9,.7,14.2,MM,MM,MM,MM
2025,11,18,8,10,70,4.0,6.0,2.9,MM,8.2,298,1010.8,.8,14.2,MM,MM,MM,MM
2025,11,18,8,0,70,4.0,6.0,MM,MM,MM,MM,1010.8,.7,14.2,MM,MM,+0.0,MM
2025,11,18,7,50,60,4.0,6.0,3.0,11,7.9,297,1010.7,.6,14.2,MM,MM,MM,MM
2025,11,18,7,40,60,4.0,6.0,MM,MM,MM,MM,1010.8,.7,14.2,MM,MM,MM,MM
2025,11,18,7,30,50,3.0,5.0,MM,MM,MM,MM,1010.8,.8,14.2,MM,MM,MM,MM
2025,11,18,7,20,40,3.0,4.0,3.1,11,7.9,303,1010.9,.8,14.2,MM,MM,MM,MM
2025,11,18,7,10,30,3.0,4.0,MM,MM,MM,MM,1010.9,.8,14.2,MM,MM,MM,MM
2025,11,18,7,0,10,3.0,4.0,MM,MM,MM,MM,1010.8,.8,14.2,MM,MM,+0.0,MM
2025,11,18,6,50,350,2.0,4.0,3.1,11,7.9,304,1010.9,.5,14.2,MM,MM,MM,MM
2025,11,18,6,40,250,2.0,3.0,3.1,MM,7.9,304,1010.9,.3,14.2,MM,MM,MM,MM
2025,11,18,6,30,290,1.0,3.0,MM,MM,MM,MM,1010.8,.1,14.2,MM,MM,MM,MM
2025,11,18,6,20,350,2.0,4.0,3.1,11,7.7,305,1010.8,.1,14.2,MM,MM,MM,MM
2025,11,18,6,10,340,3.0,6.0,3.1,MM,7.7,305,1010.8,.1,14.2,MM,MM,MM,MM
2025,11,18,6,0,320,5.0,8.0,MM,MM,MM,MM,1011.0,.5,14.2,MM,MM,+0.3,MM
2025,11,18,5,50,310,6.0,8.0,3.4,11,7.9,297,1010.9,.1,14.2,MM,MM,MM,MM
2025,11,18,5,40,280,5.0,7.0,MM,MM,MM,MM,1010.9,.1,14.2,MM,MM,MM,MM
2025,11,18,5,30,280,5.0,7.0,MM,MM,MM,MM,1011.0,.0,14.2,MM,MM,MM,MM
2025,11,18,5,20,290,6.0,8.0,3.6,11,7.7,291,1011.0,.0,14.2,MM,MM,MM,MM
2025,11,18,5,10,300,7.0,9.0,3.6,MM,7.7,291,1011.1,.9,14.2,MM,MM,MM,MM
2025,11,18,5,0,300,8.0,0.0,MM,MM,MM,MM,1011.0,.9,14.2,MM,MM,+0.7,MM
2025,11,18,4,50,300,8.0,0.0,3.2,11,7.4,289,1011.0,.8,14.2,MM,MM,MM,MM
2025,11,18,4,40,300,8.0,1.0,MM,MM,MM,MM,1011.0,.9,14.2,MM,MM,MM,MM
2025,11,18,4,30,300,9.0,1.0,MM,MM,MM,MM,1010.9,.0,14.2,MM,MM,MM,MM
2025,11,18,4,20,300,9.0,1.0,3.2,12,7.2,285,1010.9,.1,14.2,MM,MM,MM,MM
2025,11,18,4,10,310,9.0,2.0,MM,MM,MM,MM,1010.9,.1,14.2,MM,MM,MM,MM
2025,11,18,4,0,310,0.0,2.0,MM,MM,MM,MM,1010.9,.2,14.2,MM,MM,+1.1,MM
2025,11,18,3,50,300,0.0,2.0,3.4,11,7.4,287,1010.7,.2,14.2,MM,MM,MM,MM
2025,11,18,3,40,310,9.0,2.0,MM,MM,MM,MM,1010.7,.2,14.2,MM,MM,MM,MM
2025,11,18,3,30,310,9.0,1.0,MM,MM,MM,MM,1010.7,.1,14.2,MM,MM,MM,MM
2025,11,18,3,20,310,0.0,2.0,3.3,11,7.1,293,1010.7,.1,14.2,MM,MM,MM,MM
2025,11,18,3,10,310,0.0,3.0,3.3,MM,7.1,293,1010.7,.2,14.2,MM,MM,MM,MM
2025,11,18,3,0,310,0.0,2.0,MM,MM,MM,MM,1010.7,.2,14.2,MM,MM,+1.1,MM
2025,11,18,2,50,310,0.0,2.0,3.7,11,7.5,298,1010.7,.3,14.2,MM,MM,MM,MM
2025,11,18,2,40,310,0.0,3.0,3.7,MM,7.5,298,1010.6,.2,14.2,MM,MM,MM,MM
2025,11,18,2,30,310,0.0,3.0,MM,MM,MM,MM,1010.6,.3,14.2,MM,MM,MM,MM
2025,11,18,2,20,310,1.0,3.0,3.7,12,7.4,288,1010.4,.3,14.2,MM,MM,MM,MM
2025,11,18,2,10,310,0.0,3.0,3.7,MM,7.4,288,1010.4,.2,14.2,MM,MM,MM,MM
2025,11,18,2,0,310,1.0,4.0,MM,MM,MM,MM,1010.3,.2,14.2,MM,MM,+1.1,MM
2025,11,18,1,50,300,1.0,4.0,3.5,12,7.1,289,1010.3,.3,14.2,MM,MM,MM,MM
2025,11,18,1,40,310,1.0,3.0,3.5,MM,7.1,289,1010.2,.3,14.2,MM,MM,MM,MM
2025,11,18,1,30,310,2.0,5.0,MM,MM,MM,MM,1010.0,.5,14.2,MM,MM,MM,MM
2025,11,18,1,20,300,2.0,6.0,3.6,12,7.5,297,1009.9,.5,14.2,MM,MM,MM,MM
2025,11,18,1,10,310,2.0,5.0,3.6,MM,7.5,297,1009.8,.5,14.2,MM,MM,MM,MM
2025,11,18,1,0,300,2.0,4.0,MM,MM,MM,MM,1009.8,.5,14.2,MM,MM,+1.1,MM
2025,11,18,0,50,300,2.0,5.0,3.5,11,7.1,293,1009.7,.5,14.2,MM,MM,MM,MM
2025,11,18,0,40,300,2.0,5.0,MM,MM,MM,MM,1009.6,.4,14.2,MM,MM,MM,MM
2025,11,18,0,30,300,2.0,5.0,MM,MM,MM,MM,1009.6,.0,14.2,MM,MM,MM,MM
2025,11,18,0,20,300,1.0,6.0,3.7,12,7.7,287,1009.6,.5,14.2,MM,MM,MM,MM
2025,11,18,0,10,300,1.0,4.0,3.7,MM,7.7,287,1009.5,.5,14.2,MM,MM,MM,MM
2025,11,18,0,0,300,1.0,3.0,MM,MM,MM,MM,1009.6,.2,14.2,MM,MM,+0.9,MM
2025,11,17,23,50,300,2.0,6.0,3.5,11,7.3,296,1009.5,.5,14.2,MM,MM,MM,MM
2025,11,17,23,40,300,1.0,4.0,MM,MM,MM,MM,1009.4,.6,14.3,MM,MM,MM,MM
2025,11,17,23,30,300,1.0,3.0,MM,MM,MM,MM,1009.4,.2,14.3,MM,MM,MM,MM
2025,11,17,23,20,290,1.0,4.0,3.7,11,7.3,287,1009.4,.0,14.3,MM,MM,MM,MM
2025,11,17,23,10,300,1.0,3.0,MM,MM,MM,MM,1009.3,.3,14.3,MM,MM,MM,MM
2025,11,17,23,0,300,1.0,5.0,MM,MM,MM,MM,1009.3,.6,14.3,MM,MM,+0.3,MM
2025,11,17,22,50,300,2.0,5.0,3.8,10,7.2,289,1009.1,.6,14.3,MM,MM,MM,MM
2025,11,17,22,40,300,2.0,5.0,MM,MM,MM,MM,1008.9,.6,14.3,MM,MM,MM,MM
2025,11,17,22,30,300,2.0,6.0,MM,MM,MM,MM,1008.9,.6,14.3,MM,MM,MM,MM
2025,11,17,22,20,300,2.0,5.0,3.9,12,7.4,277,1008.9,.6,14.3,MM,MM,MM,MM
2025,11,17,22,10,300,2.0,5.0,3.9,MM,7.4,277,1008.9,.6,14.3,MM,MM,MM,MM
2025,11,17,22,0,300,2.0,4.0,MM,MM,MM,MM,1008.8,.5,14.3,MM,MM,-0.5,MM
2025,11,17,21,50,300,2.0,4.0,3.8,11,7.5,294,1008.8,.5,14.3,MM,MM,MM,MM
2025,11,17,21,40,300,2.0,5.0,MM,MM,MM,MM,1008.6,.5,14.3,MM,MM,MM,MM
2025,11,17,21,30,300,2.0,5.0,MM,MM,MM,MM,1008.8,.5,MM,MM,MM,MM,MM
2025,11,17,21,20,300,1.0,5.0,3.8,11,7.1,281,1008.6,.4,14.3,MM,MM,MM,MM
2025,11,17,21,10,290,2.0,4.0,MM,MM,MM,MM,1008.6,.3,14.3,MM,MM,MM,MM
2025,11,17,21,0,300,2.0,5.0,MM,MM,MM,MM,1008.6,.4,14.3,MM,MM,-0.4,MM
2025,11,17,20,50,290,2.0,6.0,3.5,12,7.0,282,1008.8,.3,14.3,MM,MM,MM,MM
2025,11,17,20,40,290,2.0,5.0,MM,MM,MM,MM,1008.8,.2,14.3,MM,MM,MM,MM
2025,11,17,20,30,290,2.0,5.0,MM,MM,MM,MM,1008.8,.3,14.3,MM,MM,MM,MM
2025,11,17,20,20,290,1.0,4.0,3.6,10,7.2,296,1008.9,.4,14.3,MM,MM,MM,MM
2025,11,17,20,10,290,2.0,5.0,3.6,MM,7.2,296,1008.8,.4,14.3,MM,MM,MM,MM
2025,11,17,20,0,290,2.0,5.0,MM,MM,MM,MM,1008.9,.3,14.3,MM,MM,+0.3,MM
2025,11,17,19,50,290,2.0,5.0,3.4,8,6.7,293,1008.9,.2,14.3,MM,MM,MM,MM
2025,11,17,19,40,290,3.0,7.0,MM,MM,MM,MM,1009.2,.3,14.3,MM,MM,MM,MM
2025,11,17,19,30,290,1.0,4.0,MM,MM,MM,MM,1009.0,.2,14.3,MM,MM,MM,MM
2025,11,17,19,20,290,3.0,5.0,3.3,10,6.9,295,1009.0,.1,14.3,MM,MM,MM,MM
2025,11,17,19,10,290,2.0,5.0,MM,MM,MM,MM,1009.1,.9,14.3,MM,MM,MM,MM
2025,11,17,19,0,290,2.0,4.0,MM,MM,MM,MM,1009.2,.8,14.3,MM,MM,+0.8,MM
2025,11,17,18,50,290,2.0,5.0,3.2,11,6.9,291,1009.3,.8,14.3,MM,MM,MM,MM
2025,11,17,18,40,280,1.0,4.0,MM,MM,MM,MM,1009.3,.9,14.3,MM,MM,MM,MM
2025,11,17,18,30,280,1.0,4.0,MM,MM,MM,MM,1009.3,.0,14.3,MM,MM,MM,MM
2025,11,17,18,20,280,0.0,3.0,3.3,10,7.0,293,1009.3,.9,14.3,MM,MM,MM,MM
2025,11,17,18,10,280,1.0,4.0,3.3,MM,7.0,293,1009.2,.7,14.3,MM,MM,MM,MM
2025,11,17,18,0,290,1.0,3.0,MM,MM,MM,MM,1009.0,.8,14.3,MM,MM,+0.8,MM
2025,11,17,17,50,280,1.0,3.0,3.2,10,6.6,287,1009.3,.7,14.3,MM,MM,MM,MM
2025,11,17,17,40,280,0.0,2.0,3.2,MM,6.6,287,1009.2,.7,14.3,MM,MM,MM,MM
2025,11,17,17,30,290,1.0,4.0,MM,MM,MM,MM,1009.1,.0,14.3,MM,MM,MM,MM
2025,11,17,17,20,290,1.0,4.0,3.5,9,6.9,286,1009.0,.0,14.3,MM,MM,MM,MM
2025,11,17,17,10,290,1.0,4.0,3.5,MM,6.9,286,1008.8,.9,14.3,MM,MM,MM,MM
2025,11,17,17,0,290,1.0,3.0,MM,MM,MM,MM,1008.7,.7,14.3,MM,MM,+1.2,MM
2025,11,17,16,50,290,2.0,5.0,3.6,9,6.8,286,1008.7,.8,14.3,MM,MM,MM,MM
2025,11,17,16,40,300,3.0,5.0,MM,MM,MM,MM,1008.6,.0,14.3,MM,MM,MM,MM
2025,11,17,16,30,300,2.0,6.0,MM,MM,MM,MM,1008.5,.1,14.3,MM,MM,MM,MM
2025,11,17,16,20,300,2.0,5.0,3.7,8,6.8,286,1008.3,.1,14.3,MM,MM,MM,MM
2025,11,17,16,10,300,3.0,6.0,3.7,MM,6.8,286,1008.3,.1,14.3,MM,MM,MM,MM
2025,11,17,16,0,290,3.0,6.0,MM,MM,MM,MM,1008.2,.1,14.3,MM,MM,+1.2,MM
2025,11,17,15,50,300,2.0,6.0,3.4,8,6.6,286,1008.2,.9,14.3,MM,MM,MM,MM
2025,11,17,15,40,300,2.0,5.0,MM,MM,MM,MM,1008.3,.9,14.4,MM,MM,MM,MM
2025,11,17,15,30,290,3.0,7.0,MM,MM,MM,MM,1008.2,.9,14.4,MM,MM,MM,MM
2025,11,17,15,20,290,3.0,6.0,2.9,7,6.3,281,1008.1,.9,14.4,MM,MM,MM,MM
2025,11,17,15,10,290,3.0,6.0,2.9,MM,6.3,281,1008.0,.9,14.4,MM,MM,MM,MM
2025,11,17,15,0,290,3.0,6.0,MM,MM,MM,MM,1008.0,.9,14.4,MM,MM,+1.4,MM
2025,11,17,14,50,300,2.0,5.0,2.7,8,5.9,277,1007.9,.6,14.4,MM,MM,MM,MM
2025,11,17,14,40,290,3.0,7.0,MM,MM,MM,MM,1007.9,.3,14.4,MM,MM,MM,MM
2025,11,17,14,30,300,3.0,6.0,MM,MM,MM,MM,1007.7,.3,14.4,MM,MM,MM,MM
2025,11,17,14,20,290,3.0,6.0,2.6,11,5.8,298,1007.5,.1,14.4,MM,MM,MM,MM
2025,11,17,14,10,280,3.0,6.0,2.6,MM,5.8,298,1007.4,.4,14.5,MM,MM,MM,MM
2025,11,17,14,0,290,3.0,7.0,MM,MM,MM,MM,1007.3,.6,14.5,MM,MM,+0.6,MM
2025,11,17,13,50,290,2.0,6.0,2.3,11,6.0,303,1007.4,.6,14.5,MM,MM,MM,MM
2025,11,17,13,40,280,2.0,4.0,MM,MM,MM,MM,1007.3,.8,14.5,MM,MM,MM,MM
2025,11,17,13,30,280,1.0,3.0,MM,MM,MM,MM,1007.3,.8,14.5,MM,MM,MM,MM
2025,11,17,13,20,280,0.0,3.0,2.3,11,6.3,301,1007.3,.8,14.5,MM,MM,MM,MM
2025,11,17,13,10,280,0.0,3.0,2.3,MM,6.3,301,1007.3,.8,14.5,MM,MM,MM,MM
2025,11,17,13,0,270,9.0,3.0,MM,MM,MM,MM,1007.1,.9,14.5,MM,MM,+0.4,MM
2025,11,17,12,50,270,8.0,1.0,2.3,11,6.5,290,1007.1,.0,14.5,MM,MM,MM,MM
2025,11,17,12,40,270,8.0,0.0,2.3,MM,6.5,290,1007.1,.0,14.5,MM,MM,MM,MM
2025,11,17,12,30,270,8.0,0.0,MM,MM,MM,MM,1007.0,.2,14.5,MM,MM,MM,MM
2025,11,17,12,20,280,8.0,0.0,2.1,10,6.3,300,1006.9,.1,14.5,MM,MM,MM,MM
2025,11,17,12,10,280,8.0,9.0,MM,MM,MM,MM,1006.8,.9,14.5,MM,MM,MM,MM
2025,11,17,12,0,270,8.0,1.0,MM,MM,MM,MM,1006.8,.0,14.5,MM,MM,+0.7,MM
2025,11,17,11,50,270,8.0,0.0,2.2,13,6.4,276,1006.8,.1,14.5,MM,MM,MM,MM
2025,11,17,11,40,270,7.0,0.0,MM,MM,MM,MM,1006.8,.3,14.5,MM,MM,MM,MM
2025,11,17,11,30,250,7.0,9.0,MM,MM,MM,MM,1006.8,.2,14.5,MM,MM,MM,MM
2025,11,17,11,20,230,5.0,7.0,2.3,11,6.6,299,1006.7,.8,14.5,MM,MM,MM,MM
2025,11,17,11,10,230,4.0,6.0,MM,MM,MM,MM,1006.7,.8,14.5,MM,MM,MM,MM
2025,11,17,11,0,250,4.0,5.0,2.3,MM,6.6,299,1006.8,.4,14.5,MM,MM,+0.6,MM
2025,11,17,10,50,250,4.0,5.0,2.3,11,6.4,305,1006.7,.6,14.5,MM,MM,MM,MM
2025,11,17,10,40,260,4.0,5.0,MM,MM,MM,MM,1006.8,.6,14.5,MM,MM,MM,MM
2025,11,17,10,30,250,4.0,6.0,MM,MM,MM,MM,1006.8,.6,14.5,MM,MM,MM,MM
2025,11,17,10,20,250,5.0,6.0,2.4,11,6.5,296,1006.8,.6,14.5,MM,MM,MM,MM
2025,11,17,10,10,260,5.0,6.0,2.4,MM,6.5,296,1006.9,.6,14.4,MM,MM,MM,MM
2025,11,17,10,0,260,5.0,6.0,MM,MM,MM,MM,1006.8,.5,14.4,MM,MM,+0.4,MM
2025,11,17,9,50,270,4.0,5.0,2.3,6,6.2,167,1006.6,.4,14.4,MM,MM,MM,MM
2025,11,17,9,40,270,4.0,6.0,2.3,MM,6.2,167,1006.3,.3,14.4,MM,MM,MM,MM
2025,11,17,9,30,270,3.0,5.0,MM,MM,MM,MM,1006.1,.2,14.4,MM,MM,MM,MM
2025,11,17,9,20,270,4.0,6.0,2.4,7,6.1,161,1006.5,.1,14.4,MM,MM,MM,MM
2025,11,17,9,10,270,5.0,6.0,MM,MM,MM,MM,1006.6,.9,14.4,MM,MM,MM,MM
2025,11,17,9,0,270,5.0,6.0,MM,MM,MM,MM,1006.3,.9,14.3,MM,MM,+0.0,MM
2025,11,17,8,50,280,5.0,7.0,2.3,6,5.8,156,1006.3,.9,14.3,MM,MM,MM,MM
2025,11,17,8,40,280,5.0,7.0,MM,MM,MM,MM,1006.3,.1,14.3,MM,MM,MM,MM
2025,11,17,8,30,260,7.0,9.0,MM,MM,MM,MM,1006.6,.2,14.3,MM,MM,MM,MM
2025,11,17,8,20,220,7.0,8.0,2.5,7,5.8,161,1006.7,.3,14.3,MM,MM,MM,MM
2025,11,17,8,10,210,5.0,7.0,MM,MM,MM,MM,1006.5,.3,14.3,MM,MM,MM,MM
2025,11,17,8,0,220,4.0,6.0,MM,MM,MM,MM,1006.4,.2,14.3,MM,MM,-0.5,MM
2025,11,17,7,50,240,3.0,4.0,2.4,6,5.6,156,1005.9,.1,14.3,MM,MM,MM,MM
2025,11,17,7,40,230,4.0,5.0,2.4,MM,5.6,156,1005.9,.1,14.3,MM,MM,MM,MM
2025,11,17,7,30,230,5.0,6.0,MM,MM,MM,MM,1006.2,.2,14.2,MM,MM,MM,MM
2025,11,17,7,20,230,8.0,0.0,2.6,MM,5.6,166,1006.6,.3,14.2,MM,MM,MM,MM
2025,11,17,7,10,230,9.0,3.0,2.6,MM,5.6,166,1006.3,.5,14.2,MM,MM,MM,MM
2025,11,17,7,0,190,3.0,8.0,MM,MM,MM,MM,1006.2,.0,14.2,MM,MM,-1.0,MM
2025,11,17,6,50,150,5.0,8.0,2.6,6,5.5,168,1005.0,.1,14.2,MM,MM,MM,MM
2025,11,17,6,40,150,4.0,6.0,2.6,MM,5.5,168,1004.9,.2,14.2,MM,MM,MM,MM
2025,11,17,6,30,150,3.0,6.0,MM,MM,MM,MM,1005.2,.2,14.2,MM,MM,MM,MM
2025,11,17,6,20,160,4.0,7.0,2.4,6,5.5,167,1005.7,.3,14.2,MM,MM,MM,MM
2025,11,17,6,10,160,3.0,6.0,2.4,MM,5.5,167,1005.7,.4,14.2,MM,MM,MM,MM
2025,11,17,6,0,160,3.0,6.0,MM,MM,MM,MM,1006.1,.4,14.2,MM,MM,-1.4,MM
2025,11,17,5,50,160,3.0,7.0,2.4,6,5.4,165,1006.3,.4,14.2,MM,MM,MM,MM
2025,11,17,5,40,160,3.0,5.0,MM,MM,MM,MM,1006.6,.3,14.2,MM,MM,MM,MM
2025,11,17,5,30,160,3.0,7.0,MM,MM,MM,MM,1006.6,.2,14.3,MM,MM,MM,MM
2025,11,17,5,20,160,3.0,5.0,2.4,6,5.3,171,1006.8,.2,14.3,MM,MM,MM,MM
2025,11,17,5,10,160,3.0,6.0,2.4,MM,5.3,171,1006.8,.2,14.3,MM,MM,MM,MM
2025,11,17,5,0,160,3.0,6.0,MM,MM,MM,MM,1006.9,.3,14.2,MM,MM,-1.4,MM
2025,11,17,4,50,160,2.0,6.0,2.4,6,5.3,158,1006.9,.3,14.3,MM,MM,MM,MM
2025,11,17,4,40,160,2.0,5.0,2.4,MM,5.3,158,1007.0,.5,14.3,MM,MM,MM,MM
2025,11,17,4,30,160,3.0,6.0,MM,MM,MM,MM,1007.1,.6,14.3,MM,MM,MM,MM
2025,11,17,4,20,160,3.0,6.0,2.3,11,5.4,295,1007.2,.8,14.3,MM,MM,MM,MM
2025,11,17,4,10,160,2.0,6.0,2.3,MM,5.4,295,1007.4,.8,14.3,MM,MM,MM,MM
2025,11,17,4,0,160,2.0,5.0,MM,MM,MM,MM,1007.4,.7,14.3,MM,MM,-1.1,MM
2025,11,17,3,50,160,1.0,4.0,2.3,11,5.3,290,1007.6,.7,14.2,MM,MM,MM,MM
2025,11,17,3,40,160,2.0,4.0,2.3,MM,5.3,290,1007.7,.5,14.3,MM,MM,MM,MM
2025,11,17,3,30,160,2.0,5.0,MM,MM,MM,MM,1007.7,.2,14.2,MM,MM,MM,MM
2025,11,17,3,20,160,3.0,6.0,2.2,11,5.5,296,1007.8,.3,14.2,MM,MM,MM,MM
2025,11,17,3,10,160,2.0,5.0,2.2,MM,5.5,296,1007.8,.6,14.2,MM,MM,MM,MM
2025,11,17,3,0,160,2.0,5.0,MM,MM,MM,MM,1007.7,.6,14.2,MM,MM,-1.1,MM
2025,11,17,2,50,160,2.0,4.0,2.1,11,5.5,299,1007.8,.5,14.2,MM,MM,MM,MM
2025,11,17,2,40,160,2.0,5.0,2.1,MM,5.5,299,1007.7,.5,14.2,MM,MM,MM,MM
2025,11,17,2,30,160,2.0,4.0,MM,MM,MM,MM,1008.0,.4,14.2,MM,MM,MM,MM
2025,11,17,2,20,160,1.0,3.0,2.1,11,5.6,301,1008.0,.3,14.1,MM,MM,MM,MM
2025,11,17,2,10,160,0.0,3.0,2.1,MM,5.6,301,1008.1,.2,14.1,MM,MM,MM,MM
2025,11,17,2,0,160,0.0,2.0,MM,MM,MM,MM,1008.2,.1,14.1,MM,MM,-1.1,MM
2025,11,17,1,50,160,1.0,4.0,2.0,10,5.7,295,1008.2,.2,14.1,MM,MM,MM,MM
2025,11,17,1,40,160,1.0,4.0,2.0,MM,5.7,295,1008.2,.1,14.1,MM,MM,MM,MM
2025,11,17,1,30,160,0.0,2.0,MM,MM,MM,MM,1008.1,.3,14.1,MM,MM,MM,MM
2025,11,17,1,20,160,0.0,3.0,1.9,11,5.7,299,1008.4,.3,14.2,MM,MM,MM,MM
2025,11,17,1,10,160,0.0,2.0,1.9,MM,5.7,299,1008.5,.3,14.2,MM,MM,MM,MM
2025,11,17,1,0,160,0.0,2.0,MM,MM,MM,MM,1008.5,.2,14.2,MM,MM,-1.3,MM
2025,11,17,0,50,160,0.0,3.0,2.0,11,5.8,298,1008.6,.2,14.2,MM,MM,MM,MM
2025,11,17,0,40,160,0.0,2.0,MM,MM,MM,MM,1008.7,.2,14.2,MM,MM,MM,MM
2025,11,17,0,30,160,9.0,1.0,MM,MM,MM,MM,1008.7,.2,14.2,MM,MM,MM,MM
2025,11,17,0,20,160,9.0,1.0,1.9,11,5.9,295,1008.6,.1,14.2,MM,MM,MM,MM
2025,11,17,0,10,160,9.0,1.0,1.9,MM,5.9,295,1008.5,.1,14.2,MM,MM,MM,MM
2025,11,17,0,0,160,9.0,1.0,MM,MM,MM,MM,1008.7,.0,14.2,MM,MM,-1.5,MM
2025,11,16,23,50,160,9.0,1.0,1.9,11,6.2,303,1008.8,.0,14.2,MM,MM,MM,MM
2025,11,16,23,40,160,9.0,1.0,MM,MM,MM,MM,1009.0,.0,14.2,MM,MM,MM,MM
2025,11,16,23,30,160,8.0,1.0,MM,MM,MM,MM,1009.0,.1,14.2,MM,MM,MM,MM
2025,11,16,23,20,160,8.0,0.0,1.9,11,6.6,300,1009.1,.1,14.2,MM,MM,MM,MM
2025,11,16,23,10,170,9.0,0.0,1.9,MM,6.6,300,1009.2,.1,14.2,MM,MM,MM,MM
2025,11,16,23,0,160,8.0,9.0,MM,MM,MM,MM,1009.3,.1,14.2,MM,MM,-1.3,MM
2025,11,16,22,50,170,8.0,0.0,1.9,11,6.5,303,1009.2,.0,14.2,MM,MM,MM,MM
2025,11,16,22,40,170,8.0,9.0,MM,MM,MM,MM,1009.4,.7,14.2,MM,MM,MM,MM
2025,11,16,22,30,170,7.0,9.0,MM,MM,MM,MM,1009.5,.7,14.2,MM,MM,MM,MM
2025,11,16,22,20,180,7.0,9.0,2.1,11,6.9,307,1009.5,.8,14.2,MM,MM,MM,MM
2025,11,16,22,10,180,7.0,9.0,2.1,MM,6.9,307,1009.6,.8,14.2,MM,MM,MM,MM
2025,11,16,22,0,180,8.0,9.0,MM,MM,MM,MM,1009.8,.8,14.2,MM,MM,-1.2,MM
2025,11,16,21,50,180,8.0,9.0,1.9,11,6.9,303,1009.9,.6,14.2,MM,MM,MM,MM
2025,11,16,21,40,180,7.0,9.0,1.9,MM,6.9,303,1009.8,.4,14.2,MM,MM,MM,MM
2025,11,16,21,30,190,7.0,9.0,MM,MM,MM,MM,1009.9,.4,14.2,MM,MM,MM,MM
2025,11,16,21,20,190,7.0,8.0,1.9,11,6.8,306,1010.1,.4,14.2,MM,MM,MM,MM
2025,11,16,21,10,200,7.0,8.0,MM,MM,MM,MM,1010.1,.6,14.2,MM,MM,MM,MM
2025,11,16,21,0,190,7.0,9.0,MM,MM,MM,MM,1010.2,.0,14.2,MM,MM,-0.7,MM
2025,11,16,20,50,190,7.0,9.0,2.1,11,7.5,304,1010.3,.2,14.3,MM,MM,MM,MM
2025,11,16,20,40,190,7.0,9.0,2.1,MM,7.5,304,1010.3,.3,14.3,MM,MM,MM,MM
2025,11,16,20,30,190,5.0,8.0,MM,MM,MM,MM,1010.4,.4,14.3,MM,MM,MM,MM
2025,11,16,20,20,190,5.0,6.0,2.1,11,7.8,307,1010.6,.5,14.3,MM,MM,MM,MM
2025,11,16,20,10,190,5.0,6.0,2.1,MM,7.8,307,1010.6,.6,14.3,MM,MM,MM,MM
2025,11,16,20,0,190,5.0,6.0,MM,MM,MM,MM,1010.6,.6,14.3,MM,MM,+0.0,MM
2025,11,16,19,50,190,5.0,6.0,2.3,11,8.4,302,1010.7,.6,14.3,MM,MM,MM,MM
2025,11,16,19,40,180,5.0,6.0,2.3,MM,8.4,302,1010.7,.6,MM,MM,MM,MM,MM
2025,11,16,19,30,190,4.0,6.0,MM,MM,MM,MM,1010.8,.7,14.3,MM,MM,MM,MM
2025,11,16,19,20,200,5.0,6.0,2.2,MM,8.0,302,1011.1,.7,14.3,MM,MM,MM,MM
2025,11,16,19,10,190,4.0,6.0,2.2,MM,8.0,302,1010.9,.7,14.3,MM,MM,MM,MM
2025,11,16,19,0,190,4.0,4.0,MM,MM,MM,MM,1011.0,.6,14.2,MM,MM,+1.1,MM
2025,11,16,18,50,200,4.0,5.0,2.2,11,8.0,306,1011.0,.7,14.2,MM,MM,MM,MM
2025,11,16,18,40,200,4.0,5.0,MM,MM,MM,MM,1011.0,.7,14.2,MM,MM,MM,MM
2025,11,16,18,30,210,4.0,5.0,MM,MM,MM,MM,1011.1,.8,14.2,MM,MM,MM,MM
2025,11,16,18,20,220,5.0,6.0,2.0,11,7.6,310,1011.1,.8,14.2,MM,MM,MM,MM
2025,11,16,18,10,210,4.0,6.0,2.0,MM,7.6,310,1010.9,.7,14.2,MM,MM,MM,MM
2025,11,16,18,0,210,4.0,5.0,MM,MM,MM,MM,1010.9,.7,14.2,MM,MM,+1.8,MM
2025,11,16,17,50,210,3.0,5.0,2.0,11,7.5,307,1010.8,.7,14.2,MM,MM,MM,MM
2025,11,16,17,40,210,3.0,4.0,2.0,MM,7.5,307,1010.7,.6,14.2,MM,MM,MM,MM
2025,11,16,17,30,210,5.0,5.0,MM,MM,MM,MM,1010.7,.7,14.2,MM,MM,MM,MM
2025,11,16,17,20,210,4.0,5.0,MM,MM,MM,MM,1010.6,.7,14.2,MM,MM,MM,MM
2025,11,16,17,10,220,4.0,5.0,MM,MM,MM,MM,1010.5,.5,14.2,MM,MM,MM,MM
2025,11,16,17,0,220,4.0,5.0,MM,MM,MM,MM,1010.4,.4,14.2,MM,MM,+1.8,MM
2025,11,16,16,50,240,3.0,4.0,2.2,11,7.8,302,1010.4,.3,14.2,MM,MM,MM,MM
2025,11,16,16,40,220,3.0,5.0,MM,MM,MM,MM,1010.2,.2,14.1,MM,MM,MM,MM
2025,11,16,16,30,230,3.0,4.0,MM,MM,MM,MM,1010.2,.1,14.1,MM,MM,MM,MM
2025,11,16,16,20,240,3.0,5.0,2.1,12,7.5,295,1010.2,.9,14.1,MM,MM,MM,MM
2025,11,16,16,10,230,3.0,4.0,2.1,MM,7.5,295,1010.1,.0,14.1,MM,MM,MM,MM
2025,11,16,16,0,230,3.0,3.0,MM,MM,MM,MM,1009.9,.9,14.1,MM,MM,+1.5,MM
2025,11,16,15,50,220,3.0,4.0,2.1,11,7.5,309,1009.8,.8,14.2,MM,MM,MM,MM
2025,11,16,15,40,230,4.0,5.0,MM,MM,MM,MM,1009.7,.0,14.2,MM,MM,MM,MM
2025,11,16,15,30,260,4.0,5.0,MM,MM,MM,MM,1009.5,.0,14.2,MM,MM,MM,MM
2025,11,16,15,20,270,4.0,6.0,2.2,11,7.7,293,1009.5,.8,14.2,MM,MM,MM,MM
2025,11,16,15,10,280,4.0,6.0,2.2,MM,7.7,293,1009.3,.6,14.2,MM,MM,MM,MM
2025,11,16,15,0,280,5.0,6.0,MM,MM,MM,MM,1009.1,.7,14.2,MM,MM,+0.9,MM
2025,11,16,14,50,260,4.0,6.0,2.3,11,7.8,301,1009.0,.7,14.2,MM,MM,MM,MM
2025,11,16,14,40,270,4.0,5.0,2.3,MM,7.8,301,1009.1,.4,14.2,MM,MM,MM,MM
2025,11,16,14,30,280,5.0,6.0,MM,MM,MM,MM,1009.0,.3,14.2,MM,MM,MM,MM
2025,11,16,14,20,270,6.0,7.0,2.0,11,7.4,297,1008.9,.9,14.2,MM,MM,MM,MM
2025,11,16,14,10,250,5.0,6.0,MM,MM,MM,MM,1008.8,.2,14.2,MM,MM,MM,MM
2025,11,16,14,0,270,5.0,6.0,MM,MM,MM,MM,1008.7,.2,14.2,MM,MM,+0.6,MM
2025,11,16,13,50,260,6.0,8.0,2.0,10,7.3,295,1008.7,.2,14.2,MM,MM,MM,MM
2025,11,16,13,40,260,6.0,7.0,2.0,MM,7.3,295,1008.7,.2,14.2,MM,MM,MM,MM
2025,11,16,13,30,260,6.0,7.0,MM,MM,MM,MM,1008.5,.1,14.2,MM,MM,MM,MM
2025,11,16,13,20,260,6.0,7.0,2.1,11,7.2,300,1008.5,.9,14.2,MM,MM,MM,MM
2025,11,16,13,10,260,5.0,7.0,2.1,MM,7.2,300,1008.4,.7,14.2,MM,MM,MM,MM
2025,11,16,13,0,260,5.0,6.0,MM,MM,MM,MM,1008.4,.5,14.2,MM,MM,+0.3,MM
2025,11,16,12,50,260,6.0,8.0,2.1,11,7.3,290,1008.3,.5,14.2,MM,MM,MM,MM
2025,11,16,12,40,270,5.0,8.0,MM,MM,MM,MM,1008.3,.7,14.2,MM,MM,MM,MM
2025,11,16,12,30,280,6.0,8.0,MM,MM,MM,MM,1008.3,.9,14.2,MM,MM,MM,MM
2025,11,16,12,20,270,6.0,8.0,2.2,11,7.6,295,1008.3,.0,14.2,MM,MM,MM,MM
2025,11,16,12,10,260,6.0,9.0,2.2,MM,7.6,295,1008.2,.0,14.2,MM,MM,MM,MM
2025,11,16,12,0,270,6.0,7.0,MM,MM,MM,MM,1008.2,.8,14.2,MM,MM,+0.0,MM
2025,11,16,11,50,280,5.0,8.0,2.1,11,7.3,292,1008.1,.1,14.2,MM,MM,MM,MM
2025,11,16,11,40,270,5.0,7.0,2.1,MM,7.3,292,1008.1,.1,14.2,MM,MM,MM,MM
2025,11,16,11,30,260,6.0,7.0,MM,MM,MM,MM,1008.0,.0,14.2,MM,MM,MM,MM
2025,11,16,11,20,270,6.0,7.0,2.0,11,7.2,288,1008.0,.0,14.2,MM,MM,MM,MM
2025,11,16,11,10,260,6.0,7.0,2.0,MM,7.2,288,1007.9,.0,14.2,MM,MM,MM,MM
2025,11,16,11,0,260,5.0,6.0,MM,MM,MM,MM,1008.0,.0,14.2,MM,MM,+0.0,MM
2025,11,16,10,50,260,5.0,7.0,2.0,11,7.3,292,1008.1,.9,14.2,MM,MM,MM,MM
2025,11,16,10,40,270,5.0,7.0,MM,MM,MM,MM,1008.1,.0,14.2,MM,MM,MM,MM
2025,11,16,10,30,270,5.0,7.0,MM,MM,MM,MM,1008.2,.8,14.2,MM,MM,MM,MM
2025,11,16,10,20,270,4.0,5.0,2.0,10,7.2,288,1008.1,.8,14.2,MM,MM,MM,MM
2025,11,16,10,10,280,5.0,7.0,MM,MM,MM,MM,1008.1,.8,14.2,MM,MM,MM,MM
2025,11,16,10,0,270,6.0,8.0,MM,MM,MM,MM,1008.0,.6,14.2,MM,MM,+0.4,MM
2025,11,16,9,50,280,6.0,7.0,2.1,10,7.3,295,1008.0,.4,14.2,MM,MM,MM,MM
2025,11,16,9,40,270,5.0,8.0,2.1,MM,7.3,295,1008.0,.3,14.2,MM,MM,MM,MM
2025,11,16,9,30,270,5.0,7.0,MM,MM,MM,MM,1008.0,.1,14.2,MM,MM,MM,MM
2025,11,16,9,20,260,4.0,5.0,2.1,11,7.1,290,1008.0,.8,14.2,MM,MM,MM,MM
2025,11,16,9,10,270,5.0,7.0,2.1,MM,7.1,290,1008.2,.1,14.2,MM,MM,MM,MM
2025,11,16,9,0,270,6.0,8.0,MM,MM,MM,MM,1008.1,.8,14.2,MM,MM,-0.0,MM
2025,11,16,8,50,280,6.0,7.0,2.1,11,7.6,290,1007.9,.0,14.2,MM,MM,MM,MM
2025,11,16,8,40,280,5.0,6.0,MM,MM,MM,MM,1007.8,.0,14.2,MM,MM,MM,MM
2025,11,16,8,30,280,5.0,6.0,MM,MM,MM,MM,1007.8,.9,14.2,MM,MM,MM,MM
2025,11,16,8,20,280,5.0,7.0,1.9,11,6.9,292,1007.9,.9,14.2,MM,MM,MM,MM
2025,11,16,8,10,280,6.0,7.0,MM,MM,MM,MM,1007.9,.0,14.2,MM,MM,MM,MM
2025,11,16,8,0,280,5.0,6.0,MM,MM,MM,MM,1007.9,.0,14.2,MM,MM,+0.0,MM
2025,11,16,7,50,290,3.0,4.0,2.0,11,7.1,295,1007.9,.0,14.2,MM,MM,MM,MM
2025,11,16,7,40,290,4.0,5.0,MM,MM,MM,MM,1007.8,.0,14.2,MM,MM,MM,MM
2025,11,16,7,30,290,4.0,6.0,MM,MM,MM,MM,1007.8,.9,14.2,MM,MM,MM,MM
2025,11,16,7,20,280,5.0,7.0,1.9,11,6.8,293,1007.8,.0,14.2,MM,MM,MM,MM
2025,11,16,7,10,260,6.0,7.0,1.9,MM,6.8,293,1007.7,.1,14.2,MM,MM,MM,MM
2025,11,16,7,0,260,5.0,6.0,MM,MM,MM,MM,1007.7,.1,14.2,MM,MM,+0.5,MM
2025,11,16,6,50,260,5.0,6.0,2.0,11,6.7,291,1008.0,.1,14.2,MM,MM,MM,MM
2025,11,16,6,40,260,4.0,6.0,MM,MM,MM,MM,1008.0,.1,14.2,MM,MM,MM,MM
2025,11,16,6,30,260,5.0,6.0,MM,MM,MM,MM,1008.0,.1,14.2,MM,MM,MM,MM
2025,11,16,6,20,260,5.0,6.0,2.0,11,7.0,294,1008.0,.1,14.2,MM,MM,MM,MM
2025,11,16,6,10,260,4.0,6.0,2.0,MM,7.0,294,1008.0,.1,14.2,MM,MM,MM,MM
2025,11,16,6,0,260,5.0,6.0,MM,MM,MM,MM,1008.0,.1,14.2,MM,MM,+0.7,MM
2025,11,16,5,50,260,4.0,5.0,1.9,11,6.8,294,1008.0,.2,14.2,MM,MM,MM,MM
2025,11,16,5,40,250,4.0,5.0,1.9,MM,6.8,294,1008.0,.2,14.2,MM,MM,MM,MM
2025,11,16,5,30,260,4.0,5.0,MM,MM,MM,MM,1008.1,.2,14.2,MM,MM,MM,MM
2025,11,16,5,20,260,4.0,5.0,1.8,11,6.7,304,1008.1,.2,14.2,MM,MM,MM,MM
2025,11,16,5,10,250,4.0,5.0,MM,MM,MM,MM,1007.9,.2,14.2,MM,MM,MM,MM
2025,11,16,5,0,250,4.0,4.0,MM,MM,MM,MM,1007.8,.2,14.2,MM,MM,+0.6,MM
2025,11,16,4,50,250,4.0,5.0,1.8,11,6.5,299,1007.7,.3,14.2,MM,MM,MM,MM
2025,11,16,4,40,250,4.0,5.0,MM,MM,MM,MM,1007.6,.3,14.2,MM,MM,MM,MM
2025,11,16,4,30,250,4.0,5.0,MM,MM,MM,MM,1007.5,.3,14.2,MM,MM,MM,MM
2025,11,16,4,20,250,4.0,5.0,1.7,11,6.6,293,1007.6,.3,14.2,MM,MM,MM,MM
2025,11,16,4,10,250,4.0,5.0,1.7,MM,6.6,293,1007.4,.3,14.2,MM,MM,MM,MM
2025,11,16,4,0,250,4.0,5.0,MM,MM,MM,MM,1007.4,.3,14.2,MM,MM,+0.9,MM
2025,11,16,3,50,240,4.0,5.0,1.9,11,6.5,297,1007.3,.3,14.2,MM,MM,MM,MM
2025,11,16,3,40,230,4.0,5.0,1.9,MM,6.5,297,1007.2,.3,14.1,MM,MM,MM,MM
2025,11,16,3,30,240,4.0,6.0,MM,MM,MM,MM,1007.2,.3,14.1,MM,MM,MM,MM
2025,11,16,3,20,230,4.0,5.0,1.9,11,6.8,303,1007.2,.3,14.1,MM,MM,MM,MM
2025,11,16,3,10,230,4.0,4.0,1.9,MM,6.8,303,1007.3,.3,14.1,MM,MM,MM,MM
2025,11,16,3,0,230,3.0,4.0,MM,MM,MM,MM,1007.4,.3,14.1,MM,MM,+0.8,MM
2025,11,16,2,50,230,3.0,4.0,1.9,11,6.7,301,1007.4,.3,14.1,MM,MM,MM,MM
2025,11,16,2,40,230,3.0,4.0,1.9,MM,6.7,301,1007.4,.3,14.1,MM,MM,MM,MM
2025,11,16,2,30,230,3.0,4.0,MM,MM,MM,MM,1007.4,.3,14.1,MM,MM,MM,MM
2025,11,16,2,20,220,4.0,5.0,1.8,12,6.6,280,1007.3,.3,14.1,MM,MM,MM,MM
2025,11,16,2,10,220,3.0,4.0,1.8,MM,6.6,280,1007.3,.2,14.1,MM,MM,MM,MM
2025,11,16,2,0,210,3.0,4.0,MM,MM,MM,MM,1007.2,.3,14.1,MM,MM,+1.0,MM
2025,11,16,1,50,210,2.0,3.0,1.8,12,6.4,301,1007.2,.3,14.1,MM,MM,MM,MM
2025,11,16,1,40,250,3.0,4.0,MM,MM,MM,MM,1007.0,.3,14.1,MM,MM,MM,MM
2025,11,16,1,30,270,4.0,5.0,MM,MM,MM,MM,1006.6,.3,14.1,MM,MM,MM,MM
2025,11,16,1,20,280,4.0,5.0,1.8,12,6.6,296,1006.4,.3,14.1,MM,MM,MM,MM
2025,11,16,1,10,280,4.0,5.0,1.8,MM,6.6,296,1006.3,.3,14.1,MM,MM,MM,MM
2025,11,16,1,0,280,4.0,5.0,MM,MM,MM,MM,1006.3,.2,14.1,MM,MM,+0.3,MM
2025,11,16,0,50,280,4.0,5.0,1.9,9,6.7,298,1006.2,.3,14.1,MM,MM,MM,MM
2025,11,16,0,40,280,3.0,4.0,MM,MM,MM,MM,1006.4,.3,14.1,MM,MM,MM,MM
2025,11,16,0,30,290,4.0,5.0,MM,MM,MM,MM,1006.5,.4,14.1,MM,MM,MM,MM
2025,11,16,0,20,280,3.0,4.0,1.8,10,6.4,280,1006.5,.3,14.1,MM,MM,MM,MM
2025,11,16,0,10,270,3.0,4.0,MM,MM,MM,MM,1006.5,.2,14.1,MM,MM,MM,MM
2025,11,16,0,0,250,2.0,3.0,MM,MM,MM,MM,1006.6,.3,14.1,MM,MM,-0.5,MM
2025,11,15,23,50,230,2.0,3.0,1.9,9,6.6,291,1006.6,.3,14.1,MM,MM,MM,MM
2025,11,15,23,40,210,1.0,2.0,1.9,MM,6.6,291,1006.7,.4,14.1,MM,MM,MM,MM
2025,11,15,23,30,260,1.0,2.0,MM,MM,MM,MM,1006.6,.4,14.1,MM,MM,MM,MM
2025,11,15,23,20,290,1.0,2.0,1.7,9,6.3,289,1006.5,.3,14.1,MM,MM,MM,MM
2025,11,15,23,10,310,2.0,3.0,1.7,MM,6.3,289,1006.4,.3,14.1,MM,MM,MM,MM
2025,11,15,23,0,310,3.0,4.0,MM,MM,MM,MM,1006.2,.3,14.1,MM,MM,-2.4,MM
2025,11,15,22,50,310,4.0,6.0,1.8,13,6.3,294,1006.2,.3,14.1,MM,MM,MM,MM
2025,11,15,22,40,320,6.0,7.0,MM,MM,MM,MM,1006.1,.4,14.1,MM,MM,MM,MM
2025,11,15,22,30,320,6.0,8.0,MM,MM,MM,MM,1006.0,.3,14.1,MM,MM,MM,MM
2025,11,15,22,20,320,7.0,9.0,1.8,14,6.6,228,1006.0,.3,14.2,MM,MM,MM,MM
2025,11,15,22,10,320,7.0,0.0,1.8,MM,6.6,228,1005.9,.2,14.2,MM,MM,MM,MM
2025,11,15,22,0,320,8.0,0.0,MM,MM,MM,MM,1005.9,.2,14.2,MM,MM,-4.0,MM
2025,11,15,21,50,330,8.0,9.0,1.9,9,7.0,279,1006.2,.3,14.2,MM,MM,MM,MM
2025,11,15,21,40,330,8.0,0.0,1.9,MM,7.0,279,1006.3,.3,14.2,MM,MM,MM,MM
2025,11,15,21,30,330,9.0,1.0,MM,MM,MM,MM,1006.3,.3,14.2,MM,MM,MM,MM
2025,11,15,21,20,330,8.0,0.0,1.8,11,7.2,282,1006.4,.2,14.2,MM,MM,MM,MM
2025,11,15,21,10,320,7.0,9.0,MM,MM,MM,MM,1006.9,.1,14.2,MM,MM,MM,MM
2025,11,15,21,0,320,7.0,9.0,MM,MM,MM,MM,1007.0,.1,14.2,MM,MM,-3.7,MM
2025,11,15,20,50,320,7.0,8.0,1.7,11,7.5,266,1007.2,.0,14.2,MM,MM,MM,MM
2025,11,15,20,40,320,6.0,7.0,MM,MM,MM,MM,1007.7,.0,14.3,MM,MM,MM,MM
2025,11,15,20,30,320,6.0,8.0,MM,MM,MM,MM,1007.7,.0,14.3,MM,MM,MM,MM
2025,11,15,20,20,320,6.0,7.0,1.7,10,7.4,292,1008.1,.0,14.3,MM,MM,MM,MM
2025,11,15,20,10,320,5.0,6.0,1.7,MM,7.4,292,1008.5,.0,14.3,MM,MM,MM,MM
2025,11,15,20,0,320,5.0,6.0,MM,MM,MM,MM,1008.6,.0,14.3,MM,MM,-3.0,MM
2025,11,15,19,50,320,5.0,6.0,1.7,11,7.9,270,1008.8,.0,14.3,MM,MM,MM,MM
2025,11,15,19,40,320,6.0,7.0,1.7,MM,7.9,270,1009.0,.9,14.3,MM,MM,MM,MM
2025,11,15,19,30,320,6.0,7.0,MM,MM,MM,MM,1009.1,.9,14.3,MM,MM,MM,MM
2025,11,15,19,20,320,6.0,7.0,1.9,13,8.5,268,1009.3,.8,14.3,MM,MM,MM,MM
2025,11,15,19,10,320,6.0,7.0,MM,MM,MM,MM,1009.6,.8,14.3,MM,MM,MM,MM
2025,11,15,19,0,320,5.0,6.0,MM,MM,MM,MM,1009.9,.8,14.3,MM,MM,-1.7,MM
2025,11,15,18,50,320,5.0,7.0,1.7,10,8.2,293,1010.0,.8,14.3,MM,MM,MM,MM
2025,11,15,18,40,320,5.0,6.0,1.7,MM,8.2,293,1010.2,.8,14.3,MM,MM,MM,MM
2025,11,15,18,30,320,5.0,6.0,MM,MM,MM,MM,1010.2,.9,14.3,MM,MM,MM,MM
2025,11,15,18,20,320,5.0,6.0,1.9,13,8.5,265,1010.6,.0,14.3,MM,MM,MM,MM
2025,11,15,18,10,320,5.0,6.0,1.9,MM,8.5,265,1010.7,.0,14.3,MM,MM,MM,MM
2025,11,15,18,0,330,5.0,6.0,MM,MM,MM,MM,1010.7,.1,14.3,MM,MM,-1.2,MM
2025,11,15,17,50,330,5.0,6.0,1.8,9,8.3,287,1010.9,.2,14.3,MM,MM,MM,MM
2025,11,15,17,40,340,4.0,6.0,1.8,MM,8.3,287,1010.9,.2,14.3,MM,MM,MM,MM
2025,11,15,17,30,340,4.0,5.0,MM,MM,MM,MM,1011.2,.1,14.3,MM,MM,MM,MM
2025,11,15,17,20,340,4.0,5.0,1.8,9,7.7,282,1011.4,.2,14.3,MM,MM,MM,MM
2025,11,15,17,10,350,4.0,5.0,1.8,MM,7.7,282,1011.5,.2,14.3,MM,MM,MM,MM
2025,11,15,17,0,340,5.0,6.0,MM,MM,MM,MM,1011.5,.3,14.3,MM,MM,-0.3,MM
2025,11,15,16,50,340,5.0,6.0,1.9,10,8.1,291,1011.4,.3,14.3,MM,MM,MM,MM
2025,11,15,16,40,340,5.0,6.0,MM,MM,MM,MM,1011.5,.3,14.3,MM,MM,MM,MM
2025,11,15,16,30,340,5.0,6.0,MM,MM,MM,MM,1011.5,.3,14.3,MM,MM,MM,MM
2025,11,15,16,20,340,4.0,5.0,2.0,10,8.5,288,1011.4,.2,14.3,MM,MM,MM,MM
2025,11,15,16,10,340,4.0,6.0,2.0,MM,8.5,288,1011.5,.1,14.3,MM,MM,MM,MM
2025,11,15,16,0,340,5.0,6.0,MM,MM,MM,MM,1011.6,.1,14.3,MM,MM,-0.7,MM
2025,11,15,15,50,350,4.0,5.0,2.0,11,8.3,290,1011.7,.1,14.3,MM,MM,MM,MM
2025,11,15,15,40,350,4.0,5.0,MM,MM,MM,MM,1011.8,.2,14.3,MM,MM,MM,MM
2025,11,15,15,30,350,4.0,5.0,MM,MM,MM,MM,1011.8,.3,14.3,MM,MM,MM,MM
2025,11,15,15,20,340,4.0,5.0,2.1,10,8.8,295,1012.0,.3,14.3,MM,MM,MM,MM
2025,11,15,15,10,350,4.0,5.0,MM,MM,MM,MM,1012.0,.1,MM,MM,MM,MM,MM
2025,11,15,15,0,340,4.0,5.0,MM,MM,MM,MM,1011.9,.9,14.3,MM,MM,-1.3,MM
2025,11,15,14,50,330,4.0,5.0,1.9,11,8.2,294,1011.9,.9,14.3,MM,MM,MM,MM
2025,11,15,14,40,330,4.0,5.0,MM,MM,MM,MM,1011.9,.0,14.3,MM,MM,MM,MM
2025,11,15,14,30,330,4.0,5.0,MM,MM,MM,MM,1011.9,.1,14.3,MM,MM,MM,MM
2025,11,15,14,20,330,4.0,6.0,2.0,11,8.7,292,1012.0,.1,14.3,MM,MM,MM,MM
2025,11,15,14,10,330,5.0,6.0,MM,MM,MM,MM,1012.0,.2,14.3,MM,MM,MM,MM
2025,11,15,14,0,330,4.0,5.0,MM,MM,MM,MM,1012.0,.3,14.3,MM,MM,-1.8,MM
2025,11,15,13,50,340,4.0,5.0,2.0,10,8.4,303,1012.0,.3,14.3,MM,MM,MM,MM
2025,11,15,13,40,350,4.0,5.0,MM,MM,MM,MM,1012.2,.3,14.3,MM,MM,MM,MM
2025,11,15,13,30,350,4.0,5.0,MM,MM,MM,MM,1012.3,.2,14.3,MM,MM,MM,MM
2025,11,15,13,20,350,5.0,5.0,2.1,10,8.7,301,1012.2,.1,14.3,MM,MM,MM,MM
2025,11,15,13,10,350,4.0,5.0,2.1,MM,8.7,301,1012.2,.0,14.3,MM,MM,MM,MM
2025,11,15,13,0,350,4.0,5.0,MM,MM,MM,MM,1012.4,.9,14.3,MM,MM,-2.2,MM
2025,11,15,12,50,350,4.0,4.0,2.1,11,8.3,290,1012.4,.9,14.3,MM,MM,MM,MM
2025,11,15,12,40,340,4.0,5.0,2.1,MM,8.3,290,1012.5,.9,14.3,MM,MM,MM,MM
2025,11,15,12,30,340,3.0,4.0,MM,MM,MM,MM,1012.6,.0,14.3,MM,MM,MM,MM
2025,11,15,12,20,360,3.0,4.0,2.1,11,8.2,295,1012.9,.0,14.3,MM,MM,MM,MM
2025,11,15,12,10,360,3.0,4.0,MM,MM,MM,MM,1013.1,.0,14.3,MM,MM,MM,MM
2025,11,15,12,0,360,4.0,4.0,MM,MM,MM,MM,1013.2,.0,14.3,MM,MM,-1.6,MM
2025,11,15,11,50,350,4.0,5.0,2.0,11,7.9,297,1013.2,.1,14.3,MM,MM,MM,MM
2025,11,15,11,40,350,4.0,5.0,MM,MM,MM,MM,1013.3,.9,14.3,MM,MM,MM,MM
2025,11,15,11,30,350,4.0,5.0,MM,MM,MM,MM,1013.2,.9,14.3,MM,MM,MM,MM
2025,11,15,11,20,360,4.0,5.0,2.4,11,8.6,294,1013.6,.8,14.3,MM,MM,MM,MM
2025,11,15,11,10,360,4.0,5.0,2.4,MM,8.6,294,1013.6,.9,14.2,MM,MM,MM,MM
2025,11,15,11,0,350,3.0,4.0,MM,MM,MM,MM,1013.8,.9,14.2,MM,MM,-1.4,MM
2025,11,15,10,50,340,3.0,4.0,2.4,11,8.6,291,1013.9,.8,14.2,MM,MM,MM,MM
2025,11,15,10,40,340,3.0,4.0,2.4,MM,8.6,291,1013.8,.8,14.2,MM,MM,MM,MM
2025,11,15,10,30,340,3.0,4.0,MM,MM,MM,MM,1013.9,.8,14.2,MM,MM,MM,MM
2025,11,15,10,20,350,3.0,4.0,2.2,10,8.3,294,1014.1,.8,14.2,MM,MM,MM,MM
2025,11,15,10,10,350,4.0,5.0,MM,MM,MM,MM,1014.2,.7,14.2,MM,MM,MM,MM
2025,11,15,10,0,350,3.0,4.0,MM,MM,MM,MM,1014.5,.7,14.2,MM,MM,-1.1,MM
2025,11,15,9,50,350,3.0,5.0,2.4,11,8.2,291,1014.5,.8,14.1,MM,MM,MM,MM
2025,11,15,9,40,350,4.0,5.0,MM,MM,MM,MM,1014.5,.8,14.2,MM,MM,MM,MM
2025,11,15,9,30,350,4.0,4.0,MM,MM,MM,MM,1014.5,.8,14.1,MM,MM,MM,MM
2025,11,15,9,20,350,4.0,5.0,2.2,MM,8.2,290,1014.9,.8,14.1,MM,MM,MM,MM
2025,11,15,9,10,350,3.0,4.0,2.2,MM,8.2,290,1014.6,.8,14.1,MM,MM,MM,MM
2025,11,15,9,0,360,3.0,4.0,MM,MM,MM,MM,1014.8,.8,14.1,MM,MM,-1.1,MM
2025,11,15,8,50,350,3.0,4.0,2.5,11,8.5,290,1015.0,.8,14.1,MM,MM,MM,MM
2025,11,15,8,40,360,3.0,4.0,MM,MM,MM,MM,1015.1,.8,14.2,MM,MM,MM,MM
2025,11,15,8,30,360,3.0,4.0,MM,MM,MM,MM,1015.3,.9,14.1,MM,MM,MM,MM
2025,11,15,8,20,350,3.0,4.0,2.9,11,8.6,285,1015.1,.9,14.2,MM,MM,MM,MM
2025,11,15,8,10,350,3.0,4.0,MM,MM,MM,MM,1015.2,.8,14.2,MM,MM,MM,MM
2025,11,15,8,0,350,3.0,4.0,MM,MM,MM,MM,1015.2,.8,14.2,MM,MM,-0.6,MM
2025,11,15,7,50,350,3.0,5.0,2.6,12,8.2,291,1015.2,.9,14.2,MM,MM,MM,MM
2025,11,15,7,40,350,3.0,4.0,MM,MM,MM,MM,1015.3,.7,14.2,MM,MM,MM,MM
2025,11,15,7,30,350,3.0,4.0,MM,MM,MM,MM,1015.4,.7,14.2,MM,MM,MM,MM
2025,11,15,7,20,340,3.0,4.0,MM,MM,MM,MM,1015.5,.8,14.3,MM,MM,MM,MM
2025,11,15,7,10,330,3.0,4.0,MM,MM,MM,MM,1015.5,.9,14.3,MM,MM,MM,MM
2025,11,15,7,0,330,3.0,4.0,MM,MM,MM,MM,1015.6,.8,14.3,MM,MM,+0.0,MM
2025,11,15,6,50,330,3.0,4.0,2.7,12,8.6,289,1015.7,.9,MM,MM,MM,MM,MM
2025,11,15,6,40,340,2.0,3.0,2.7,MM,8.6,289,1015.7,.9,14.4,MM,MM,MM,MM
2025,11,15,6,30,350,2.0,3.0,MM,MM,MM,MM,1015.7,.7,14.4,MM,MM,MM,MM
2025,11,15,6,20,340,3.0,4.0,2.9,12,8.7,282,1015.8,.5,14.5,MM,MM,MM,MM
2025,11,15,6,10,330,3.0,4.0,2.9,MM,8.7,282,1015.8,.7,14.5,MM,MM,MM,MM
2025,11,15,6,0,330,3.0,4.0,MM,MM,MM,MM,1015.8,.8,14.5,MM,MM,+0.6,MM
2025,11,15,5,50,340,2.0,3.0,2.7,12,8.5,268,1015.8,.8,14.5,MM,MM,MM,MM
2025,11,15,5,40,350,2.0,3.0,MM,MM,MM,MM,1015.8,.8,14.5,MM,MM,MM,MM
2025,11,15,5,30,360,2.0,3.0,MM,MM,MM,MM,1015.9,.8,14.5,MM,MM,MM,MM
2025,11,15,5,20,350,3.0,4.0,2.7,13,8.4,285,1015.8,.8,14.5,MM,MM,MM,MM
2025,11,15,5,10,350,2.0,4.0,2.7,MM,8.4,285,1015.7,.7,14.5,MM,MM,MM,MM
2025,11,15,5,0,340,3.0,4.0,MM,MM,MM,MM,1015.6,.7,14.6,MM,MM,+0.7,MM
2025,11,15,4,50,340,3.0,4.0,3.0,12,8.8,289,1015.6,.6,14.5,MM,MM,MM,MM
2025,11,15,4,40,340,3.0,4.0,3.0,MM,8.8,289,1015.6,.5,14.5,MM,MM,MM,MM
2025,11,15,4,30,340,3.0,5.0,MM,MM,MM,MM,1015.6,.6,14.5,MM,MM,MM,MM
2025,11,15,4,20,330,3.0,5.0,2.9,12,8.6,296,1015.5,.7,14.6,MM,MM,MM,MM
2025,11,15,4,10,330,3.0,5.0,2.9,MM,8.6,296,1015.5,.8,14.6,MM,MM,MM,MM
2025,11,15,4,0,320,3.0,4.0,MM,MM,MM,MM,1015.4,.8,14.6,MM,MM,+1.0,MM
2025,11,15,3,50,330,2.0,4.0,3.1,12,8.9,291,1015.5,.8,14.6,MM,MM,MM,MM
2025,11,15,3,40,320,2.0,4.0,MM,MM,MM,MM,1015.3,.7,14.6,MM,MM,MM,MM
2025,11,15,3,30,310,2.0,3.0,MM,MM,MM,MM,1015.2,.8,14.6,MM,MM,MM,MM
2025,11,15,3,20,300,2.0,3.0,3.1,13,8.9,288,1015.1,.8,14.6,MM,MM,MM,MM
2025,11,15,3,10,320,2.0,3.0,3.1,MM,8.9,288,1015.1,.8,14.6,MM,MM,MM,MM
2025,11,15,3,0,320,2.0,3.0,MM,MM,MM,MM,1015.1,.7,14.6,MM,MM,+0.8,MM
2025,11,15,2,50,300,2.0,4.0,3.0,13,8.8,291,1015.0,.8,14.6,MM,MM,MM,MM
2025,11,15,2,40,320,2.0,3.0,3.0,MM,8.8,291,1015.0,.8,14.5,MM,MM,MM,MM
2025,11,15,2,30,330,2.0,4.0,MM,MM,MM,MM,1014.9,.8,14.6,MM,MM,MM,MM
2025,11,15,2,20,330,3.0,5.0,2.8,MM,8.5,288,1015.4,.9,14.5,MM,MM,MM,MM
2025,11,15,2,10,330,2.0,4.0,2.8,MM,8.5,288,1014.8,.9,14.5,MM,MM,MM,MM
2025,11,15,2,0,330,2.0,3.0,MM,MM,MM,MM,1014.8,.9,14.5,MM,MM,+0.5,MM
2025,11,15,1,50,330,2.0,3.0,3.0,13,8.7,293,1014.7,.9,14.5,MM,MM,MM,MM
2025,11,15,1,40,330,2.0,4.0,MM,MM,MM,MM,1014.7,.9,14.5,MM,MM,MM,MM
2025,11,15,1,30,340,2.0,3.0,MM,MM,MM,MM,1014.6,.9,14.5,MM,MM,MM,MM
2025,11,15,1,20,330,1.0,2.0,3.1,13,9.0,299,1014.6,.0,14.6,MM,MM,MM,MM
2025,11,15,1,10,10,1.0,2.0,3.1,MM,9.0,299,1014.5,.1,14.6,MM,MM,MM,MM
2025,11,15,1,0,250,1.0,2.0,MM,MM,MM,MM,1014.5,.2,14.6,MM,MM,+0.4,MM
2025,11,15,0,50,MM,0.0,2.0,2.9,12,8.9,290,1014.4,.4,14.6,MM,MM,MM,MM
2025,11,15,0,40,MM,0.0,2.0,MM,MM,MM,MM,1014.5,.6,14.6,MM,MM,MM,MM
2025,11,15,0,30,MM,0.0,2.0,MM,MM,MM,MM,1014.4,.7,14.6,MM,MM,MM,MM
2025,11,15,0,20,310,1.0,2.0,3.2,13,9.4,291,1014.4,.6,14.6,MM,MM,MM,MM
2025,11,15,0,10,320,1.0,2.0,3.2,MM,9.4,291,1014.5,.6,14.7,MM,MM,MM,MM
2025,11,15,0,0,300,1.0,3.0,MM,MM,MM,MM,1014.5,.8,14.6,MM,MM,-0.0,MM
2025,11,14,23,50,270,1.0,3.0,3.2,12,9.6,293,1014.5,.8,14.7,MM,MM,MM,MM
2025,11,14,23,40,280,1.0,2.0,MM,MM,MM,MM,1014.4,.8,14.6,MM,MM,MM,MM
2025,11,14,23,30,280,1.0,3.0,MM,MM,MM,MM,1014.4,.8,14.7,MM,MM,MM,MM
2025,11,14,23,20,300,1.0,2.0,3.2,12,9.1,295,1014.4,.8,14.6,MM,MM,MM,MM
2025,11,14,23,10,300,1.0,3.0,MM,MM,MM,MM,1014.4,.8,14.6,MM,MM,MM,MM
2025,11,14,23,0,290,1.0,2.0,MM,MM,MM,MM,1014.4,.0,14.6,MM,MM,-0.3,MM
2025,11,14,22,50,MM,0.0,2.0,3.1,14,9.5,289,1014.5,.0,14.6,MM,MM,MM,MM
2025,11,14,22,40,MM,0.0,2.0,3.1,MM,9.5,289,1014.4,.9,14.6,MM,MM,MM,MM
2025,11,14,22,30,MM,0.0,2.0,MM,MM,MM,MM,1014.4,.8,14.5,MM,MM,MM,MM
2025,11,14,22,20,MM,0.0,1.0,3.7,14,0.2,295,1014.4,.7,14.7,MM,MM,MM,MM
2025,11,14,22,10,190,1.0,3.0,3.7,MM,0.2,295,1014.3,.5,14.6,MM,MM,MM,MM
2025,11,14,22,0,200,2.0,3.0,MM,MM,MM,MM,1014.2,.5,14.5,MM,MM,-0.8,MM
2025,11,14,21,50,210,1.0,2.0,3.2,13,9.5,287,1014.1,.5,14.5,MM,MM,MM,MM
2025,11,14,21,40,210,1.0,2.0,3.2,MM,9.5,287,1014.3,.5,14.5,MM,MM,MM,MM
2025,11,14,21,30,230,1.0,2.0,MM,MM,MM,MM,1014.3,.4,14.6,MM,MM,MM,MM
2025,11,14,21,20,MM,0.0,2.0,3.3,14,9.8,290,1014.3,.4,14.6,MM,MM,MM,MM
2025,11,14,21,10,150,1.0,2.0,3.3,MM,9.8,290,1014.3,.2,MM,MM,MM,MM,MM
2025,11,14,21,0,MM,0.0,2.0,MM,MM,MM,MM,1014.5,.2,14.6,MM,MM,-0.5,MM
2025,11,14,20,50,160,1.0,3.0,3.8,14,0.0,285,1014.5,.1,14.5,MM,MM,MM,MM
2025,11,14,20,40,110,1.0,3.0,MM,MM,MM,MM,1014.7,.9,14.6,MM,MM,MM,MM
2025,11,14,20,30,90,1.0,3.0,MM,MM,MM,MM,1014.8,.8,14.5,MM,MM,MM,MM
2025,11,14,20,20,80,2.0,4.0,3.2,13,9.6,283,1014.8,.8,14.5,MM,MM,MM,MM
2025,11,14,20,10,80,2.0,4.0,3.2,MM,9.6,283,1014.8,.9,14.5,MM,MM,MM,MM
2025,11,14,20,0,70,1.0,3.0,MM,MM,MM,MM,1014.8,.0,14.6,MM,MM,+0.0,MM
2025,11,14,19,50,MM,0.0,3.0,3.9,14,0.4,285,1014.8,.9,14.5,MM,MM,MM,MM
2025,11,14,19,40,260,1.0,2.0,MM,MM,MM,MM,1015.0,.8,14.6,MM,MM,MM,MM
2025,11,14,19,30,190,1.0,2.0,MM,MM,MM,MM,1015.1,.8,14.5,MM,MM,MM,MM
2025,11,14,19,20,160,1.0,3.0,3.8,14,9.8,290,1015.1,.6,14.5,MM,MM,MM,MM
2025,11,14,19,10,160,1.0,2.0,3.8,MM,9.8,290,1015.0,.6,14.5,MM,MM,MM,MM
2025,11,14,19,0,200,1.0,2.0,MM,MM,MM,MM,1015.1,.4,14.4,MM,MM,+1.3,MM
2025,11,14,18,50,200,1.0,3.0,3.3,MM,9.5,281,1015.1,.3,14.4,MM,MM,MM,MM
2025,11,14,18,40,MM,MM,MM,3.3,14,9.5,281,MM,MM,MM,MM,MM,MM,MM
2025,11,14,18,30,100,2.0,4.0,MM,MM,MM,MM,1015.2,.2,14.4,MM,MM,MM,MM
2025,11,14,18,20,90,2.0,4.0,3.3,13,9.3,289,1015.1,.3,14.4,MM,MM,MM,MM
2025,11,14,18,10,130,1.0,3.0,3.3,MM,9.3,289,1015.2,.3,14.4,MM,MM,MM,MM
2025,11,14,18,0,170,2.0,3.0,MM,MM,MM,MM,1015.1,.2,14.3,MM,MM,+1.9,MM
2025,11,14,17,50,210,2.0,3.0,3.3,14,9.3,282,1015.0,.1,14.3,MM,MM,MM,MM
2025,11,14,17,40,220,2.0,4.0,MM,MM,MM,MM,1014.9,.0,14.3,MM,MM,MM,MM
2025,11,14,17,30,200,1.0,2.0,MM,MM,MM,MM,1014.6,.9,14.3,MM,MM,MM,MM
2025,11,14,17,20,190,1.0,3.0,3.6,15,9.6,288,1014.6,.8,14.3,MM,MM,MM,MM
2025,11,14,17,10,200,1.0,2.0,3.6,MM,9.6,288,1014.7,.8,14.3,MM,MM,MM,MM
2025,11,14,17,0,170,1.0,2.0,MM,MM,MM,MM,1014.8,.7,14.3,MM,MM,+1.8,MM
2025,11,14,16,50,160,1.0,3.0,3.6,14,9.5,285,1014.7,.6,14.3,MM,MM,MM,MM
2025,11,14,16,40,180,1.0,2.0,3.6,MM,9.5,285,1014.5,.6,14.3,MM,MM,MM,MM
2025,11,14,16,30,MM,0.0,2.0,MM,MM,MM,MM,1014.2,.5,14.3,MM,MM,MM,MM
2025,11,14,16,20,180,1.0,2.0,4.0,14,9.7,290,1013.9,.6,MM,MM,MM,MM,MM
2025,11,14,16,10,190,1.0,3.0,4.0,MM,9.7,290,1013.8,.6,14.3,MM,MM,MM,MM
2025,11,14,16,0,160,1.0,3.0,MM,MM,MM,MM,1013.8,.7,14.3,MM,MM,+0.8,MM
2025,11,14,15,50,130,2.0,4.0,3.6,13,9.0,292,1013.7,.8,14.3,MM,MM,MM,MM
2025,11,14,15,40,130,2.0,3.0,3.6,MM,9.0,292,1013.5,.9,14.3,MM,MM,MM,MM
2025,11,14,15,30,140,2.0,3.0,MM,MM,MM,MM,1013.5,.9,14.3,MM,MM,MM,MM
2025,11,14,15,20,150,2.0,3.0,4.2,13,9.5,295,1013.4,.8,14.3,MM,MM,MM,MM
2025,11,14,15,10,150,2.0,4.0,4.2,MM,9.5,295,1013.3,.8,14.3,MM,MM,MM,MM
2025,11,14,15,0,160,2.0,3.0,MM,MM,MM,MM,1013.1,.8,14.3,MM,MM,+0.7,MM
2025,11,14,14,50,160,1.0,3.0,4.4,15,9.7,297,1013.1,.9,14.3,MM,MM,MM,MM
2025,11,14,14,40,170,2.0,4.0,4.4,MM,9.7,297,1012.9,.9,14.3,MM,MM,MM,MM
2025,11,14,14,30,160,2.0,3.0,MM,MM,MM,MM,1012.8,.9,14.3,MM,MM,MM,MM
2025,11,14,14,20,150,2.0,4.0,4.1,12,9.3,288,1012.7,.0,14.3,MM,MM,MM,MM
2025,11,14,14,10,160,2.0,4.0,MM,MM,MM,MM,1012.8,.0,14.3,MM,MM,MM,MM
2025,11,14,14,0,160,2.0,3.0,MM,MM,MM,MM,1012.8,.0,14.3,MM,MM,-0.0,MM
2025,11,14,13,50,150,1.0,3.0,4.2,14,9.3,292,1012.8,.0,14.3,MM,MM,MM,MM
2025,11,14,13,40,130,1.0,3.0,MM,MM,MM,MM,1012.8,.1,14.3,MM,MM,MM,MM
2025,11,14,13,30,150,2.0,3.0,MM,MM,MM,MM,1012.8,.1,14.4,MM,MM,MM,MM
2025,11,14,13,20,150,2.0,4.0,4.4,13,9.6,297,1012.8,.1,14.4,MM,MM,MM,MM
2025,11,14,13,10,120,2.0,4.0,MM,MM,MM,MM,1012.8,.1,14.4,MM,MM,MM,MM
2025,11,14,13,0,110,2.0,4.0,MM,MM,MM,MM,1012.9,.1,14.4,MM,MM,-0.0,MM
2025,11,14,12,50,90,2.0,5.0,5.1,14,0.1,299,1012.9,.2,14.4,MM,MM,MM,MM
2025,11,14,12,40,130,1.0,4.0,5.1,MM,0.1,299,1012.7,.2,14.4,MM,MM,MM,MM
2025,11,14,12,30,130,2.0,5.0,MM,MM,MM,MM,1012.5,.2,14.4,MM,MM,MM,MM
2025,11,14,12,20,160,1.0,3.0,4.8,15,9.7,288,1012.4,.2,14.4,MM,MM,MM,MM
2025,11,14,12,10,180,2.0,4.0,MM,MM,MM,MM,1012.4,.2,14.4,MM,MM,MM,MM
2025,11,14,12,0,170,2.0,5.0,MM,MM,MM,MM,1012.4,.2,14.4,MM,MM,-0.4,MM
2025,11,14,11,50,180,2.0,4.0,4.9,13,9.8,297,1012.3,.2,14.4,MM,MM,MM,MM
2025,11,14,11,40,180,2.0,4.0,MM,MM,MM,MM,1012.4,.2,14.4,MM,MM,MM,MM
2025,11,14,11,30,160,3.0,5.0,MM,MM,MM,MM,1012.4,.2,14.4,MM,MM,MM,MM
2025,11,14,11,20,160,3.0,4.0,5.2,13,0.0,289,1012.5,.2,14.4,MM,MM,MM,MM
2025,11,14,11,10,170,2.0,4.0,5.2,MM,0.0,289,1012.7,.3,14.4,MM,MM,MM,MM
2025,11,14,11,0,170,2.0,4.0,MM,MM,MM,MM,1012.7,.3,14.4,MM,MM,-0.5,MM
2025,11,14,10,50,170,2.0,5.0,4.8,14,9.8,294,1012.6,.3,14.4,MM,MM,MM,MM
2025,11,14,10,40,170,2.0,5.0,MM,MM,MM,MM,1012.6,.3,14.4,MM,MM,MM,MM
2025,11,14,10,30,170,2.0,4.0,MM,MM,MM,MM,1012.6,.2,14.4,MM,MM,MM,MM
2025,11,14,10,20,160,2.0,5.0,4.6,14,9.4,286,1012.8,.2,14.4,MM,MM,MM,MM
2025,11,14,10,10,150,2.0,4.0,4.6,MM,9.4,286,1012.8,.2,14.4,MM,MM,MM,MM
2025,11,14,10,0,140,2.0,3.0,MM,MM,MM,MM,1012.6,.2,14.4,MM,MM,+0.0,MM
2025,11,14,9,50,150,2.0,4.0,5.5,13,0.2,293,1012.7,.2,14.4,MM,MM,MM,MM
2025,11,14,9,40,170,2.0,4.0,MM,MM,MM,MM,1012.7,.2,14.4,MM,MM,MM,MM
2025,11,14,9,30,160,2.0,4.0,MM,MM,MM,MM,1012.7,.2,14.4,MM,MM,MM,MM
2025,11,14,9,20,150,1.0,3.0,5.1,14,9.9,294,1012.6,.2,14.4,MM,MM,MM,MM
2025,11,14,9,10,150,1.0,3.0,5.1,MM,9.9,294,1012.6,.2,14.4,MM,MM,MM,MM
2025,11,14,9,0,170,1.0,4.0,MM,MM,MM,MM,1012.7,.2,14.4,MM,MM,+0.5,MM
2025,11,14,8,50,180,1.0,3.0,4.8,15,0.0,289,1012.7,.3,14.3,MM,MM,MM,MM
2025,11,14,8,40,180,2.0,4.0,MM,MM,MM,MM,1012.7,.3,14.3,MM,MM,MM,MM
2025,11,14,8,30,180,2.0,3.0,MM,MM,MM,MM,1012.9,.3,14.4,MM,MM,MM,MM
2025,11,14,8,20,180,2.0,4.0,4.5,13,9.7,296,1013.0,.3,14.4,MM,MM,MM,MM
2025,11,14,8,10,190,2.0,4.0,MM,MM,MM,MM,1013.2,.4,14.4,MM,MM,MM,MM
2025,11,14,8,0,190,2.0,4.0,MM,MM,MM,MM,1013.1,.4,14.4,MM,MM,+1.7,MM
2025,11,14,7,50,200,2.0,4.0,4.3,15,9.4,287,1013.0,.5,14.4,MM,MM,MM,MM
2025,11,14,7,40,200,3.0,4.0,MM,MM,MM,MM,1012.9,.5,14.5,MM,MM,MM,MM
2025,11,14,7,30,210,3.0,4.0,MM,MM,MM,MM,1012.8,.5,14.5,MM,MM,MM,MM
2025,11,14,7,20,200,3.0,4.0,4.2,14,9.4,297,1012.7,.5,14.5,MM,MM,MM,MM
2025,11,14,7,10,200,3.0,4.0,4.2,MM,9.4,297,1012.7,.5,14.5,MM,MM,MM,MM
2025,11,14,7,0,200,4.0,4.0,MM,MM,MM,MM,1012.6,.5,14.5,MM,MM,+1.5,MM
2025,11,14,6,50,200,3.0,5.0,4.3,15,9.6,290,1012.6,.5,14.5,MM,MM,MM,MM
2025,11,14,6,40,190,3.0,4.0,4.3,MM,9.6,290,1012.4,.5,14.5,MM,MM,MM,MM
2025,11,14,6,30,190,3.0,4.0,MM,MM,MM,MM,1012.3,.5,14.5,MM,MM,MM,MM
2025,11,14,6,20,190,4.0,5.0,4.1,15,9.1,289,1012.3,.6,14.5,MM,MM,MM,MM
2025,11,14,6,10,190,4.0,5.0,MM,MM,MM,MM,1012.3,.6,14.5,MM,MM,MM,MM
2025,11,14,6,0,180,4.0,5.0,MM,MM,MM,MM,1012.2,.6,14.5,MM,MM,+1.8,MM
2025,11,14,5,50,180,4.0,5.0,3.8,14,8.9,286,1012.1,.6,14.5,MM,MM,MM,MM
2025,11,14,5,40,180,4.0,5.0,3.8,MM,8.9,286,1011.9,.7,14.5,MM,MM,MM,MM
2025,11,14,5,30,180,4.0,5.0,MM,MM,MM,MM,1011.9,.8,14.5,MM,MM,MM,MM
2025,11,14,5,20,180,4.0,5.0,4.0,14,9.0,285,1011.7,.8,14.5,MM,MM,MM,MM
2025,11,14,5,10,180,5.0,6.0,4.0,MM,9.0,285,1011.6,.9,14.5,MM,MM,MM,MM
2025,11,14,5,0,180,5.0,6.0,MM,MM,MM,MM,1011.5,.0,14.5,MM,MM,+0.8,MM
2025,11,14,4,50,180,5.0,7.0,4.4,15,9.6,292,1011.4,.8,14.5,MM,MM,MM,MM
2025,11,14,4,40,180,5.0,6.0,4.4,MM,9.6,292,1011.3,.9,14.5,MM,MM,MM,MM
2025,11,14,4,30,180,5.0,7.0,MM,MM,MM,MM,1011.3,.9,14.5,MM,MM,MM,MM
2025,11,14,4,20,180,6.0,7.0,3.6,15,8.9,287,1011.2,.9,14.5,MM,MM,MM,MM
2025,11,14,4,10,180,5.0,7.0,3.6,MM,8.9,287,1011.1,.9,14.5,MM,MM,MM,MM
2025,11,14,4,0,180,6.0,7.0,MM,MM,MM,MM,1011.0,.9,14.5,MM,MM,+1.2,MM
2025,11,14,3,50,180,6.0,7.0,3.6,15,8.6,288,1010.9,.9,14.5,MM,MM,MM,MM
2025,11,14,3,40,180,6.0,8.0,MM,MM,MM,MM,1011.0,.9,14.5,MM,MM,MM,MM
2025,11,14,3,30,180,6.0,8.0,MM,MM,MM,MM,1010.9,.9,14.5,MM,MM,MM,MM
2025,11,14,3,20,170,6.0,7.0,3.5,15,8.7,282,1010.6,.9,14.5,MM,MM,MM,MM
2025,11,14,3,10,170,6.0,8.0,3.5,MM,8.7,282,1010.6,.9,14.5,MM,MM,MM,MM
2025,11,14,3,0,170,6.0,8.0,MM,MM,MM,MM,1010.4,.9,14.5,MM,MM,+1.1,MM
2025,11,14,2,50,170,7.0,8.0,3.2,9,8.1,216,1010.4,.9,14.5,MM,MM,MM,MM
2025,11,14,2,40,170,6.0,8.0,MM,MM,MM,MM,1010.3,.9,14.5,MM,MM,MM,MM
2025,11,14,2,30,170,5.0,7.0,MM,MM,MM,MM,1010.4,.0,14.5,MM,MM,MM,MM
2025,11,14,2,20,170,6.0,8.0,2.7,9,7.5,223,1010.4,.0,14.5,MM,MM,MM,MM
2025,11,14,2,10,170,6.0,7.0,2.7,MM,7.5,223,1010.6,.0,14.5,MM,MM,MM,MM
2025,11,14,2,0,180,6.0,7.0,MM,MM,MM,MM,1010.5,.0,14.5,MM,MM,+0.7,MM
2025,11,14,1,50,170,6.0,8.0,3.0,9,7.8,206,1010.4,.0,14.5,MM,MM,MM,MM
2025,11,14,1,40,170,6.0,8.0,MM,MM,MM,MM,1010.1,.9,14.5,MM,MM,MM,MM
2025,11,14,1,30,160,6.0,7.0,MM,MM,MM,MM,1009.9,.8,14.5,MM,MM,MM,MM
2025,11,14,1,20,170,6.0,7.0,2.9,9,7.9,223,1009.6,.8,14.5,MM,MM,MM,MM
2025,11,14,1,10,170,6.0,7.0,2.9,MM,7.9,223,1010.0,.8,14.5,MM,MM,MM,MM
2025,11,14,1,0,160,5.0,7.0,MM,MM,MM,MM,1009.7,.8,14.5,MM,MM,+0.5,MM
2025,11,14,0,50,160,5.0,7.0,2.7,8,7.3,188,1009.6,.8,14.5,MM,MM,MM,MM
2025,11,14,0,40,170,5.0,7.0,MM,MM,MM,MM,1009.9,.8,14.5,MM,MM,MM,MM
2025,11,14,0,30,160,5.0,7.0,MM,MM,MM,MM,1009.8,.9,14.5,MM,MM,MM,MM
2025,11,14,0,20,160,5.0,6.0,2.7,10,7.5,224,1009.5,.9,14.5,MM,MM,MM,MM
2025,11,14,0,10,160,5.0,6.0,2.7,MM,7.5,224,1009.4,.9,14.5,MM,MM,MM,MM
2025,11,14,0,0,160,5.0,6.0,MM,MM,MM,MM,1009.3,.9,14.5,MM,MM,-0.4,MM
2025,11,13,23,50,170,5.0,6.0,2.7,8,7.2,202,1009.6,.0,14.5,MM,MM,MM,MM
2025,11,13,23,40,170,5.0,7.0,2.7,MM,7.2,202,1009.7,.0,14.5,MM,MM,MM,MM
2025,11,13,23,30,170,6.0,8.0,MM,MM,MM,MM,1009.7,.0,14.5,MM,MM,MM,MM
2025,11,13,23,20,170,6.0,7.0,2.6,9,7.2,217,1009.8,.9,14.5,MM,MM,MM,MM
2025,11,13,23,10,170,7.0,8.0,2.6,MM,7.2,217,1009.8,.9,14.5,MM,MM,MM,MM
2025,11,13,23,0,170,7.0,8.0,MM,MM,MM,MM,1009.9,.9,14.5,MM,MM,+0.4,MM
2025,11,13,22,50,170,6.0,8.0,2.8,10,7.4,220,1009.8,.8,14.5,MM,MM,MM,MM
2025,11,13,22,40,170,7.0,8.0,MM,MM,MM,MM,1009.6,.8,14.5,MM,MM,MM,MM
2025,11,13,22,30,160,7.0,8.0,MM,MM,MM,MM,1009.4,.8,14.5,MM,MM,MM,MM
2025,11,13,22,20,160,7.0,8.0,2.6,9,7.2,201,1009.4,.8,14.5,MM,MM,MM,MM
2025,11,13,22,10,160,6.0,8.0,MM,MM,MM,MM,1009.4,.8,14.5,MM,MM,MM,MM
2025,11,13,22,0,160,6.0,8.0,MM,MM,MM,MM,1009.2,.8,14.5,MM,MM,-0.9,MM
2025,11,13,21,50,160,6.0,8.0,2.8,8,7.3,176,1009.3,.9,14.5,MM,MM,MM,MM
2025,11,13,21,40,160,6.0,8.0,MM,MM,MM,MM,1009.4,.9,14.5,MM,MM,MM,MM
2025,11,13,21,30,160,6.0,8.0,MM,MM,MM,MM,1009.3,.8,14.5,MM,MM,MM,MM
2025,11,13,21,20,160,6.0,8.0,2.9,10,7.3,229,1009.5,.7,14.5,MM,MM,MM,MM
2025,11,13,21,10,160,6.0,8.0,2.9,MM,7.3,229,1009.5,.7,14.5,MM,MM,MM,MM
2025,11,13,21,0,150,6.0,7.0,MM,MM,MM,MM,1009.7,.8,14.5,MM,MM,+0.0,MM
2025,11,13,20,50,150,6.0,8.0,2.9,8,7.4,173,1009.7,.9,14.5,MM,MM,MM,MM
2025,11,13,20,40,150,5.0,7.0,2.9,MM,7.4,173,1009.8,.0,14.6,MM,MM,MM,MM
2025,11,13,20,30,160,6.0,7.0,MM,MM,MM,MM,1009.4,.1,14.6,MM,MM,MM,MM
2025,11,13,20,20,160,6.0,7.0,2.9,9,7.3,195,1009.8,.3,14.6,MM,MM,MM,MM
2025,11,13,20,10,170,6.0,7.0,2.9,MM,7.3,195,1010.0,.3,14.6,MM,MM,MM,MM
2025,11,13,20,0,160,4.0,6.0,MM,MM,MM,MM,1009.4,.0,14.6,MM,MM,+0.0,MM
2025,11,13,19,50,160,4.0,6.0,3.2,9,7.4,196,1009.1,.9,14.6,MM,MM,MM,MM
2025,11,13,19,40,180,5.0,6.0,MM,MM,MM,MM,1009.8,.9,14.6,MM,MM,MM,MM
2025,11,13,19,30,180,5.0,6.0,MM,MM,MM,MM,1010.1,.0,14.6,MM,MM,MM,MM
2025,11,13,19,20,190,5.0,7.0,3.0,9,7.2,208,1010.6,.0,14.6,MM,MM,MM,MM
2025,11,13,19,10,180,5.0,6.0,MM,MM,MM,MM,1010.2,.0,14.5,MM,MM,MM,MM
2025,11,13,19,0,170,6.0,8.0,MM,MM,MM,MM,1010.1,.1,14.5,MM,MM,+1.5,MM
2025,11,13,18,50,170,6.0,8.0,3.2,10,7.2,221,1010.5,.2,14.4,MM,MM,MM,MM
2025,11,13,18,40,180,6.0,8.0,MM,MM,MM,MM,1010.1,.0,14.2,MM,MM,MM,MM
2025,11,13,18,30,170,6.0,8.0,MM,MM,MM,MM,1009.7,.7,14.2,MM,MM,MM,MM
2025,11,13,18,20,170,6.0,7.0,3.4,8,7.2,181,1009.6,.6,MM,MM,MM,MM,MM
2025,11,13,18,10,180,6.0,8.0,3.4,MM,7.2,181,1009.8,.5,14.2,MM,MM,MM,MM
2025,11,13,18,0,170,6.0,8.0,MM,MM,MM,MM,1009.8,.4,14.1,MM,MM,+1.6,MM
2025,11,13,17,50,170,6.0,7.0,3.4,8,7.1,169,1009.6,.4,14.0,MM,MM,MM,MM
2025,11,13,17,40,160,6.0,7.0,MM,MM,MM,MM,1009.4,.4,14.0,MM,MM,MM,MM
2025,11,13,17,30,170,6.0,7.0,MM,MM,MM,MM,1009.2,.4,14.1,MM,MM,MM,MM
2025,11,13,17,20,160,6.0,7.0,3.4,8,7.0,183,1009.1,.4,14.1,MM,MM,MM,MM
2025,11,13,17,10,170,6.0,8.0,3.4,MM,7.0,183,1009.3,.4,14.1,MM,MM,MM,MM
2025,11,13,17,0,170,6.0,8.0,MM,MM,MM,MM,1009.2,.4,14.1,MM,MM,+2.4,MM
2025,11,13,16,50,170,7.0,8.0,3.4,9,6.8,202,1009.3,.4,14.2,MM,MM,MM,MM
2025,11,13,16,40,180,7.0,8.0,3.4,MM,6.8,202,1009.1,.5,14.2,MM,MM,MM,MM
2025,11,13,16,30,180,7.0,9.0,MM,MM,MM,MM,1009.0,.5,14.2,MM,MM,MM,MM
2025,11,13,16,20,180,7.0,9.0,3.6,8,6.8,186,1009.0,.5,14.2,MM,MM,MM,MM
2025,11,13,16,10,190,7.0,8.0,3.6,MM,6.8,186,1009.0,.5,14.2,MM,MM,MM,MM
2025,11,13,16,0,180,6.0,8.0,MM,MM,MM,MM,1008.6,.6,14.2,MM,MM,+2.0,MM
2025,11,13,15,50,180,7.0,8.0,3.8,8,6.6,179,1008.3,.7,14.3,MM,MM,MM,MM
2025,11,13,15,40,190,7.0,9.0,MM,MM,MM,MM,1008.3,.9,14.3,MM,MM,MM,MM
2025,11,13,15,30,190,8.0,0.0,MM,MM,MM,MM,1008.4,.1,14.2,MM,MM,MM,MM
2025,11,13,15,20,190,0.0,4.0,4.0,8,6.6,177,1008.6,.3,14.2,MM,MM,MM,MM
2025,11,13,15,10,180,2.0,5.0,4.0,MM,6.6,177,1008.4,.4,14.2,MM,MM,MM,MM
2025,11,13,15,0,170,4.0,8.0,MM,MM,MM,MM,1007.9,.6,14.2,MM,MM,+1.1,MM
2025,11,13,14,50,160,4.0,8.0,4.0,8,6.6,170,1007.5,.5,14.2,MM,MM,MM,MM
2025,11,13,14,40,160,3.0,7.0,4.0,MM,6.6,170,1007.2,.5,14.3,MM,MM,MM,MM
2025,11,13,14,30,160,3.0,7.0,MM,MM,MM,MM,1007.0,.5,14.3,MM,MM,MM,MM
2025,11,13,14,20,160,4.0,7.0,3.6,8,6.3,178,1006.8,.6,14.2,MM,MM,MM,MM
2025,11,13,14,10,160,5.0,0.0,MM,MM,MM,MM,1006.7,.6,14.2,MM,MM,MM,MM
2025,11,13,14,0,160,4.0,8.0,MM,MM,MM,MM,1006.6,.6,14.1,MM,MM,-0.7,MM
2025,11,13,13,50,160,4.0,8.0,3.6,8,6.3,177,1006.3,.7,14.1,MM,MM,MM,MM
2025,11,13,13,40,150,5.0,8.0,MM,MM,MM,MM,1006.2,.7,14.2,MM,MM,MM,MM
2025,11,13,13,30,150,4.0,8.0,MM,MM,MM,MM,1006.2,.7,14.2,MM,MM,MM,MM
2025,11,13,13,20,150,5.0,9.0,3.4,8,6.1,170,1006.2,.8,14.2,MM,MM,MM,MM
2025,11,13,13,10,150,5.0,8.0,3.4,MM,6.1,170,1006.0,.8,14.2,MM,MM,MM,MM
2025,11,13,13,0,150,5.0,0.0,MM,MM,MM,MM,1006.0,.7,14.3,MM,MM,-1.5,MM
2025,11,13,12,50,150,5.0,9.0,3.2,7,6.0,170,1006.1,.6,14.3,MM,MM,MM,MM
2025,11,13,12,40,150,5.0,8.0,3.2,MM,6.0,170,1006.2,.5,14.2,MM,MM,MM,MM
2025,11,13,12,30,150,5.0,7.0,MM,MM,MM,MM,1006.6,.5,14.2,MM,MM,MM,MM
2025,11,13,12,20,150,5.0,9.0,3.5,8,6.1,171,1006.5,.7,14.2,MM,MM,MM,MM
2025,11,13,12,10,150,4.0,9.0,MM,MM,MM,MM,1006.6,.0,14.2,MM,MM,MM,MM
2025,11,13,12,0,150,4.0,9.0,MM,MM,MM,MM,1006.7,.5,14.3,MM,MM,-1.6,MM
2025,11,13,11,50,150,5.0,8.0,3.3,8,6.0,170,1006.3,.6,14.3,MM,MM,MM,MM
2025,11,13,11,40,150,4.0,7.0,MM,MM,MM,MM,1006.6,.4,14.3,MM,MM,MM,MM
2025,11,13,11,30,150,4.0,9.0,MM,MM,MM,MM,1006.8,.3,14.3,MM,MM,MM,MM
2025,11,13,11,20,150,4.0,7.0,3.2,8,5.9,171,1007.0,.2,14.4,MM,MM,MM,MM
2025,11,13,11,10,150,5.0,0.0,3.2,MM,5.9,171,1006.9,.3,14.4,MM,MM,MM,MM
2025,11,13,11,0,150,5.0,9.0,MM,MM,MM,MM,1007.2,.7,14.5,MM,MM,-1.9,MM
2025,11,13,10,50,150,5.0,9.0,3.3,7,6.1,168,1007.1,.8,14.5,MM,MM,MM,MM
2025,11,13,10,40,150,4.0,7.0,MM,MM,MM,MM,1007.4,.7,MM,MM,MM,MM,MM
2025,11,13,10,30,150,5.0,9.0,MM,MM,MM,MM,1007.7,.7,14.5,MM,MM,MM,MM
2025,11,13,10,20,150,4.0,8.0,3.1,7,5.7,177,1007.8,.6,14.4,MM,MM,MM,MM
2025,11,13,10,10,150,4.0,8.0,3.1,MM,5.7,177,1007.9,.7,14.4,MM,MM,MM,MM
2025,11,13,10,0,150,5.0,9.0,MM,MM,MM,MM,1008.1,.8,14.4,MM,MM,-2.5,MM
2025,11,13,9,50,150,4.0,8.0,2.9,7,5.7,166,1008.2,.9,14.4,MM,MM,MM,MM
2025,11,13,9,40,150,4.0,7.0,MM,MM,MM,MM,1008.3,.9,14.5,MM,MM,MM,MM
2025,11,13,9,30,150,4.0,7.0,MM,MM,MM,MM,1008.4,.8,14.4,MM,MM,MM,MM
2025,11,13,9,20,150,3.0,6.0,2.8,7,5.7,179,1008.5,.8,14.5,MM,MM,MM,MM
2025,11,13,9,10,150,3.0,7.0,2.8,MM,5.7,179,1008.7,.8,14.5,MM,MM,MM,MM
2025,11,13,9,0,150,3.0,6.0,MM,MM,MM,MM,1008.7,.7,14.5,MM,MM,-1.9,MM
2025,11,13,8,50,150,3.0,6.0,2.8,7,5.7,167,1009.0,.5,14.5,MM,MM,MM,MM
2025,11,13,8,40,150,3.0,5.0,MM,MM,MM,MM,1009.1,.6,14.5,MM,MM,MM,MM
2025,11,13,8,30,150,3.0,6.0,MM,MM,MM,MM,1009.2,.7,14.5,MM,MM,MM,MM
2025,11,13,8,20,150,3.0,5.0,2.5,7,5.5,162,1009.4,.7,14.5,MM,MM,MM,MM
2025,11,13,8,10,150,3.0,6.0,2.5,MM,5.5,162,1009.6,.6,14.5,MM,MM,MM,MM
2025,11,13,8,0,150,3.0,6.0,MM,MM,MM,MM,1009.6,.6,14.5,MM,MM,-1.8,MM
2025,11,13,7,50,140,3.0,6.0,2.4,7,5.5,169,1009.7,.5,14.5,MM,MM,MM,MM
2025,11,13,7,40,140,3.0,5.0,MM,MM,MM,MM,1010.0,.5,14.5,MM,MM,MM,MM
2025,11,13,7,30,140,2.0,5.0,MM,MM,MM,MM,1010.0,.5,14.5,MM,MM,MM,MM
2025,11,13,7,20,150,2.0,4.0,2.3,7,5.4,170,1010.3,.5,14.5,MM,MM,MM,MM
2025,11,13,7,10,150,1.0,5.0,MM,MM,MM,MM,1010.5,.6,14.5,MM,MM,MM,MM
2025,11,13,7,0,150,1.0,4.0,MM,MM,MM,MM,1010.7,.7,14.5,MM,MM,-1.0,MM
2025,11,13,6,50,150,1.0,3.0,2.3,6,5.2,167,1010.7,.7,14.5,MM,MM,MM,MM
2025,11,13,6,40,150,1.0,3.0,2.3,MM,5.2,167,1010.8,.7,14.5,MM,MM,MM,MM
2025,11,13,6,30,150,1.0,4.0,MM,MM,MM,MM,1010.9,.8,14.5,MM,MM,MM,MM
2025,11,13,6,20,150,2.0,4.0,2.1,6,5.1,163,1011.0,.9,14.5,MM,MM,MM,MM
2025,11,13,6,10,140,2.0,4.0,2.1,MM,5.1,163,1010.9,.9,14.5,MM,MM,MM,MM
2025,11,13,6,0,140,2.0,5.0,MM,MM,MM,MM,1010.8,.9,14.5,MM,MM,-1.0,MM
2025,11,13,5,50,140,1.0,4.0,2.0,6,5.1,173,1010.9,.7,14.5,MM,MM,MM,MM
2025,11,13,5,40,140,1.0,3.0,2.0,MM,5.1,173,1010.9,.5,14.5,MM,MM,MM,MM
2025,11,13,5,30,140,1.0,4.0,MM,MM,MM,MM,1010.9,.4,14.5,MM,MM,MM,MM
2025,11,13,5,20,140,1.0,3.0,2.0,6,5.1,176,1011.3,.4,14.5,MM,MM,MM,MM
2025,11,13,5,10,140,1.0,4.0,2.0,MM,5.1,176,1011.4,.4,14.5,MM,MM,MM,MM
2025,11,13,5,0,140,1.0,3.0,MM,MM,MM,MM,1011.3,.4,14.5,MM,MM,-0.4,MM
2025,11,13,4,50,140,1.0,3.0,1.9,6,5.1,176,1011.3,.3,14.5,MM,MM,MM,MM
2025,11,13,4,40,140,1.0,3.0,MM,MM,MM,MM,1011.4,.3,14.5,MM,MM,MM,MM
2025,11,13,4,30,150,1.0,3.0,MM,MM,MM,MM,1011.5,.4,14.5,MM,MM,MM,MM
2025,11,13,4,20,150,1.0,3.0,1.8,6,5.0,168,1011.6,.4,14.5,MM,MM,MM,MM
2025,11,13,4,10,150,1.0,3.0,1.8,MM,5.0,168,1011.6,.4,14.5,MM,MM,MM,MM
2025,11,13,4,0,150,1.0,3.0,MM,MM,MM,MM,1011.8,.4,14.5,MM,MM,-0.3,MM
2025,11,13,3,50,160,9.0,2.0,MM,MM,MM,MM,1011.8,.2,14.5,MM,MM,MM,MM
2025,11,13,3,40,160,0.0,2.0,MM,MM,MM,MM,1011.9,.2,14.5,MM,MM,MM,MM
2025,11,13,3,30,150,0.0,3.0,MM,MM,MM,MM,1011.8,.1,14.5,MM,MM,MM,MM
2025,11,13,3,20,150,0.0,2.0,1.6,6,5.0,180,1011.7,.9,14.5,MM,MM,MM,MM
2025,11,13,3,10,150,0.0,2.0,1.6,MM,5.0,180,1011.7,.9,14.5,MM,MM,MM,MM
2025,11,13,3,0,150,0.0,2.0,MM,MM,MM,MM,1011.8,.8,14.5,MM,MM,-0.9,MM
2025,11,13,2,50,150,0.0,2.0,1.5,5,5.0,167,1011.8,.7,14.5,MM,MM,MM,MM
2025,11,13,2,40,140,9.0,1.0,MM,MM,MM,MM,1011.9,.8,14.5,MM,MM,MM,MM
2025,11,13,2,30,150,9.0,2.0,MM,MM,MM,MM,1011.9,.0,14.5,MM,MM,MM,MM
2025,11,13,2,20,150,0.0,1.0,1.5,14,5.2,197,1011.9,.2,14.5,MM,MM,MM,MM
2025,11,13,2,10,150,0.0,2.0,1.5,MM,5.2,197,1011.7,.2,14.5,MM,MM,MM,MM
2025,11,13,2,0,140,0.0,2.0,MM,MM,MM,MM,1011.7,.2,14.5,MM,MM,-1.0,MM
2025,11,13,1,50,140,9.0,1.0,1.4,14,5.0,210,1011.6,.2,14.5,MM,MM,MM,MM
2025,11,13,1,40,140,9.0,1.0,MM,MM,MM,MM,1011.7,.2,14.5,MM,MM,MM,MM
2025,11,13,1,30,140,9.0,1.0,MM,MM,MM,MM,1011.8,.3,14.5,MM,MM,MM,MM
2025,11,13,1,20,140,9.0,1.0,1.5,15,5.1,207,1011.9,.3,14.4,MM,MM,MM,MM
2025,11,13,1,10,140,9.0,1.0,1.5,MM,5.1,207,1012.0,.3,14.4,MM,MM,MM,MM
2025,11,13,1,0,150,9.0,1.0,MM,MM,MM,MM,1012.0,.4,14.3,MM,MM,-1.2,MM
2025,11,13,0,50,150,9.0,1.0,1.4,9,4.9,309,1012.1,.5,14.4,MM,MM,MM,MM
2025,11,13,0,40,150,0.0,2.0,1.4,MM,4.9,309,1012.2,.6,14.4,MM,MM,MM,MM
2025,11,13,0,30,150,0.0,3.0,MM,MM,MM,MM,1012.3,.6,14.3,MM,MM,MM,MM
2025,11,13,0,20,150,0.0,2.0,1.5,9,5.1,309,1012.2,.7,14.3,MM,MM,MM,MM
2025,11,13,0,10,160,0.0,2.0,1.5,MM,5.1,309,1012.5,.6,14.3,MM,MM,MM,MM
2025,11,13,0,0,160,0.0,1.0,MM,MM,MM,MM,1012.7,.5,14.3,MM,MM,-1.3,MM
2025,11,12,23,50,160,9.0,1.0,1.3,16,5.1,212,1012.8,.5,14.3,MM,MM,MM,MM
2025,11,12,23,40,150,8.0,0.0,MM,MM,MM,MM,1012.8,.4,14.3,MM,MM,MM,MM
2025,11,12,23,30,150,6.0,8.0,MM,MM,MM,MM,1013.1,.2,14.3,MM,MM,MM,MM
2025,11,12,23,20,150,6.0,7.0,1.4,14,5.3,209,1013.0,.1,14.3,MM,MM,MM,MM
2025,11,12,23,10,150,7.0,8.0,1.4,MM,5.3,209,1012.9,.1,14.3,MM,MM,MM,MM
2025,11,12,23,0,150,7.0,8.0,MM,MM,MM,MM,1012.7,.0,14.3,MM,MM,-2.1,MM
2025,11,12,22,50,150,6.0,8.0,1.3,9,5.2,311,1012.8,.9,14.3,MM,MM,MM,MM
2025,11,12,22,40,150,6.0,7.0,MM,MM,MM,MM,1012.9,.8,14.3,MM,MM,MM,MM
2025,11,12,22,30,160,6.0,7.0,MM,MM,MM,MM,1012.9,.8,14.3,MM,MM,MM,MM
2025,11,12,22,20,150,6.0,7.0,1.4,9,5.1,306,1013.0,.8,14.3,MM,MM,MM,MM
2025,11,12,22,10,160,6.0,8.0,1.4,MM,5.1,306,1013.0,.7,14.3,MM,MM,MM,MM
2025,11,12,22,0,150,7.0,8.0,MM,MM,MM,MM,1013.2,.7,14.3,MM,MM,-2.2,MM
2025,11,12,21,50,150,7.0,9.0,1.4,10,5.1,310,1013.2,.8,14.3,MM,MM,MM,MM
2025,11,12,21,40,140,7.0,9.0,1.4,MM,5.1,310,1013.1,.9,14.3,MM,MM,MM,MM
2025,11,12,21,30,150,8.0,9.0,MM,MM,MM,MM,1013.4,.0,14.3,MM,MM,MM,MM
2025,11,12,21,20,160,7.0,9.0,1.4,16,5.1,220,1013.7,.1,14.3,MM,MM,MM,MM
2025,11,12,21,10,160,8.0,0.0,1.4,MM,5.1,220,1013.9,.1,14.3,MM,MM,MM,MM
2025,11,12,21,0,160,8.0,9.0,MM,MM,MM,MM,1014.0,.2,14.3,MM,MM,-1.9,MM
2025,11,12,20,50,160,8.0,9.0,1.4,16,5.4,215,1014.1,.1,14.3,MM,MM,MM,MM
2025,11,12,20,40,160,8.0,9.0,1.4,MM,5.4,215,1014.2,.1,14.3,MM,MM,MM,MM
2025,11,12,20,30,160,7.0,9.0,MM,MM,MM,MM,1014.5,.1,14.3,MM,MM,MM,MM
2025,11,12,20,20,160,7.0,9.0,1.3,16,5.0,197,1014.6,.1,14.3,MM,MM,MM,MM
2025,11,12,20,10,160,7.0,9.0,1.3,MM,5.0,197,1014.7,.0,14.3,MM,MM,MM,MM
2025,11,12,20,0,160,8.0,9.0,MM,MM,MM,MM,1014.8,.0,14.3,MM,MM,-1.0,MM
2025,11,12,19,50,160,8.0,9.0,1.3,16,5.0,191,1015.0,.9,14.3,MM,MM,MM,MM
2025,11,12,19,40,160,8.0,0.0,MM,MM,MM,MM,1015.1,.9,14.3,MM,MM,MM,MM
2025,11,12,19,30,160,8.0,9.0,MM,MM,MM,MM,1015.2,.9,14.3,MM,MM,MM,MM
2025,11,12,19,20,150,8.0,0.0,1.3,16,5.2,214,1015.1,.7,14.3,MM,MM,MM,MM
2025,11,12,19,10,150,7.0,9.0,MM,MM,MM,MM,1015.3,.6,14.3,MM,MM,MM,MM
2025,11,12,19,0,150,8.0,9.0,MM,MM,MM,MM,1015.5,.4,14.3,MM,MM,-0.4,MM
2025,11,12,18,50,140,7.0,8.0,1.3,16,5.2,198,1015.5,.1,14.3,MM,MM,MM,MM
2025,11,12,18,40,140,8.0,9.0,1.3,MM,5.2,198,1015.4,.0,14.3,MM,MM,MM,MM
2025,11,12,18,30,140,8.0,0.0,MM,MM,MM,MM,1015.4,.9,14.3,MM,MM,MM,MM
2025,11,12,18,20,140,9.0,0.0,1.3,10,4.9,311,1015.6,.9,14.3,MM,MM,MM,MM
2025,11,12,18,10,150,9.0,1.0,1.3,MM,4.9,311,1015.5,.2,14.3,MM,MM,MM,MM
2025,11,12,18,0,160,9.0,0.0,MM,MM,MM,MM,1015.8,.3,14.3,MM,MM,+0.5,MM
2025,11,12,17,50,160,8.0,0.0,1.4,10,5.3,291,1016.0,.3,14.3,MM,MM,MM,MM
2025,11,12,17,40,160,9.0,1.0,1.4,MM,5.3,291,1016.1,.4,14.3,MM,MM,MM,MM
2025,11,12,17,30,160,8.0,0.0,MM,MM,MM,MM,1016.0,.4,14.3,MM,MM,MM,MM
2025,11,12,17,20,160,8.0,9.0,1.4,16,5.2,197,1015.9,.4,14.3,MM,MM,MM,MM
2025,11,12,17,10,150,8.0,9.0,1.4,MM,5.2,197,1015.9,.3,14.3,MM,MM,MM,MM
2025,11,12,17,0,160,8.0,0.0,MM,MM,MM,MM,1015.8,.3,14.3,MM,MM,+0.4,MM
2025,11,12,16,50,160,8.0,9.0,1.3,10,5.3,307,1015.9,.3,14.3,MM,MM,MM,MM
2025,11,12,16,40,160,8.0,0.0,MM,MM,MM,MM,1015.8,.3,14.3,MM,MM,MM,MM
2025,11,12,16,30,160,9.0,0.0,MM,MM,MM,MM,1015.9,.2,14.3,MM,MM,MM,MM
2025,11,12,16,20,160,8.0,9.0,MM,MM,MM,MM,1015.8,.1,14.3,MM,MM,MM,MM
2025,11,12,16,10,160,7.0,8.0,MM,MM,MM,MM,1015.9,.1,14.3,MM,MM,MM,MM
2025,11,12,16,0,160,7.0,9.0,MM,MM,MM,MM,1015.7,.1,14.3,MM,MM,+0.3,MM
2025,11,12,15,50,160,7.0,9.0,1.3,16,5.4,198,1015.6,.0,14.3,MM,MM,MM,MM
2025,11,12,15,40,150,8.0,9.0,MM,MM,MM,MM,1015.5,.0,14.3,MM,MM,MM,MM
2025,11,12,15,30,150,8.0,0.0,MM,MM,MM,MM,1015.3,.9,14.3,MM,MM,MM,MM
2025,11,12,15,20,150,8.0,9.0,1.2,16,5.3,202,1015.3,.8,14.3,MM,MM,MM,MM
2025,11,12,15,10,150,7.0,9.0,1.2,MM,5.3,202,1015.2,.8,14.3,MM,MM,MM,MM
2025,11,12,15,0,150,7.0,8.0,MM,MM,MM,MM,1015.3,.7,14.3,MM,MM,+0.0,MM
2025,11,12,14,50,150,7.0,8.0,1.3,16,5.5,214,1015.3,.7,14.3,MM,MM,MM,MM
2025,11,12,14,40,150,7.0,8.0,1.3,MM,5.5,214,1015.3,.6,14.3,MM,MM,MM,MM
2025,11,12,14,30,150,6.0,8.0,MM,MM,MM,MM,1015.4,.6,14.3,MM,MM,MM,MM
2025,11,12,14,20,150,6.0,8.0,1.3,9,5.5,294,1015.5,.5,14.3,MM,MM,MM,MM
2025,11,12,14,10,150,6.0,7.0,1.3,MM,5.5,294,1015.5,.5,14.3,MM,MM,MM,MM
2025,11,12,14,0,150,6.0,7.0,MM,MM,MM,MM,1015.4,.5,14.3,MM,MM,-0.4,MM
2025,11,12,13,50,150,6.0,7.0,1.2,15,5.4,201,1015.3,.5,14.4,MM,MM,MM,MM
2025,11,12,13,40,150,7.0,8.0,MM,MM,MM,MM,1015.3,.6,14.4,MM,MM,MM,MM
2025,11,12,13,30,160,6.0,8.0,MM,MM,MM,MM,1015.4,.6,14.4,MM,MM,MM,MM
2025,11,12,13,20,160,6.0,7.0,1.2,14,5.6,202,1015.7,.6,14.4,MM,MM,MM,MM
2025,11,12,13,10,160,7.0,8.0,1.2,MM,5.6,202,1015.6,.6,14.4,MM,MM,MM,MM
2025,11,12,13,0,160,7.0,9.0,MM,MM,MM,MM,1015.6,.6,14.4,MM,MM,-0.6,MM
2025,11,12,12,50,160,7.0,8.0,1.2,16,5.6,196,1015.5,.6,14.4,MM,MM,MM,MM
2025,11,12,12,40,150,7.0,8.0,1.2,MM,5.6,196,1015.3,.6,14.4,MM,MM,MM,MM
2025,11,12,12,30,150,7.0,8.0,MM,MM,MM,MM,1015.3,.6,14.4,MM,MM,MM,MM
2025,11,12,12,20,150,6.0,8.0,1.2,14,5.7,199,1015.3,.6,14.4,MM,MM,MM,MM
2025,11,12,12,10,150,6.0,7.0,1.2,MM,5.7,199,1015.3,.5,14.4,MM,MM,MM,MM
2025,11,12,12,0,150,6.0,7.0,MM,MM,MM,MM,1015.4,.5,14.4,MM,MM,-0.8,MM
2025,11,12,11,50,160,6.0,7.0,1.2,14,6.2,206,1015.5,.6,14.4,MM,MM,MM,MM
2025,11,12,11,40,160,5.0,7.0,1.2,MM,6.2,206,1015.6,.6,14.4,MM,MM,MM,MM
2025,11,12,11,30,160,5.0,7.0,MM,MM,MM,MM,1015.6,.6,14.4,MM,MM,MM,MM
2025,11,12,11,20,160,5.0,6.0,1.2,8,5.8,288,1015.7,.6,14.4,MM,MM,MM,MM
2025,11,12,11,10,160,5.0,6.0,1.2,MM,5.8,288,1015.8,.6,14.4,MM,MM,MM,MM
2025,11,12,11,0,160,5.0,6.0,MM,MM,MM,MM,1015.9,.5,14.4,MM,MM,-0.3,MM
2025,11,12,10,50,150,5.0,6.0,1.4,9,6.2,291,1015.8,.5,14.5,MM,MM,MM,MM
2025,11,12,10,40,150,6.0,7.0,MM,MM,MM,MM,1015.9,.5,14.5,MM,MM,MM,MM
2025,11,12,10,30,160,6.0,7.0,MM,MM,MM,MM,1016.1,.5,14.5,MM,MM,MM,MM
2025,11,12,10,20,150,6.0,8.0,1.3,10,6.1,300,1016.0,.5,14.5,MM,MM,MM,MM
2025,11,12,10,10,150,6.0,8.0,1.3,MM,6.1,300,1016.1,.5,14.4,MM,MM,MM,MM
2025,11,12,10,0,150,6.0,7.0,MM,MM,MM,MM,1016.2,.5,14.4,MM,MM,+0.0,MM
2025,11,12,9,50,150,6.0,7.0,1.2,9,5.8,300,1016.1,.6,14.4,MM,MM,MM,MM
2025,11,12,9,40,160,6.0,7.0,1.2,MM,5.8,300,1016.0,.7,14.4,MM,MM,MM,MM
2025,11,12,9,30,160,6.0,8.0,MM,MM,MM,MM,1016.1,.8,14.4,MM,MM,MM,MM
2025,11,12,9,20,160,6.0,7.0,1.5,9,6.8,306,1016.2,.8,14.4,MM,MM,MM,MM
2025,11,12,9,10,160,6.0,6.0,1.5,MM,6.8,306,1016.2,.8,14.4,MM,MM,MM,MM
2025,11,12,9,0,160,5.0,7.0,MM,MM,MM,MM,1016.2,.8,14.4,MM,MM,-0.6,MM
2025,11,12,8,50,160,5.0,7.0,1.4,9,6.9,303,1016.0,.8,14.4,MM,MM,MM,MM
2025,11,12,8,40,160,5.0,7.0,MM,MM,MM,MM,1016.1,.0,14.4,MM,MM,MM,MM
2025,11,12,8,30,150,5.0,6.0,MM,MM,MM,MM,1016.1,.1,14.4,MM,MM,MM,MM
2025,11,12,8,20,150,5.0,6.0,1.4,9,6.8,305,1016.2,.2,MM,MM,MM,MM,MM
2025,11,12,8,10,150,4.0,5.0,1.4,MM,6.8,305,1016.1,.2,14.4,MM,MM,MM,MM
2025,11,12,8,0,150,4.0,5.0,MM,MM,MM,MM,1016.1,.3,14.4,MM,MM,-0.6,MM
2025,11,12,7,50,160,4.0,5.0,1.5,8,7.1,298,1016.3,.2,14.4,MM,MM,MM,MM
2025,11,12,7,40,150,4.0,5.0,MM,MM,MM,MM,1016.3,.2,14.4,MM,MM,MM,MM
2025,11,12,7,30,160,3.0,4.0,MM,MM,MM,MM,1016.4,.3,14.4,MM,MM,MM,MM
2025,11,12,7,20,150,4.0,5.0,1.4,12,6.8,298,1016.4,.3,14.4,MM,MM,MM,MM
2025,11,12,7,10,150,3.0,4.0,MM,MM,MM,MM,1016.4,.4,14.4,MM,MM,MM,MM
2025,11,12,7,0,160,4.0,5.0,MM,MM,MM,MM,1016.4,.5,14.4,MM,MM,+0.0,MM
2025,11,12,6,50,160,4.0,5.0,1.6,10,7.2,301,1016.5,.6,14.4,MM,MM,MM,MM
2025,11,12,6,40,170,4.0,5.0,1.6,MM,7.2,301,1016.6,.5,14.4,MM,MM,MM,MM
2025,11,12,6,30,180,4.0,5.0,MM,MM,MM,MM,1016.6,.4,14.4,MM,MM,MM,MM
2025,11,12,6,20,180,4.0,6.0,1.5,10,6.7,304,1016.6,.5,14.3,MM,MM,MM,MM
2025,11,12,6,10,180,5.0,7.0,1.5,MM,6.7,304,1016.9,.4,14.3,MM,MM,MM,MM
2025,11,12,6,0,190,4.0,6.0,MM,MM,MM,MM,1016.8,.4,14.3,MM,MM,+0.4,MM
2025,11,12,5,50,190,4.0,6.0,1.6,11,6.8,298,1016.8,.4,14.3,MM,MM,MM,MM
2025,11,12,5,40,200,5.0,7.0,MM,MM,MM,MM,1016.7,.4,14.3,MM,MM,MM,MM
2025,11,12,5,30,200,6.0,7.0,MM,MM,MM,MM,1016.7,.3,14.3,MM,MM,MM,MM
2025,11,12,5,20,190,5.0,6.0,1.5,9,6.8,296,1016.8,.1,14.3,MM,MM,MM,MM
2025,11,12,5,10,180,5.0,6.0,MM,MM,MM,MM,1016.8,.0,14.3,MM,MM,MM,MM
2025,11,12,5,0,180,5.0,6.0,MM,MM,MM,MM,1016.7,.9,14.4,MM,MM,-0.0,MM
2025,11,12,4,50,180,5.0,6.0,1.5,10,7.0,303,1016.7,.8,14.4,MM,MM,MM,MM
2025,11,12,4,40,180,6.0,7.0,MM,MM,MM,MM,1016.7,.8,14.4,MM,MM,MM,MM
2025,11,12,4,30,180,6.0,7.0,MM,MM,MM,MM,1016.7,.7,14.4,MM,MM,MM,MM
2025,11,12,4,20,180,6.0,8.0,1.6,11,7.4,303,1016.5,.6,14.4,MM,MM,MM,MM
2025,11,12,4,10,190,6.0,8.0,1.6,MM,7.4,303,1016.5,.5,14.3,MM,MM,MM,MM
2025,11,12,4,0,180,6.0,8.0,MM,MM,MM,MM,1016.5,.5,14.3,MM,MM,+0.0,MM
2025,11,12,3,50,190,6.0,8.0,1.5,10,7.1,305,1016.6,.3,14.4,MM,MM,MM,MM
2025,11,12,3,40,180,6.0,8.0,1.5,MM,7.1,305,1016.5,.1,14.3,MM,MM,MM,MM
2025,11,12,3,30,180,6.0,8.0,MM,MM,MM,MM,1016.6,.9,14.3,MM,MM,MM,MM
2025,11,12,3,20,190,5.0,7.0,1.6,10,7.3,298,1016.6,.9,14.3,MM,MM,MM,MM
2025,11,12,3,10,180,5.0,6.0,MM,MM,MM,MM,1016.5,.9,14.3,MM,MM,MM,MM
2025,11,12,3,0,180,5.0,6.0,MM,MM,MM,MM,1016.3,.0,14.3,MM,MM,+0.0,MM
2025,11,12,2,50,180,4.0,5.0,1.6,11,7.2,300,1016.3,.1,14.3,MM,MM,MM,MM
2025,11,12,2,40,180,5.0,7.0,1.6,MM,7.2,300,1016.4,.2,14.3,MM,MM,MM,MM
2025,11,12,2,30,180,5.0,6.0,MM,MM,MM,MM,1016.6,.2,14.3,MM,MM,MM,MM
2025,11,12,2,20,200,3.0,4.0,1.6,11,7.3,301,1016.5,.1,14.3,MM,MM,MM,MM
2025,11,12,2,10,200,5.0,7.0,1.6,MM,7.3,301,1016.7,.2,14.3,MM,MM,MM,MM
2025,11,12,2,0,190,4.0,6.0,MM,MM,MM,MM,1016.7,.3,14.3,MM,MM,-0.0,MM
2025,11,12,1,50,180,3.0,4.0,1.6,11,7.1,299,1016.5,.3,14.3,MM,MM,MM,MM
2025,11,12,1,40,160,5.0,6.0,1.6,MM,7.1,299,1016.2,.2,14.3,MM,MM,MM,MM
2025,11,12,1,30,160,4.0,6.0,MM,MM,MM,MM,1016.1,.2,14.3,MM,MM,MM,MM
2025,11,12,1,20,170,4.0,5.0,1.7,11,7.2,304,1016.1,.2,14.4,MM,MM,MM,MM
2025,11,12,1,10,170,5.0,6.0,1.7,MM,7.2,304,1016.2,.2,14.4,MM,MM,MM,MM
2025,11,12,1,0,170,6.0,7.0,MM,MM,MM,MM,1016.3,.2,14.4,MM,MM,+0.0,MM
2025,11,12,0,50,170,7.0,8.0,1.6,11,7.0,304,1016.4,.2,14.4,MM,MM,MM,MM
2025,11,12,0,40,170,7.0,8.0,MM,MM,MM,MM,1016.6,.2,14.4,MM,MM,MM,MM
2025,11,12,0,30,170,6.0,8.0,MM,MM,MM,MM,1016.6,.2,14.4,MM,MM,MM,MM
2025,11,12,0,20,180,6.0,7.0,1.7,11,7.7,305,1016.5,.1,14.4,MM,MM,MM,MM
2025,11,12,0,10,180,7.0,9.0,MM,MM,MM,MM,1016.4,.0,14.4,MM,MM,MM,MM
2025,11,12,0,0,180,7.0,9.0,1.7,MM,7.7,305,1016.4,.8,14.4,MM,MM,-0.8,MM
2025,11,11,23,50,180,7.0,8.0,1.6,11,7.8,306,1016.7,.6,14.5,MM,MM,MM,MM
2025,11,11,23,40,180,6.0,8.0,1.6,MM,7.8,306,1016.6,.3,14.5,MM,MM,MM,MM
2025,11,11,23,30,180,5.0,6.0,MM,MM,MM,MM,1016.4,.1,14.5,MM,MM,MM,MM
2025,11,11,23,20,180,6.0,7.0,1.7,11,8.4,306,1016.4,.9,14.5,MM,MM,MM,MM
2025,11,11,23,10,170,5.0,6.0,1.7,MM,8.4,306,1016.4,.8,14.4,MM,MM,MM,MM
2025,11,11,23,0,170,5.0,6.0,MM,MM,MM,MM,1016.6,.8,14.4,MM,MM,-1.2,MM
2025,11,11,22,50,150,5.0,7.0,1.6,11,8.6,302,1016.4,.8,14.4,MM,MM,MM,MM
2025,11,11,22,40,130,4.0,6.0,1.6,MM,8.6,302,1016.4,.8,14.4,MM,MM,MM,MM
2025,11,11,22,30,130,3.0,4.0,MM,MM,MM,MM,1016.2,.7,14.4,MM,MM,MM,MM
2025,11,11,22,20,160,4.0,5.0,1.6,12,8.2,301,1016.7,.6,14.4,MM,MM,MM,MM
2025,11,11,22,10,140,4.0,5.0,MM,MM,MM,MM,1016.8,.4,14.4,MM,MM,MM,MM
2025,11,11,22,0,130,3.0,5.0,MM,MM,MM,MM,1016.6,.5,14.4,MM,MM,-2.0,MM
2025,11,11,21,50,140,4.0,5.0,1.6,11,8.4,310,1016.4,.5,14.4,MM,MM,MM,MM
2025,11,11,21,40,140,4.0,5.0,1.6,MM,8.4,310,1016.8,.6,14.3,MM,MM,MM,MM
2025,11,11,21,30,150,4.0,5.0,MM,MM,MM,MM,1017.1,.6,14.3,MM,MM,MM,MM
2025,11,11,21,20,150,4.0,5.0,1.6,11,8.5,312,1017.1,.5,14.3,MM,MM,MM,MM
2025,11,11,21,10,150,4.0,5.0,1.6,MM,8.5,312,1017.0,.6,14.3,MM,MM,MM,MM
2025,11,11,21,0,150,4.0,5.0,MM,MM,MM,MM,1017.1,.6,14.3,MM,MM,-1.6,MM
2025,11,11,20,50,160,5.0,6.0,1.5,11,8.1,307,1017.3,.7,MM,MM,MM,MM,MM
2025,11,11,20,40,160,5.0,6.0,MM,MM,MM,MM,1017.6,.8,14.3,MM,MM,MM,MM
2025,11,11,20,30,160,5.0,6.0,MM,MM,MM,MM,1018.0,.6,14.2,MM,MM,MM,MM
2025,11,11,20,20,160,5.0,6.0,1.6,12,8.6,303,1017.9,.7,14.3,MM,MM,MM,MM
2025,11,11,20,10,160,5.0,6.0,1.6,MM,8.6,303,1018.0,.6,14.3,MM,MM,MM,MM
2025,11,11,20,0,160,6.0,7.0,MM,MM,MM,MM,1017.8,.6,14.3,MM,MM,-1.0,MM
2025,11,11,19,50,150,4.0,6.0,1.7,12,8.5,302,1017.7,.6,14.2,MM,MM,MM,MM
2025,11,11,19,40,160,4.0,5.0,MM,MM,MM,MM,1017.9,.8,14.2,MM,MM,MM,MM
2025,11,11,19,30,180,5.0,7.0,MM,MM,MM,MM,1018.5,.8,14.2,MM,MM,MM,MM
2025,11,11,19,20,180,5.0,7.0,1.5,12,8.3,309,1018.6,.7,14.3,MM,MM,MM,MM
2025,11,11,19,10,170,5.0,7.0,MM,MM,MM,MM,1018.6,.7,14.3,MM,MM,MM,MM
2025,11,11,19,0,170,4.0,5.0,MM,MM,MM,MM,1018.5,.7,14.3,MM,MM,+0.3,MM
2025,11,11,18,50,170,4.0,5.0,1.7,12,8.8,299,1018.5,.7,14.3,MM,MM,MM,MM
2025,11,11,18,40,160,4.0,5.0,1.7,MM,8.8,299,1018.6,.8,14.3,MM,MM,MM,MM
2025,11,11,18,30,170,4.0,5.0,MM,MM,MM,MM,1018.6,.8,14.3,MM,MM,MM,MM
2025,11,11,18,20,160,3.0,5.0,1.6,12,8.7,296,1018.6,.8,14.3,MM,MM,MM,MM
2025,11,11,18,10,160,2.0,3.0,1.6,MM,8.7,296,1018.6,.9,14.3,MM,MM,MM,MM
2025,11,11,18,0,180,3.0,4.0,MM,MM,MM,MM,1018.7,.9,14.3,MM,MM,+0.6,MM
2025,11,11,17,50,180,3.0,5.0,1.6,13,8.5,299,1018.8,.9,14.3,MM,MM,MM,MM
2025,11,11,17,40,180,3.0,4.0,MM,MM,MM,MM,1018.7,.1,14.2,MM,MM,MM,MM
2025,11,11,17,30,190,3.0,5.0,MM,MM,MM,MM,1018.6,.2,14.2,MM,MM,MM,MM
2025,11,11,17,20,200,3.0,5.0,1.7,12,8.8,304,1018.9,.3,14.2,MM,MM,MM,MM
2025,11,11,17,10,210,6.0,7.0,1.7,MM,8.8,304,1018.9,.3,14.2,MM,MM,MM,MM
2025,11,11,17,0,180,4.0,6.0,MM,MM,MM,MM,1018.8,.3,14.3,MM,MM,+0.5,MM
2025,11,11,16,50,160,3.0,5.0,1.7,13,8.4,304,1018.5,.2,14.2,MM,MM,MM,MM
2025,11,11,16,40,160,4.0,5.0,MM,MM,MM,MM,1018.2,.2,14.3,MM,MM,MM,MM
2025,11,11,16,30,160,5.0,6.0,MM,MM,MM,MM,1018.2,.2,14.3,MM,MM,MM,MM
2025,11,11,16,20,160,5.0,6.0,1.6,13,8.2,295,1018.2,.2,14.2,MM,MM,MM,MM
2025,11,11,16,10,160,4.0,5.0,MM,MM,MM,MM,1018.1,.2,14.3,MM,MM,MM,MM
2025,11,11,16,0,160,4.0,5.0,MM,MM,MM,MM,1018.1,.1,14.3,MM,MM,-0.3,MM
2025,11,11,15,50,170,5.0,6.0,1.6,13,8.5,299,1018.1,.2,14.2,MM,MM,MM,MM
2025,11,11,15,40,170,4.0,5.0,MM,MM,MM,MM,1018.2,.3,14.2,MM,MM,MM,MM
2025,11,11,15,30,160,4.0,5.0,MM,MM,MM,MM,1018.0,.2,14.2,MM,MM,MM,MM
2025,11,11,15,20,160,4.0,4.0,1.7,13,8.8,293,1017.9,.2,14.2,MM,MM,MM,MM
2025,11,11,15,10,160,4.0,4.0,1.7,MM,8.8,293,1018.1,.2,14.2,MM,MM,MM,MM
2025,11,11,15,0,150,4.0,5.0,MM,MM,MM,MM,1018.0,.2,14.2,MM,MM,-0.5,MM
2025,11,11,14,50,140,4.0,5.0,1.7,13,8.5,296,1018.0,.2,14.2,MM,MM,MM,MM
2025,11,11,14,40,150,4.0,5.0,MM,MM,MM,MM,1018.0,.2,14.2,MM,MM,MM,MM
2025,11,11,14,30,160,4.0,5.0,MM,MM,MM,MM,1018.0,.1,14.1,MM,MM,MM,MM
2025,11,11,14,20,160,4.0,5.0,1.8,14,8.6,289,1018.1,.1,14.1,MM,MM,MM,MM
2025,11,11,14,10,150,4.0,5.0,1.8,MM,8.6,289,1018.1,.0,14.2,MM,MM,MM,MM
2025,11,11,14,0,150,4.0,5.0,MM,MM,MM,MM,1018.2,.1,14.3,MM,MM,-1.0,MM
2025,11,11,13,50,150,4.0,5.0,1.6,13,8.3,306,1018.2,.0,14.4,MM,MM,MM,MM
2025,11,11,13,40,150,4.0,5.0,1.6,MM,8.3,306,1018.2,.0,14.4,MM,MM,MM,MM
2025,11,11,13,30,150,4.0,5.0,MM,MM,MM,MM,1018.2,.0,14.5,MM,MM,MM,MM
2025,11,11,13,20,150,5.0,6.0,2.0,13,9.1,295,1018.3,.1,14.4,MM,MM,MM,MM
2025,11,11,13,10,150,4.0,6.0,MM,MM,MM,MM,1018.3,.3,14.4,MM,MM,MM,MM
2025,11,11,13,0,150,5.0,6.0,MM,MM,MM,MM,1018.4,.4,14.5,MM,MM,-1.2,MM
2025,11,11,12,50,150,5.0,7.0,1.7,14,8.3,292,1018.4,.5,14.4,MM,MM,MM,MM
2025,11,11,12,40,150,6.0,7.0,MM,MM,MM,MM,1018.5,.6,14.4,MM,MM,MM,MM
2025,11,11,12,30,150,6.0,7.0,MM,MM,MM,MM,1018.4,.7,14.4,MM,MM,MM,MM
2025,11,11,12,20,150,6.0,8.0,1.8,11,9.3,290,1018.3,.7,14.4,MM,MM,MM,MM
2025,11,11,12,10,150,6.0,7.0,MM,MM,MM,MM,1018.4,.8,14.5,MM,MM,MM,MM
2025,11,11,12,0,150,5.0,7.0,MM,MM,MM,MM,1018.6,.9,14.5,MM,MM,-0.6,MM
2025,11,11,11,50,150,5.0,7.0,1.7,12,9.4,294,1018.7,.4,14.6,MM,MM,MM,MM
2025,11,11,11,40,150,4.0,5.0,MM,MM,MM,MM,1018.7,.7,MM,MM,MM,MM,MM
2025,11,11,11,30,150,4.0,5.0,MM,MM,MM,MM,1019.0,.7,14.8,MM,MM,MM,MM
2025,11,11,11,20,150,3.0,5.0,1.9,14,9.8,295,1019.1,.7,14.7,MM,MM,MM,MM
2025,11,11,11,10,140,3.0,4.0,1.9,MM,9.8,295,1019.1,.7,14.7,MM,MM,MM,MM
2025,11,11,11,0,140,3.0,4.0,MM,MM,MM,MM,1019.2,.8,14.7,MM,MM,-0.4,MM
2025,11,11,10,50,120,2.0,3.0,1.9,10,9.4,284,1019.2,.9,14.7,MM,MM,MM,MM
2025,11,11,10,40,160,1.0,2.0,MM,MM,MM,MM,1019.3,.9,14.7,MM,MM,MM,MM
2025,11,11,10,30,160,2.0,3.0,MM,MM,MM,MM,1019.4,.0,14.7,MM,MM,MM,MM
2025,11,11,10,20,150,2.0,3.0,1.8,14,9.4,296,1019.4,.0,14.7,MM,MM,MM,MM
2025,11,11,10,10,150,2.0,3.0,MM,MM,MM,MM,1019.5,.0,14.7,MM,MM,MM,MM
2025,11,11,10,0,140,2.0,3.0,MM,MM,MM,MM,1019.6,.1,14.7,MM,MM,-0.3,MM
2025,11,11,9,50,110,1.0,3.0,1.9,12,9.7,296,1019.5,.1,14.7,MM,MM,MM,MM
2025,11,11,9,40,MM,0.0,1.0,1.9,MM,9.7,296,1019.4,.2,14.6,MM,MM,MM,MM
2025,11,11,9,30,340,1.0,2.0,MM,MM,MM,MM,1019.3,.2,14.6,MM,MM,MM,MM
2025,11,11,9,20,350,1.0,2.0,2.1,11,9.7,297,1019.2,.3,14.6,MM,MM,MM,MM
2025,11,11,9,10,360,1.0,2.0,2.1,MM,9.7,297,1019.1,.3,14.6,MM,MM,MM,MM
2025,11,11,9,0,340,1.0,2.0,MM,MM,MM,MM,1019.1,.3,14.6,MM,MM,-1.0,MM
2025,11,11,8,50,330,1.0,2.0,2.0,11,9.9,289,1019.2,.4,14.6,MM,MM,MM,MM
2025,11,11,8,40,320,2.0,3.0,2.0,MM,9.9,289,1019.3,.4,14.6,MM,MM,MM,MM
2025,11,11,8,30,310,2.0,4.0,MM,MM,MM,MM,1019.3,.4,14.6,MM,MM,MM,MM
2025,11,11,8,20,300,3.0,4.0,1.8,11,9.5,294,1019.4,.5,14.7,MM,MM,MM,MM
2025,11,11,8,10,290,3.0,4.0,MM,MM,MM,MM,1019.4,.5,14.7,MM,MM,MM,MM
2025,11,11,8,0,290,3.0,3.0,MM,MM,MM,MM,1019.6,.5,14.7,MM,MM,-0.4,MM
2025,11,11,7,50,290,2.0,3.0,1.9,11,9.7,283,1019.6,.4,14.7,MM,MM,MM,MM
2025,11,11,7,40,310,2.0,3.0,1.9,MM,9.7,283,1019.6,.5,14.7,MM,MM,MM,MM
2025,11,11,7,30,310,2.0,3.0,MM,MM,MM,MM,1019.6,.5,14.7,MM,MM,MM,MM
2025,11,11,7,20,310,2.0,4.0,1.9,MM,9.7,291,1020.1,.5,14.7,MM,MM,MM,MM
2025,11,11,7,10,300,3.0,3.0,1.9,MM,9.7,291,1019.7,.5,14.6,MM,MM,MM,MM
2025,11,11,7,0,300,3.0,3.0,MM,MM,MM,MM,1019.8,.5,14.6,MM,MM,+0.0,MM
2025,11,11,6,50,300,2.0,3.0,1.7,11,9.4,285,1019.8,.6,14.6,MM,MM,MM,MM
2025,11,11,6,40,300,2.0,3.0,MM,MM,MM,MM,1019.9,.6,14.6,MM,MM,MM,MM
2025,11,11,6,30,310,2.0,3.0,MM,MM,MM,MM,1020.0,.7,14.6,MM,MM,MM,MM
2025,11,11,6,20,310,2.0,3.0,1.7,12,9.6,292,1020.0,.7,14.6,MM,MM,MM,MM
2025,11,11,6,10,320,2.0,3.0,1.7,MM,9.6,292,1020.1,.7,14.5,MM,MM,MM,MM
2025,11,11,6,0,310,2.0,3.0,MM,MM,MM,MM,1020.0,.8,14.5,MM,MM,+0.3,MM
2025,11,11,5,50,320,3.0,4.0,1.5,11,8.7,287,1020.1,.8,14.5,MM,MM,MM,MM
2025,11,11,5,40,320,3.0,3.0,MM,MM,MM,MM,1020.1,.9,14.5,MM,MM,MM,MM
2025,11,11,5,30,310,3.0,4.0,MM,MM,MM,MM,1020.1,.0,14.5,MM,MM,MM,MM
2025,11,11,5,20,300,3.0,4.0,1.9,11,9.8,276,1020.1,.0,14.5,MM,MM,MM,MM
2025,11,11,5,10,300,4.0,5.0,1.9,MM,9.8,276,1020.1,.1,14.4,MM,MM,MM,MM
2025,11,11,5,0,310,3.0,4.0,MM,MM,MM,MM,1020.0,.2,14.4,MM,MM,+0.7,MM
2025,11,11,4,50,310,3.0,3.0,1.9,12,9.8,283,1020.0,.2,14.4,MM,MM,MM,MM
2025,11,11,4,40,310,3.0,4.0,1.9,MM,9.8,283,1020.0,.2,14.4,MM,MM,MM,MM
2025,11,11,4,30,300,3.0,4.0,MM,MM,MM,MM,1020.0,.3,14.4,MM,MM,MM,MM
2025,11,11,4,20,300,3.0,3.0,1.7,12,9.5,269,1020.0,.4,14.4,MM,MM,MM,MM
2025,11,11,4,10,300,2.0,3.0,MM,MM,MM,MM,1020.0,.4,14.4,MM,MM,MM,MM
2025,11,11,4,0,310,2.0,3.0,MM,MM,MM,MM,1019.9,.4,14.4,MM,MM,+0.6,MM
2025,11,11,3,50,320,1.0,2.0,1.8,11,9.5,260,1019.8,.4,14.5,MM,MM,MM,MM
2025,11,11,3,40,310,2.0,3.0,MM,MM,MM,MM,1019.8,.5,14.5,MM,MM,MM,MM
2025,11,11,3,30,310,2.0,3.0,MM,MM,MM,MM,1019.7,.6,14.4,MM,MM,MM,MM
2025,11,11,3,20,320,3.0,4.0,1.7,11,9.7,262,1019.6,.8,14.5,MM,MM,MM,MM
2025,11,11,3,10,310,3.0,4.0,MM,MM,MM,MM,1019.7,.6,14.4,MM,MM,MM,MM
2025,11,11,3,0,310,3.0,4.0,MM,MM,MM,MM,1019.7,.5,14.4,MM,MM,+0.4,MM
2025,11,11,2,50,310,3.0,4.0,1.7,11,9.5,261,1019.7,.3,14.4,MM,MM,MM,MM
2025,11,11,2,40,300,3.0,4.0,1.7,MM,9.5,261,1019.7,.3,14.4,MM,MM,MM,MM
2025,11,11,2,30,300,3.0,4.0,MM,MM,MM,MM,1019.6,.2,14.4,MM,MM,MM,MM
2025,11,11,2,20,310,3.0,3.0,1.8,11,9.6,257,1019.5,.2,14.4,MM,MM,MM,MM
2025,11,11,2,10,320,2.0,3.0,1.8,MM,9.6,257,1019.3,.2,14.5,MM,MM,MM,MM
2025,11,11,2,0,320,2.0,3.0,MM,MM,MM,MM,1019.3,.3,14.6,MM,MM,-0.5,MM
2025,11,11,1,50,310,2.0,3.0,1.8,11,9.6,268,1019.3,.3,14.5,MM,MM,MM,MM
2025,11,11,1,40,310,3.0,4.0,MM,MM,MM,MM,1019.3,.3,14.6,MM,MM,MM,MM
2025,11,11,1,30,310,3.0,4.0,MM,MM,MM,MM,1019.3,.3,14.5,MM,MM,MM,MM
2025,11,11,1,20,310,3.0,4.0,1.7,11,9.3,256,1019.3,.4,14.6,MM,MM,MM,MM
2025,11,11,1,10,310,3.0,4.0,1.7,MM,9.3,256,1019.4,.5,14.6,MM,MM,MM,MM
2025,11,11,1,0,300,3.0,4.0,MM,MM,MM,MM,1019.3,.6,14.5,MM,MM,-0.8,MM
2025,11,11,0,50,290,3.0,4.0,1.6,12,9.5,273,1019.5,.7,MM,MM,MM,MM,MM
2025,11,11,0,40,290,3.0,4.0,1.6,MM,9.5,273,1019.6,.8,14.7,MM,MM,MM,MM
2025,11,11,0,30,290,3.0,4.0,MM,MM,MM,MM,1019.5,.8,14.8,MM,MM,MM,MM
2025,11,11,0,20,300,3.0,3.0,1.9,12,9.7,264,1019.4,.9,14.7,MM,MM,MM,MM
2025,11,11,0,10,310,3.0,4.0,1.9,MM,9.7,264,1019.3,.0,14.6,MM,MM,MM,MM
2025,11,11,0,0,320,3.0,4.0,MM,MM,MM,MM,1019.4,.1,14.5,MM,MM,-1.1,MM
2025,11,10,23,50,320,2.0,3.0,1.8,11,9.5,256,1019.3,.1,14.7,MM,MM,MM,MM
2025,11,10,23,40,320,2.0,3.0,1.8,MM,9.5,256,1019.2,.2,14.6,MM,MM,MM,MM
2025,11,10,23,30,310,2.0,2.0,MM,MM,MM,MM,1019.4,.1,14.6,MM,MM,MM,MM
2025,11,10,23,20,320,2.0,2.0,1.6,10,9.3,255,1019.6,.1,14.7,MM,MM,MM,MM
2025,11,10,23,10,330,2.0,3.0,1.6,MM,9.3,255,1019.6,.1,14.7,MM,MM,MM,MM
2025,11,10,23,0,330,2.0,3.0,MM,MM,MM,MM,1019.7,.1,MM,MM,MM,-1.6,MM
2025,11,10,22,50,320,3.0,3.0,1.7,11,9.4,266,1019.9,.1,14.7,MM,MM,MM,MM
2025,11,10,22,40,320,2.0,3.0,MM,MM,MM,MM,1019.9,.2,14.7,MM,MM,MM,MM
2025,11,10,22,30,320,3.0,3.0,MM,MM,MM,MM,1020.0,.2,14.6,MM,MM,MM,MM
2025,11,10,22,20,310,3.0,4.0,1.7,13,9.3,268,1020.0,.1,14.6,MM,MM,MM,MM
2025,11,10,22,10,310,3.0,4.0,1.7,MM,9.3,268,1020.1,.2,14.7,MM,MM,MM,MM
2025,11,10,22,0,320,3.0,3.0,MM,MM,MM,MM,1020.2,.2,14.8,MM,MM,-1.8,MM
2025,11,10,21,50,310,3.0,3.0,1.7,11,9.3,261,1020.2,.3,14.7,MM,MM,MM,MM
2025,11,10,21,40,310,3.0,3.0,1.7,MM,9.3,261,1020.3,.3,14.7,MM,MM,MM,MM
2025,11,10,21,30,310,2.0,3.0,MM,MM,MM,MM,1020.3,.3,14.7,MM,MM,MM,MM
2025,11,10,21,20,320,3.0,4.0,1.7,11,9.6,258,1020.3,.2,14.7,MM,MM,MM,MM
2025,11,10,21,10,330,3.0,3.0,1.7,MM,9.6,258,1020.4,.2,14.7,MM,MM,MM,MM
2025,11,10,21,0,330,2.0,3.0,MM,MM,MM,MM,1020.5,.3,14.7,MM,MM,-2.0,MM
2025,11,10,20,50,320,2.0,3.0,1.7,11,9.1,268,1020.6,.2,14.7,MM,MM,MM,MM
2025,11,10,20,40,320,2.0,3.0,1.7,MM,9.1,268,1020.8,.1,14.7,MM,MM,MM,MM
2025,11,10,20,30,320,2.0,3.0,MM,MM,MM,MM,1021.0,.9,14.7,MM,MM,MM,MM
2025,11,10,20,20,310,2.0,3.0,1.7,10,9.1,260,1021.1,.8,14.8,MM,MM,MM,MM
2025,11,10,20,10,300,2.0,3.0,1.7,MM,9.1,260,1021.2,.6,14.7,MM,MM,MM,MM
2025,11,10,20,0,310,2.0,3.0,MM,MM,MM,MM,1021.3,.4,14.7,MM,MM,-1.0,MM
2025,11,10,19,50,310,2.0,3.0,1.5,11,9.0,263,1021.5,.2,14.7,MM,MM,MM,MM
2025,11,10,19,40,320,1.0,2.0,1.5,MM,9.0,263,1021.6,.1,14.7,MM,MM,MM,MM
2025,11,10,19,30,340,2.0,2.0,MM,MM,MM,MM,1021.7,.9,14.7,MM,MM,MM,MM
2025,11,10,19,20,350,1.0,2.0,1.7,11,9.1,273,1021.8,.8,14.7,MM,MM,MM,MM
2025,11,10,19,10,50,1.0,2.0,1.7,MM,9.1,273,1021.9,.9,14.7,MM,MM,MM,MM
2025,11,10,19,0,70,1.0,2.0,MM,MM,MM,MM,1022.0,.0,14.7,MM,MM,+0.0,MM
2025,11,10,18,50,80,1.0,2.0,1.4,11,8.6,263,1022.1,.0,14.7,MM,MM,MM,MM
2025,11,10,18,40,80,2.0,3.0,MM,MM,MM,MM,1022.2,.1,14.7,MM,MM,MM,MM
2025,11,10,18,30,80,1.0,3.0,MM,MM,MM,MM,1022.3,.3,14.7,MM,MM,MM,MM
2025,11,10,18,20,80,1.0,2.0,1.5,11,8.8,267,1022.4,.4,14.6,MM,MM,MM,MM
2025,11,10,18,10,80,2.0,2.0,1.5,MM,8.8,267,1022.5,.3,14.6,MM,MM,MM,MM
2025,11,10,18,0,80,1.0,2.0,MM,MM,MM,MM,1022.6,.5,14.6,MM,MM,+1.4,MM
2025,11,10,17,50,MM,0.0,1.0,1.5,11,8.9,261,1022.6,.6,14.6,MM,MM,MM,MM
2025,11,10,17,40,MM,0.0,1.0,1.5,MM,8.9,261,1022.6,.3,14.6,MM,MM,MM,MM
2025,11,10,17,30,90,1.0,2.0,MM,MM,MM,MM,1022.5,.6,14.6,MM,MM,MM,MM
2025,11,10,17,20,80,1.0,2.0,1.4,11,8.3,276,1022.4,.3,14.6,MM,MM,MM,MM
2025,11,10,17,10,60,1.0,2.0,1.4,MM,8.3,276,1022.3,.2,14.6,MM,MM,MM,MM
2025,11,10,17,0,20,1.0,2.0,MM,MM,MM,MM,1022.5,.1,14.6,MM,MM,+2.2,MM
2025,11,10,16,50,330,2.0,2.0,1.5,11,8.8,280,1022.6,.2,14.5,MM,MM,MM,MM
2025,11,10,16,40,330,2.0,3.0,1.5,MM,8.8,280,1022.4,.3,14.5,MM,MM,MM,MM
2025,11,10,16,30,350,2.0,3.0,MM,MM,MM,MM,1022.3,.6,14.4,MM,MM,MM,MM
2025,11,10,16,20,50,1.0,2.0,1.5,11,8.0,285,1022.2,.8,14.4,MM,MM,MM,MM
2025,11,10,16,10,30,1.0,1.0,1.5,MM,8.0,285,1022.1,.2,14.4,MM,MM,MM,MM
2025,11,10,16,0,100,2.0,3.0,MM,MM,MM,MM,1022.1,.0,14.4,MM,MM,+1.7,MM
2025,11,10,15,50,MM,0.0,1.0,1.5,11,8.4,278,1021.9,.3,14.4,MM,MM,MM,MM
2025,11,10,15,40,MM,0.0,2.0,1.5,MM,8.4,278,1021.9,.9,14.4,MM,MM,MM,MM
2025,11,10,15,30,50,1.0,2.0,MM,MM,MM,MM,1021.7,.7,14.4,MM,MM,MM,MM
2025,11,10,15,20,70,1.0,2.0,1.5,11,8.1,282,1021.5,.6,14.4,MM,MM,MM,MM
2025,11,10,15,10,50,1.0,2.0,1.5,MM,8.1,282,1021.3,.9,14.4,MM,MM,MM,MM
2025,11,10,15,0,30,2.0,4.0,MM,MM,MM,MM,1021.2,.8,14.5,MM,MM,+0.9,MM
2025,11,10,14,50,90,4.0,5.0,1.4,12,8.1,278,1020.9,.0,14.5,MM,MM,MM,MM
2025,11,10,14,40,90,5.0,6.0,1.4,MM,8.1,278,1020.6,.8,14.5,MM,MM,MM,MM
2025,11,10,14,30,90,4.0,5.0,MM,MM,MM,MM,1020.5,.7,14.5,MM,MM,MM,MM
2025,11,10,14,20,80,4.0,5.0,1.5,11,9.2,290,1020.3,.6,14.5,MM,MM,MM,MM
2025,11,10,14,10,90,4.0,6.0,1.5,MM,9.2,290,1020.3,.7,14.5,MM,MM,MM,MM
2025,11,10,14,0,90,4.0,5.0,MM,MM,MM,MM,1020.2,.8,14.5,MM,MM,+0.0,MM
2025,11,10,13,50,100,5.0,6.0,1.3,12,9.0,282,1020.2,.7,14.5,MM,MM,MM,MM
2025,11,10,13,40,110,4.0,6.0,MM,MM,MM,MM,1020.2,.1,14.4,MM,MM,MM,MM
2025,11,10,13,30,120,3.0,5.0,MM,MM,MM,MM,1020.2,.1,14.4,MM,MM,MM,MM
2025,11,10,13,20,160,2.0,3.0,1.3,11,8.8,288,1020.3,.7,14.4,MM,MM,MM,MM
2025,11,10,13,10,200,2.0,2.0,1.3,MM,8.8,288,1020.4,.4,14.4,MM,MM,MM,MM
2025,11,10,13,0,160,2.0,3.0,MM,MM,MM,MM,1020.3,.2,14.4,MM,MM,-0.3,MM
2025,11,10,12,50,180,2.0,2.0,1.3,12,8.6,290,1020.3,.0,14.4,MM,MM,MM,MM
2025,11,10,12,40,220,1.0,2.0,1.3,MM,8.6,290,1020.4,.8,14.4,MM,MM,MM,MM
2025,11,10,12,30,240,1.0,2.0,MM,MM,MM,MM,1020.3,.6,14.4,MM,MM,MM,MM
2025,11,10,12,20,180,1.0,2.0,1.2,11,8.4,281,1020.2,.6,14.4,MM,MM,MM,MM
2025,11,10,12,10,140,1.0,2.0,1.2,MM,8.4,281,1020.1,.5,14.4,MM,MM,MM,MM
2025,11,10,12,0,MM,0.0,1.0,MM,MM,MM,MM,1020.2,.4,14.4,MM,MM,-0.5,MM
2025,11,10,11,50,280,1.0,2.0,1.1,13,8.2,271,1020.2,.5,14.4,MM,MM,MM,MM
2025,11,10,11,40,270,1.0,2.0,1.1,MM,8.2,271,1020.4,.6,14.4,MM,MM,MM,MM
2025,11,10,11,30,270,2.0,3.0,MM,MM,MM,MM,1020.5,.7,14.4,MM,MM,MM,MM
2025,11,10,11,20,MM,0.0,1.0,1.1,13,8.3,278,1020.3,.7,14.4,MM,MM,MM,MM
2025,11,10,11,10,100,1.0,2.0,1.1,MM,8.3,278,1020.3,.8,14.4,MM,MM,MM,MM
2025,11,10,11,0,80,1.0,2.0,MM,MM,MM,MM,1020.3,.8,14.4,MM,MM,-0.5,MM
2025,11,10,10,50,90,2.0,3.0,1.1,12,8.5,279,1020.3,.8,14.4,MM,MM,MM,MM
2025,11,10,10,40,90,2.0,2.0,1.1,MM,8.5,279,1020.3,.8,14.4,MM,MM,MM,MM
2025,11,10,10,30,100,2.0,3.0,MM,MM,MM,MM,1020.4,.9,14.4,MM,MM,MM,MM
2025,11,10,10,20,70,1.0,2.0,1.1,12,8.6,290,1020.6,.9,14.4,MM,MM,MM,MM
2025,11,10,10,10,70,1.0,2.0,1.1,MM,8.6,290,1020.7,.9,14.4,MM,MM,MM,MM
2025,11,10,10,0,80,2.0,2.0,MM,MM,MM,MM,1020.6,.0,14.4,MM,MM,-0.3,MM
2025,11,10,9,50,100,2.0,3.0,1.1,12,8.4,283,1020.6,.0,14.3,MM,MM,MM,MM
2025,11,10,9,40,80,2.0,3.0,1.1,MM,8.4,283,1020.5,.0,14.4,MM,MM,MM,MM
2025,11,10,9,30,90,2.0,3.0,MM,MM,MM,MM,1020.6,.0,14.3,MM,MM,MM,MM
2025,11,10,9,20,140,3.0,4.0,1.0,12,8.4,292,1020.6,.0,14.3,MM,MM,MM,MM
2025,11,10,9,10,150,3.0,3.0,1.0,MM,8.4,292,1020.7,.0,14.4,MM,MM,MM,MM
2025,11,10,9,0,140,3.0,4.0,MM,MM,MM,MM,1020.7,.1,14.4,MM,MM,+0.4,MM
2025,11,10,8,50,140,4.0,4.0,1.0,8,8.0,270,1020.7,.1,14.3,MM,MM,MM,MM
2025,11,10,8,40,140,4.0,4.0,MM,MM,MM,MM,1020.8,.1,14.3,MM,MM,MM,MM
2025,11,10,8,30,150,3.0,4.0,MM,MM,MM,MM,1020.9,.1,14.3,MM,MM,MM,MM
2025,11,10,8,20,140,4.0,4.0,0.9,11,8.1,288,1020.9,.1,14.2,MM,MM,MM,MM
2025,11,10,8,10,150,4.0,5.0,0.9,MM,8.1,288,1020.8,.2,14.2,MM,MM,MM,MM
2025,11,10,8,0,150,4.0,5.0,MM,MM,MM,MM,1020.9,.2,14.2,MM,MM,+1.1,MM
2025,11,10,7,50,150,4.0,5.0,0.8,12,7.9,290,1020.9,.3,14.1,MM,MM,MM,MM
2025,11,10,7,40,160,4.0,5.0,0.8,MM,7.9,290,1020.8,.4,14.1,MM,MM,MM,MM
2025,11,10,7,30,160,3.0,4.0,MM,MM,MM,MM,1020.8,.4,14.1,MM,MM,MM,MM
2025,11,10,7,20,200,3.0,3.0,0.9,12,8.1,277,1021.0,.4,13.8,MM,MM,MM,MM
2025,11,10,7,10,200,2.0,3.0,0.9,MM,8.1,277,1021.0,.7,13.8,MM,MM,MM,MM
2025,11,10,7,0,150,3.0,3.0,MM,MM,MM,MM,1020.9,.9,13.8,MM,MM,+1.9,MM
2025,11,10,6,50,160,3.0,3.0,0.8,12,7.4,291,1020.8,.0,13.8,MM,MM,MM,MM
2025,11,10,6,40,150,3.0,4.0,0.8,MM,7.4,291,1020.7,.1,13.8,MM,MM,MM,MM
2025,11,10,6,30,150,3.0,4.0,MM,MM,MM,MM,1020.6,.3,13.8,MM,MM,MM,MM
2025,11,10,6,20,150,3.0,4.0,0.8,13,7.3,276,1020.4,.6,13.9,MM,MM,MM,MM
2025,11,10,6,10,140,3.0,4.0,MM,MM,MM,MM,1020.4,.7,14.0,MM,MM,MM,MM
2025,11,10,6,0,130,4.0,5.0,MM,MM,MM,MM,1020.3,.0,14.1,MM,MM,+1.3,MM
2025,11,10,5,50,130,4.0,5.0,0.9,13,7.5,276,1020.2,.7,14.1,MM,MM,MM,MM
2025,11,10,5,40,120,5.0,6.0,0.9,MM,7.5,276,1020.2,.5,14.1,MM,MM,MM,MM
2025,11,10,5,30,100,6.0,6.0,MM,MM,MM,MM,1020.1,.5,14.2,MM,MM,MM,MM
2025,11,10,5,20,100,6.0,7.0,0.8,14,7.3,282,1020.0,.7,14.2,MM,MM,MM,MM
2025,11,10,5,10,100,5.0,7.0,0.8,MM,7.3,282,1019.9,.2,14.2,MM,MM,MM,MM
2025,11,10,5,0,100,5.0,6.0,MM,MM,MM,MM,1019.8,.4,14.2,MM,MM,+1.1,MM
2025,11,10,4,50,90,4.0,4.0,0.8,13,7.7,283,1019.7,.2,14.2,MM,MM,MM,MM
2025,11,10,4,40,90,4.0,5.0,MM,MM,MM,MM,1019.7,.7,14.3,MM,MM,MM,MM
2025,11,10,4,30,90,4.0,5.0,MM,MM,MM,MM,1019.4,.9,14.2,MM,MM,MM,MM
2025,11,10,4,20,80,4.0,5.0,0.9,13,7.9,281,1019.3,.8,14.2,MM,MM,MM,MM
2025,11,10,4,10,80,3.0,4.0,0.9,MM,7.9,281,1019.2,.8,14.2,MM,MM,MM,MM
2025,11,10,4,0,60,3.0,4.0,MM,MM,MM,MM,1019.1,.8,14.2,MM,MM,+0.7,MM
2025,11,10,3,50,10,2.0,3.0,0.8,14,7.9,290,1019.1,.7,14.2,MM,MM,MM,MM
2025,11,10,3,40,10,2.0,2.0,0.8,MM,7.9,290,1019.1,.1,14.1,MM,MM,MM,MM
2025,11,10,3,30,30,1.0,2.0,MM,MM,MM,MM,1019.1,.8,14.2,MM,MM,MM,MM
2025,11,10,3,20,360,1.0,1.0,0.9,13,8.0,274,1019.0,.6,14.2,MM,MM,MM,MM
2025,11,10,3,10,80,1.0,1.0,0.9,MM,8.0,274,1019.0,.8,14.1,MM,MM,MM,MM
2025,11,10,3,0,100,1.0,1.0,MM,MM,MM,MM,1019.1,.4,14.1,MM,MM,+0.7,MM
2025,11,10,2,50,80,1.0,1.0,0.9,13,8.1,269,1019.0,.5,14.0,MM,MM,MM,MM
2025,11,10,2,40,350,1.0,2.0,MM,MM,MM,MM,1019.0,.8,14.0,MM,MM,MM,MM
2025,11,10,2,30,290,1.0,2.0,MM,MM,MM,MM,1018.8,.1,14.0,MM,MM,MM,MM
2025,11,10,2,20,300,2.0,3.0,0.9,13,8.2,261,1018.8,.2,14.0,MM,MM,MM,MM
2025,11,10,2,10,310,2.0,3.0,MM,MM,MM,MM,1018.8,.3,14.2,MM,MM,MM,MM
2025,11,10,2,0,320,2.0,3.0,MM,MM,MM,MM,1018.7,.5,14.2,MM,MM,+0.3,MM
2025,11,10,1,50,330,2.0,2.0,0.9,12,7.8,271,1018.6,.4,14.1,MM,MM,MM,MM
2025,11,10,1,40,350,2.0,2.0,MM,MM,MM,MM,1018.5,.1,14.1,MM,MM,MM,MM
2025,11,10,1,30,360,1.0,2.0,MM,MM,MM,MM,1018.6,.9,14.1,MM,MM,MM,MM
2025,11,10,1,20,360,1.0,2.0,1.0,13,8.1,265,1018.5,.6,14.2,MM,MM,MM,MM
2025,11,10,1,10,20,2.0,2.0,MM,MM,MM,MM,1018.5,.8,14.3,MM,MM,MM,MM
2025,11,10,1,0,10,2.0,2.0,MM,MM,MM,MM,1018.3,.9,14.3,MM,MM,+0.0,MM
2025,11,10,0,50,10,2.0,2.0,1.0,14,7.7,267,1018.3,.8,14.2,MM,MM,MM,MM
2025,11,10,0,40,10,2.0,2.0,1.0,MM,7.7,267,1018.4,.7,14.2,MM,MM,MM,MM
2025,11,10,0,30,20,1.0,2.0,MM,MM,MM,MM,1018.4,.7,14.2,MM,MM,MM,MM
2025,11,10,0,20,350,1.0,2.0,1.0,13,7.8,273,1018.4,.8,14.2,MM,MM,MM,MM
2025,11,10,0,10,340,2.0,3.0,1.0,MM,7.8,273,1018.5,.8,14.1,MM,MM,MM,MM
2025,11,10,0,0,340,3.0,4.0,MM,MM,MM,MM,1018.4,.0,14.1,MM,MM,+0.0,MM
2025,11,9,23,50,340,3.0,4.0,1.0,11,7.6,284,1018.4,.1,14.1,MM,MM,MM,MM
2025,11,9,23,40,320,4.0,4.0,MM,MM,MM,MM,1018.4,.2,14.1,MM,MM,MM,MM
2025,11,9,23,30,320,4.0,4.0,MM,MM,MM,MM,1018.4,.1,14.1,MM,MM,MM,MM
2025,11,9,23,20,320,3.0,4.0,1.1,11,7.7,281,1018.4,.1,14.1,MM,MM,MM,MM
2025,11,9,23,10,320,3.0,4.0,1.1,MM,7.7,281,1018.4,.4,14.1,MM,MM,MM,MM
2025,11,9,23,0,330,3.0,4.0,MM,MM,MM,MM,1018.3,.2,14.2,MM,MM,-0.6,MM
2025,11,9,22,50,360,3.0,3.0,1.1,13,7.7,282,1018.4,.5,14.2,MM,MM,MM,MM
2025,11,9,22,40,20,3.0,3.0,MM,MM,MM,MM,1018.4,.1,14.2,MM,MM,MM,MM
2025,11,9,22,30,40,2.0,3.0,MM,MM,MM,MM,1018.4,.0,14.2,MM,MM,MM,MM
2025,11,9,22,20,50,3.0,3.0,1.0,11,6.8,289,1018.3,.2,14.3,MM,MM,MM,MM
2025,11,9,22,10,50,3.0,4.0,1.0,MM,6.8,289,1018.4,.1,14.2,MM,MM,MM,MM
2025,11,9,22,0,60,3.0,4.0,MM,MM,MM,MM,1018.4,.7,14.3,MM,MM,-0.5,MM
2025,11,9,21,50,60,4.0,4.0,1.2,13,7.6,283,1018.5,.6,14.2,MM,MM,MM,MM
2025,11,9,21,40,80,4.0,5.0,MM,MM,MM,MM,1018.6,.2,14.3,MM,MM,MM,MM
2025,11,9,21,30,100,4.0,5.0,MM,MM,MM,MM,1018.6,.7,14.2,MM,MM,MM,MM
2025,11,9,21,20,100,4.0,5.0,1.2,11,7.5,294,1018.6,.8,14.2,MM,MM,MM,MM
2025,11,9,21,10,100,5.0,6.0,MM,MM,MM,MM,1018.5,.6,14.2,MM,MM,MM,MM
2025,11,9,21,0,100,5.0,6.0,MM,MM,MM,MM,1018.5,.6,14.2,MM,MM,-0.4,MM
2025,11,9,20,50,100,5.0,6.0,1.2,12,7.0,288,1018.6,.8,14.2,MM,MM,MM,MM
2025,11,9,20,40,100,5.0,6.0,MM,MM,MM,MM,1018.7,.4,14.2,MM,MM,MM,MM
2025,11,9,20,30,90,4.0,5.0,MM,MM,MM,MM,1018.9,.3,14.2,MM,MM,MM,MM
2025,11,9,20,20,90,5.0,6.0,1.2,13,6.8,295,1018.9,.3,14.2,MM,MM,MM,MM
2025,11,9,20,10,90,5.0,6.0,1.2,MM,6.8,295,1019.0,.1,14.2,MM,MM,MM,MM
2025,11,9,20,0,90,5.0,6.0,MM,MM,MM,MM,1019.0,.1,14.2,MM,MM,+0.0,MM
2025,11,9,19,50,90,5.0,6.0,1.3,11,7.4,289,1019.1,.8,14.2,MM,MM,MM,MM
2025,11,9,19,40,100,5.0,6.0,MM,MM,MM,MM,1019.2,.7,14.2,MM,MM,MM,MM
2025,11,9,19,30,100,5.0,6.0,MM,MM,MM,MM,1019.3,.8,14.2,MM,MM,MM,MM
2025,11,9,19,20,90,5.0,7.0,1.2,13,6.3,296,1019.3,.2,14.2,MM,MM,MM,MM
2025,11,9,19,10,90,7.0,8.0,1.2,MM,6.3,296,1019.2,.3,14.2,MM,MM,MM,MM
2025,11,9,19,0,80,7.0,8.0,MM,MM,MM,MM,1019.1,.2,14.2,MM,MM,+0.5,MM
2025,11,9,18,50,80,7.0,8.0,1.3,11,6.4,298,1019.0,.1,14.2,MM,MM,MM,MM
2025,11,9,18,40,80,7.0,9.0,1.3,MM,6.4,298,1019.0,.2,14.2,MM,MM,MM,MM
2025,11,9,18,30,80,7.0,8.0,MM,MM,MM,MM,1019.1,.1,14.2,MM,MM,MM,MM
2025,11,9,18,20,80,7.0,1.0,1.4,11,6.3,297,1019.2,.4,14.2,MM,MM,MM,MM
2025,11,9,18,10,80,7.0,0.0,MM,MM,MM,MM,1019.1,.2,14.0,MM,MM,MM,MM
2025,11,9,18,0,80,7.0,9.0,MM,MM,MM,MM,1018.9,.0,14.0,MM,MM,+0.8,MM
2025,11,9,17,50,80,8.0,0.0,1.3,11,6.0,298,1019.0,.9,13.9,MM,MM,MM,MM
2025,11,9,17,40,80,8.0,0.0,1.3,MM,6.0,298,1018.9,.0,13.8,MM,MM,MM,MM
2025,11,9,17,30,70,9.0,1.0,MM,MM,MM,MM,1018.8,.0,13.8,MM,MM,MM,MM
2025,11,9,17,20,80,9.0,2.0,1.6,11,6.7,287,1018.7,.7,13.8,MM,MM,MM,MM
2025,11,9,17,10,80,9.0,1.0,1.6,MM,6.7,287,1018.8,.5,13.8,MM,MM,MM,MM
2025,11,9,17,0,80,8.0,0.0,MM,MM,MM,MM,1018.9,.4,13.8,MM,MM,+1.3,MM
2025,11,9,16,50,70,8.0,0.0,1.4,12,6.0,284,1018.9,.3,13.8,MM,MM,MM,MM
2025,11,9,16,40,70,8.0,0.0,MM,MM,MM,MM,1018.8,.3,13.8,MM,MM,MM,MM
2025,11,9,16,30,70,8.0,0.0,MM,MM,MM,MM,1018.9,.3,13.8,MM,MM,MM,MM
2025,11,9,16,20,80,8.0,9.0,1.4,11,6.3,289,1018.8,.2,13.8,MM,MM,MM,MM
2025,11,9,16,10,80,8.0,9.0,1.4,MM,6.3,289,1018.7,.2,13.8,MM,MM,MM,MM
2025,11,9,16,0,80,7.0,2.0,MM,MM,MM,MM,1018.6,.4,13.8,MM,MM,+1.1,MM
2025,11,9,15,50,80,8.0,2.0,1.4,12,6.1,288,1018.6,.5,13.8,MM,MM,MM,MM
2025,11,9,15,40,70,8.0,0.0,MM,MM,MM,MM,1018.4,.1,13.8,MM,MM,MM,MM
2025,11,9,15,30,80,7.0,9.0,MM,MM,MM,MM,1018.4,.2,13.8,MM,MM,MM,MM
2025,11,9,15,20,70,7.0,9.0,1.5,12,6.8,284,1018.3,.3,13.8,MM,MM,MM,MM
2025,11,9,15,10,70,7.0,8.0,1.5,MM,6.8,284,1018.2,.2,13.8,MM,MM,MM,MM
2025,11,9,15,0,70,8.0,9.0,MM,MM,MM,MM,1018.1,.3,13.8,MM,MM,+1.2,MM
2025,11,9,14,50,70,8.0,9.0,1.4,11,6.4,286,1018.0,.5,13.8,MM,MM,MM,MM
2025,11,9,14,40,70,7.0,9.0,1.4,MM,6.4,286,1017.9,.4,13.8,MM,MM,MM,MM
2025,11,9,14,30,70,6.0,8.0,MM,MM,MM,MM,1017.9,.1,13.8,MM,MM,MM,MM
2025,11,9,14,20,60,6.0,7.0,1.3,11,6.3,288,1017.8,.1,13.8,MM,MM,MM,MM
2025,11,9,14,10,70,6.0,8.0,1.3,MM,6.3,288,1017.8,.2,13.8,MM,MM,MM,MM
2025,11,9,14,0,70,6.0,7.0,MM,MM,MM,MM,1017.7,.2,13.8,MM,MM,+1.0,MM
2025,11,9,13,50,60,6.0,7.0,1.3,13,6.4,284,1017.6,.2,13.8,MM,MM,MM,MM
2025,11,9,13,40,60,6.0,8.0,1.3,MM,6.4,284,1017.5,.4,13.8,MM,MM,MM,MM
2025,11,9,13,30,70,7.0,8.0,MM,MM,MM,MM,1017.5,.4,13.8,MM,MM,MM,MM
2025,11,9,13,20,70,6.0,7.0,1.4,13,6.5,290,1017.4,.2,13.8,MM,MM,MM,MM
2025,11,9,13,10,70,6.0,7.0,1.4,MM,6.5,290,1017.4,.3,13.8,MM,MM,MM,MM
2025,11,9,13,0,70,6.0,8.0,MM,MM,MM,MM,1017.4,.4,13.8,MM,MM,+0.6,MM
2025,11,9,12,50,70,7.0,8.0,1.4,13,6.8,282,1017.3,.5,13.8,MM,MM,MM,MM
2025,11,9,12,40,70,7.0,8.0,1.4,MM,6.8,282,1017.1,.5,13.8,MM,MM,MM,MM
2025,11,9,12,30,80,7.0,8.0,MM,MM,MM,MM,1017.0,.2,13.8,MM,MM,MM,MM
2025,11,9,12,20,80,6.0,8.0,1.5,14,7.2,285,1016.9,.2,13.8,MM,MM,MM,MM
2025,11,9,12,10,80,7.0,8.0,1.5,MM,7.2,285,1017.0,.4,13.8,MM,MM,MM,MM
2025,11,9,12,0,80,7.0,8.0,MM,MM,MM,MM,1016.9,.3,13.8,MM,MM,+0.5,MM
2025,11,9,11,50,70,6.0,8.0,1.5,13,7.6,282,1016.9,.1,13.8,MM,MM,MM,MM
2025,11,9,11,40,70,5.0,6.0,1.5,MM,7.6,282,1016.9,.9,13.8,MM,MM,MM,MM
2025,11,9,11,30,70,5.0,6.0,MM,MM,MM,MM,1016.9,.0,13.8,MM,MM,MM,MM
2025,11,9,11,20,80,6.0,7.0,1.4,14,7.3,287,1016.7,.2,13.8,MM,MM,MM,MM
2025,11,9,11,10,80,6.0,8.0,1.4,MM,7.3,287,1016.7,.3,13.8,MM,MM,MM,MM
2025,11,9,11,0,80,6.0,7.0,MM,MM,MM,MM,1016.6,.3,13.8,MM,MM,+0.5,MM
2025,11,9,10,50,80,6.0,8.0,1.6,14,7.8,279,1016.6,.4,13.8,MM,MM,MM,MM
2025,11,9,10,40,80,6.0,8.0,1.6,MM,7.8,279,1016.5,.4,13.8,MM,MM,MM,MM
2025,11,9,10,30,70,6.0,8.0,MM,MM,MM,MM,1016.6,.5,13.8,MM,MM,MM,MM
2025,11,9,10,20,70,6.0,7.0,1.5,13,7.7,289,1016.6,.2,13.8,MM,MM,MM,MM
2025,11,9,10,10,70,6.0,7.0,MM,MM,MM,MM,1016.6,.1,13.8,MM,MM,MM,MM
2025,11,9,10,0,70,5.0,6.0,MM,MM,MM,MM,1016.8,.1,13.9,MM,MM,+0.4,MM
2025,11,9,9,50,70,5.0,6.0,1.6,14,8.0,288,1016.9,.2,13.9,MM,MM,MM,MM
2025,11,9,9,40,70,5.0,5.0,1.6,MM,8.0,288,1016.7,.2,13.9,MM,MM,MM,MM
2025,11,9,9,30,70,4.0,5.0,MM,MM,MM,MM,1016.5,.0,13.9,MM,MM,MM,MM
2025,11,9,9,20,60,4.0,5.0,1.6,14,8.1,282,1016.5,.0,13.9,MM,MM,MM,MM
2025,11,9,9,10,40,4.0,5.0,1.6,MM,8.1,282,1016.4,.8,13.9,MM,MM,MM,MM
2025,11,9,9,0,50,4.0,5.0,MM,MM,MM,MM,1016.4,.9,14.0,MM,MM,-0.0,MM
2025,11,9,8,50,60,5.0,6.0,1.5,14,8.4,291,1016.4,.0,14.0,MM,MM,MM,MM
2025,11,9,8,40,60,4.0,5.0,MM,MM,MM,MM,1016.4,.2,14.0,MM,MM,MM,MM
2025,11,9,8,30,60,4.0,6.0,MM,MM,MM,MM,1016.4,.4,14.1,MM,MM,MM,MM
2025,11,9,8,20,80,5.0,6.0,1.8,14,9.2,279,1016.3,.8,14.1,MM,MM,MM,MM
2025,11,9,8,10,90,5.0,7.0,MM,MM,MM,MM,1016.2,.5,14.2,MM,MM,MM,MM
2025,11,9,8,0,80,4.0,6.0,MM,MM,MM,MM,1016.2,.8,14.2,MM,MM,+0.0,MM
2025,11,9,7,50,40,1.0,3.0,1.7,11,8.7,296,1016.4,.7,14.3,MM,MM,MM,MM
2025,11,9,7,40,40,1.0,2.0,MM,MM,MM,MM,1016.5,.7,14.3,MM,MM,MM,MM
2025,11,9,7,30,40,2.0,2.0,MM,MM,MM,MM,1016.5,.6,14.3,MM,MM,MM,MM
2025,11,9,7,20,20,2.0,2.0,1.6,13,8.6,295,1016.5,.5,14.3,MM,MM,MM,MM
2025,11,9,7,10,360,2.0,2.0,1.6,MM,8.6,295,1016.5,.2,14.3,MM,MM,MM,MM
2025,11,9,7,0,350,2.0,3.0,MM,MM,MM,MM,1016.5,.7,14.3,MM,MM,+0.9,MM
2025,11,9,6,50,350,2.0,3.0,1.7,13,9.1,285,1016.4,.5,14.3,MM,MM,MM,MM
2025,11,9,6,40,350,2.0,3.0,1.7,MM,9.1,285,1016.4,.4,14.3,MM,MM,MM,MM
2025,11,9,6,30,350,2.0,3.0,MM,MM,MM,MM,1016.4,.5,14.3,MM,MM,MM,MM
2025,11,9,6,20,350,2.0,3.0,1.7,10,8.9,284,1016.4,.6,14.3,MM,MM,MM,MM
2025,11,9,6,10,340,3.0,3.0,1.7,MM,8.9,284,1016.5,.7,14.3,MM,MM,MM,MM
2025,11,9,6,0,350,3.0,4.0,MM,MM,MM,MM,1016.3,.7,14.2,MM,MM,+1.3,MM
2025,11,9,5,50,340,3.0,4.0,1.8,14,9.1,282,1016.4,.7,14.1,MM,MM,MM,MM
2025,11,9,5,40,340,3.0,4.0,1.8,MM,9.1,282,1016.3,.9,14.1,MM,MM,MM,MM
2025,11,9,5,30,350,4.0,4.0,MM,MM,MM,MM,1016.2,.9,14.2,MM,MM,MM,MM
2025,11,9,5,20,340,4.0,5.0,1.8,13,9.0,281,1016.1,.6,14.3,MM,MM,MM,MM
2025,11,9,5,10,330,4.0,5.0,1.8,MM,9.0,281,1016.1,.6,14.3,MM,MM,MM,MM
2025,11,9,5,0,330,4.0,5.0,MM,MM,MM,MM,1016.0,.6,14.4,MM,MM,+0.9,MM
2025,11,9,4,50,320,4.0,5.0,1.6,11,8.4,277,1016.0,.9,14.4,MM,MM,MM,MM
2025,11,9,4,40,330,4.0,5.0,MM,MM,MM,MM,1015.9,.2,14.4,MM,MM,MM,MM
2025,11,9,4,30,340,4.0,5.0,MM,MM,MM,MM,1015.7,.9,MM,MM,MM,MM,MM
2025,11,9,4,20,330,4.0,5.0,1.8,12,9.0,282,1015.7,.6,14.4,MM,MM,MM,MM
2025,11,9,4,10,320,4.0,5.0,1.8,MM,9.0,282,1015.6,.6,14.3,MM,MM,MM,MM
2025,11,9,4,0,320,4.0,5.0,MM,MM,MM,MM,1015.5,.6,14.3,MM,MM,+0.4,MM
2025,11,9,3,50,330,4.0,5.0,2.0,12,9.3,277,1015.4,.6,14.3,MM,MM,MM,MM
2025,11,9,3,40,340,4.0,5.0,MM,MM,MM,MM,1015.3,.6,14.4,MM,MM,MM,MM
2025,11,9,3,30,340,3.0,4.0,MM,MM,MM,MM,1015.2,.7,14.5,MM,MM,MM,MM
2025,11,9,3,20,350,3.0,4.0,2.1,11,9.2,283,1015.2,.6,14.5,MM,MM,MM,MM
2025,11,9,3,10,350,3.0,4.0,MM,MM,MM,MM,1015.2,.6,14.5,MM,MM,MM,MM
2025,11,9,3,0,350,3.0,4.0,MM,MM,MM,MM,1015.2,.4,14.4,MM,MM,+0.0,MM
2025,11,9,2,50,350,3.0,5.0,2.0,MM,9.2,273,1015.5,.2,14.4,MM,MM,MM,MM
2025,11,9,2,40,340,3.0,5.0,2.0,MM,9.2,273,1015.2,.1,14.4,MM,MM,MM,MM
2025,11,9,2,30,330,4.0,4.0,MM,MM,MM,MM,1015.1,.1,14.4,MM,MM,MM,MM
2025,11,9,2,20,330,4.0,5.0,2.0,10,9.0,284,1015.2,.0,14.5,MM,MM,MM,MM
2025,11,9,2,10,330,4.0,4.0,2.0,MM,9.0,284,1015.2,.0,14.5,MM,MM,MM,MM
2025,11,9,2,0,330,4.0,4.0,MM,MM,MM,MM,1015.1,.0,14.5,MM,MM,+0.0,MM
2025,11,9,1,50,330,3.0,4.0,2.2,13,9.2,278,1015.2,.1,14.4,MM,MM,MM,MM
2025,11,9,1,40,330,3.0,4.0,2.2,MM,9.2,278,1015.2,.1,14.6,MM,MM,MM,MM
2025,11,9,1,30,330,3.0,4.0,MM,MM,MM,MM,1015.1,.1,14.6,MM,MM,MM,MM
2025,11,9,1,20,330,3.0,4.0,2.0,11,9.0,288,1015.2,.1,14.6,MM,MM,MM,MM
2025,11,9,1,10,330,2.0,3.0,MM,MM,MM,MM,1015.1,.2,14.7,MM,MM,MM,MM
2025,11,9,1,0,330,2.0,3.0,MM,MM,MM,MM,1015.1,.1,14.7,MM,MM,-0.3,MM
2025,11,9,0,50,330,2.0,3.0,2.2,13,9.2,270,1015.1,.1,14.6,MM,MM,MM,MM
2025,11,9,0,40,320,2.0,3.0,MM,MM,MM,MM,1015.2,.1,14.7,MM,MM,MM,MM
2025,11,9,0,30,320,2.0,3.0,MM,MM,MM,MM,1015.2,.0,14.8,MM,MM,MM,MM
2025,11,9,0,20,320,3.0,4.0,2.2,12,9.5,278,1015.1,.0,14.7,MM,MM,MM,MM
2025,11,9,0,10,320,3.0,4.0,2.2,MM,9.5,278,1015.2,.9,14.6,MM,MM,MM,MM
2025,11,9,0,0,320,3.0,4.0,MM,MM,MM,MM,1015.3,.8,14.6,MM,MM,-0.6,MM
2025,11,8,23,50,310,3.0,4.0,2.2,11,9.3,276,1015.3,.9,14.7,MM,MM,MM,MM
2025,11,8,23,40,310,3.0,4.0,MM,MM,MM,MM,1015.3,.1,14.7,MM,MM,MM,MM
2025,11,8,23,30,320,3.0,4.0,MM,MM,MM,MM,1015.3,.3,14.8,MM,MM,MM,MM
2025,11,8,23,20,320,4.0,5.0,2.2,11,9.3,287,1015.3,.4,14.7,MM,MM,MM,MM
2025,11,8,23,10,320,4.0,5.0,2.2,MM,9.3,287,1015.3,.6,14.8,MM,MM,MM,MM
2025,11,8,23,0,320,3.0,5.0,MM,MM,MM,MM,1015.3,.8,14.8,MM,MM,-1.5,MM
2025,11,8,22,50,310,3.0,4.0,2.1,11,8.9,285,1015.4,.9,14.9,MM,MM,MM,MM
2025,11,8,22,40,310,2.0,4.0,2.1,MM,8.9,285,1015.5,.9,14.8,MM,MM,MM,MM
2025,11,8,22,30,310,2.0,3.0,MM,MM,MM,MM,1015.5,.8,14.8,MM,MM,MM,MM
2025,11,8,22,20,300,2.0,4.0,2.4,12,9.4,283,1015.5,.8,14.8,MM,MM,MM,MM
2025,11,8,22,10,290,2.0,3.0,2.4,MM,9.4,283,1015.6,.7,14.6,MM,MM,MM,MM
2025,11,8,22,0,300,2.0,3.0,MM,MM,MM,MM,1015.6,.6,14.7,MM,MM,-1.7,MM
2025,11,8,21,50,310,3.0,4.0,2.2,12,9.0,288,1015.5,.5,14.7,MM,MM,MM,MM
2025,11,8,21,40,320,3.0,4.0,2.2,MM,9.0,288,1015.6,.4,14.6,MM,MM,MM,MM
2025,11,8,21,30,320,3.0,4.0,MM,MM,MM,MM,1015.6,.4,14.6,MM,MM,MM,MM
2025,11,8,21,20,320,3.0,4.0,2.1,12,9.0,292,1015.8,.4,14.5,MM,MM,MM,MM
2025,11,8,21,10,330,3.0,4.0,MM,MM,MM,MM,1015.9,.3,14.6,MM,MM,MM,MM
2025,11,8,21,0,340,3.0,3.0,MM,MM,MM,MM,1015.9,.2,14.6,MM,MM,-1.3,MM
2025,11,8,20,50,340,3.0,4.0,2.3,13,9.2,293,1016.1,.1,14.6,MM,MM,MM,MM
2025,11,8,20,40,340,3.0,4.0,2.3,MM,9.2,293,1016.2,.1,14.6,MM,MM,MM,MM
2025,11,8,20,30,330,3.0,4.0,MM,MM,MM,MM,1016.4,.0,14.5,MM,MM,MM,MM
2025,11,8,20,20,320,4.0,5.0,1.9,12,8.6,286,1016.5,.0,14.5,MM,MM,MM,MM
2025,11,8,20,10,320,4.0,5.0,MM,MM,MM,MM,1016.7,.9,14.5,MM,MM,MM,MM
2025,11,8,20,0,320,3.0,5.0,MM,MM,MM,MM,1016.8,.8,14.5,MM,MM,+0.0,MM
2025,11,8,19,50,320,3.0,4.0,2.2,12,9.0,296,1017.0,.7,14.4,MM,MM,MM,MM
2025,11,8,19,40,320,3.0,4.0,MM,MM,MM,MM,1017.0,.6,14.4,MM,MM,MM,MM
2025,11,8,19,30,330,3.0,4.0,MM,MM,MM,MM,1017.1,.5,14.4,MM,MM,MM,MM
2025,11,8,19,20,350,2.0,3.0,2.4,12,9.2,291,1017.0,.4,14.3,MM,MM,MM,MM
2025,11,8,19,10,340,3.0,4.0,2.4,MM,9.2,291,1017.1,.3,14.2,MM,MM,MM,MM
2025,11,8,19,0,340,3.0,4.0,MM,MM,MM,MM,1017.2,.2,14.3,MM,MM,+0.3,MM
2025,11,8,18,50,350,3.0,3.0,2.1,11,9.0,286,1017.2,.1,14.3,MM,MM,MM,MM
2025,11,8,18,40,340,2.0,3.0,2.1,MM,9.0,286,1017.2,.0,14.3,MM,MM,MM,MM
2025,11,8,18,30,350,2.0,3.0,MM,MM,MM,MM,1017.3,.0,14.2,MM,MM,MM,MM
2025,11,8,18,20,350,3.0,4.0,MM,MM,MM,MM,1017.5,.0,14.1,MM,MM,MM,MM
2025,11,8,18,10,350,3.0,3.0,MM,MM,MM,MM,1017.4,.9,14.1,MM,MM,MM,MM
2025,11,8,18,0,350,2.0,3.0,MM,MM,MM,MM,1017.3,.0,14.0,MM,MM,+1.0,MM
2025,11,8,17,50,340,2.0,3.0,2.2,12,8.9,296,1017.2,.0,13.9,MM,MM,MM,MM
2025,11,8,17,40,340,2.0,3.0,2.2,MM,8.9,296,1017.2,.0,13.9,MM,MM,MM,MM
2025,11,8,17,30,330,2.0,3.0,MM,MM,MM,MM,1017.1,.0,13.9,MM,MM,MM,MM
2025,11,8,17,20,320,2.0,3.0,2.2,12,9.2,289,1017.1,.9,13.9,MM,MM,MM,MM
2025,11,8,17,10,320,1.0,2.0,2.2,MM,9.2,289,1017.1,.0,13.8,MM,MM,MM,MM
2025,11,8,17,0,310,1.0,2.0,MM,MM,MM,MM,1017.1,.9,13.8,MM,MM,+1.3,MM
2025,11,8,16,50,320,1.0,2.0,2.3,13,9.2,288,1017.1,.8,13.8,MM,MM,MM,MM
2025,11,8,16,40,310,2.0,3.0,2.3,MM,9.2,288,1017.1,.8,13.8,MM,MM,MM,MM
2025,11,8,16,30,310,2.0,3.0,MM,MM,MM,MM,1017.1,.7,13.8,MM,MM,MM,MM
2025,11,8,16,20,330,1.0,2.0,2.2,14,8.7,287,1017.1,.8,13.8,MM,MM,MM,MM
2025,11,8,16,10,350,1.0,2.0,2.2,MM,8.7,287,1017.1,.7,13.8,MM,MM,MM,MM
2025,11,8,16,0,360,2.0,3.0,MM,MM,MM,MM,1017.1,.8,13.7,MM,MM,+1.4,MM
2025,11,8,15,50,20,2.0,2.0,2.4,13,9.0,286,1017.0,.7,13.7,MM,MM,MM,MM
2025,11,8,15,40,360,2.0,3.0,MM,MM,MM,MM,1016.9,.7,13.7,MM,MM,MM,MM
2025,11,8,15,30,350,2.0,3.0,MM,MM,MM,MM,1016.8,.6,13.7,MM,MM,MM,MM
2025,11,8,15,20,350,2.0,3.0,2.3,13,9.0,296,1016.7,.6,13.7,MM,MM,MM,MM
2025,11,8,15,10,10,1.0,2.0,2.3,MM,9.0,296,1016.5,.6,13.7,MM,MM,MM,MM
2025,11,8,15,0,40,1.0,2.0,MM,MM,MM,MM,1016.4,.5,13.7,MM,MM,+0.5,MM
2025,11,8,14,50,50,1.0,2.0,2.5,14,9.3,287,1016.4,.5,13.8,MM,MM,MM,MM
2025,11,8,14,40,50,1.0,2.0,2.5,MM,9.3,287,1016.2,.5,13.7,MM,MM,MM,MM
2025,11,8,14,30,70,1.0,2.0,MM,MM,MM,MM,1016.2,.4,13.8,MM,MM,MM,MM
2025,11,8,14,20,80,1.0,2.0,2.7,14,9.8,282,1016.0,.4,13.8,MM,MM,MM,MM
2025,11,8,14,10,80,1.0,2.0,2.7,MM,9.8,282,1016.0,.4,13.8,MM,MM,MM,MM
2025,11,8,14,0,100,2.0,3.0,MM,MM,MM,MM,1015.9,.3,13.8,MM,MM,-0.5,MM
2025,11,8,13,50,100,1.0,3.0,2.6,14,9.4,291,1015.8,.3,13.8,MM,MM,MM,MM
2025,11,8,13,40,70,1.0,2.0,2.6,MM,9.4,291,1015.9,.2,13.8,MM,MM,MM,MM
2025,11,8,13,30,40,1.0,2.0,MM,MM,MM,MM,1015.9,.2,13.8,MM,MM,MM,MM
2025,11,8,13,20,MM,0.0,1.0,2.3,14,8.8,292,1015.9,.2,13.8,MM,MM,MM,MM
2025,11,8,13,10,MM,0.0,1.0,2.3,MM,8.8,292,1015.8,.2,13.8,MM,MM,MM,MM
2025,11,8,13,0,70,1.0,2.0,MM,MM,MM,MM,1015.8,.2,13.8,MM,MM,-0.7,MM
2025,11,8,12,50,MM,0.0,2.0,2.5,12,9.1,290,1015.8,.3,13.8,MM,MM,MM,MM
2025,11,8,12,40,MM,0.0,1.0,2.5,MM,9.1,290,1016.0,.3,13.8,MM,MM,MM,MM
2025,11,8,12,30,MM,0.0,1.0,MM,MM,MM,MM,1016.0,.3,13.8,MM,MM,MM,MM
2025,11,8,12,20,20,1.0,2.0,2.7,14,9.4,288,1016.0,.3,13.8,MM,MM,MM,MM
2025,11,8,12,10,50,2.0,3.0,2.7,MM,9.4,288,1016.0,.3,13.8,MM,MM,MM,MM
2025,11,8,12,0,50,1.0,3.0,MM,MM,MM,MM,1015.9,.4,13.8,MM,MM,-0.9,MM
2025,11,8,11,50,20,1.0,2.0,2.5,15,9.0,275,1016.0,.4,13.8,MM,MM,MM,MM
2025,11,8,11,40,360,1.0,2.0,2.5,MM,9.0,275,1016.1,.4,13.8,MM,MM,MM,MM
2025,11,8,11,30,10,1.0,2.0,MM,MM,MM,MM,1016.2,.5,13.8,MM,MM,MM,MM
2025,11,8,11,20,10,1.0,2.0,2.8,14,9.7,297,1016.2,.5,13.8,MM,MM,MM,MM
2025,11,8,11,10,340,1.0,2.0,MM,MM,MM,MM,1016.3,.5,13.8,MM,MM,MM,MM
2025,11,8,11,0,330,1.0,2.0,MM,MM,MM,MM,1016.4,.6,13.8,MM,MM,-0.6,MM
2025,11,8,10,50,320,1.0,2.0,2.8,13,9.3,296,1016.4,.6,13.8,MM,MM,MM,MM
2025,11,8,10,40,310,2.0,3.0,2.8,MM,9.3,296,1016.5,.6,13.9,MM,MM,MM,MM
2025,11,8,10,30,300,2.0,3.0,MM,MM,MM,MM,1016.5,.6,13.9,MM,MM,MM,MM
2025,11,8,10,20,320,2.0,3.0,2.9,12,9.3,286,1016.5,.6,13.9,MM,MM,MM,MM
2025,11,8,10,10,330,2.0,3.0,2.9,MM,9.3,286,1016.5,.6,13.9,MM,MM,MM,MM
2025,11,8,10,0,340,2.0,2.0,MM,MM,MM,MM,1016.4,.6,13.9,MM,MM,-1.1,MM
2025,11,8,9,50,340,1.0,3.0,3.0,15,9.7,281,1016.3,.6,13.8,MM,MM,MM,MM
2025,11,8,9,40,20,2.0,3.0,3.0,MM,9.7,281,1016.4,.6,13.9,MM,MM,MM,MM
2025,11,8,9,30,20,2.0,3.0,MM,MM,MM,MM,1016.5,.6,13.9,MM,MM,MM,MM
2025,11,8,9,20,10,2.0,3.0,3.0,14,9.5,288,1016.6,.7,13.9,MM,MM,MM,MM
2025,11,8,9,10,10,3.0,4.0,3.0,MM,9.5,288,1016.5,.7,13.9,MM,MM,MM,MM
2025,11,8,9,0,10,3.0,4.0,MM,MM,MM,MM,1016.6,.7,13.9,MM,MM,-0.4,MM
2025,11,8,8,50,10,3.0,4.0,2.9,13,9.5,289,1016.9,.8,13.9,MM,MM,MM,MM
2025,11,8,8,40,360,3.0,4.0,2.9,MM,9.5,289,1016.9,.8,13.9,MM,MM,MM,MM
2025,11,8,8,30,350,3.0,4.0,MM,MM,MM,MM,1017.0,.8,13.9,MM,MM,MM,MM
2025,11,8,8,20,340,4.0,5.0,3.1,13,9.3,291,1017.0,.8,13.9,MM,MM,MM,MM
2025,11,8,8,10,350,4.0,5.0,3.1,MM,9.3,291,1017.0,.8,13.9,MM,MM,MM,MM
2025,11,8,8,0,340,4.0,6.0,MM,MM,MM,MM,1017.0,.8,14.0,MM,MM,-0.5,MM
2025,11,8,7,50,340,5.0,7.0,2.9,12,9.2,284,1017.0,.7,14.0,MM,MM,MM,MM
2025,11,8,7,40,340,6.0,7.0,MM,MM,MM,MM,1017.1,.7,14.0,MM,MM,MM,MM
2025,11,8,7,30,340,5.0,6.0,MM,MM,MM,MM,1017.3,.6,14.0,MM,MM,MM,MM
2025,11,8,7,20,330,5.0,6.0,3.2,14,9.5,285,1017.4,.6,14.0,MM,MM,MM,MM
2025,11,8,7,10,330,5.0,7.0,3.2,MM,9.5,285,1017.5,.6,14.0,MM,MM,MM,MM
2025,11,8,7,0,330,4.0,6.0,MM,MM,MM,MM,1017.4,.6,14.0,MM,MM,-0.0,MM
2025,11,8,6,50,330,4.0,5.0,2.9,14,9.8,282,1017.5,.6,14.0,MM,MM,MM,MM
2025,11,8,6,40,320,4.0,5.0,2.9,MM,9.8,282,1017.4,.6,14.0,MM,MM,MM,MM
2025,11,8,6,30,340,3.0,5.0,MM,MM,MM,MM,1017.6,.5,14.1,MM,MM,MM,MM
2025,11,8,6,20,340,4.0,5.0,3.5,14,0.1,282,1017.6,.5,14.1,MM,MM,MM,MM
2025,11,8,6,10,330,4.0,6.0,MM,MM,MM,MM,1017.3,.4,14.1,MM,MM,MM,MM
2025,11,8,6,0,340,4.0,5.0,MM,MM,MM,MM,1017.1,.3,14.1,MM,MM,-1.0,MM
2025,11,8,5,50,330,5.0,6.0,3.5,13,0.1,284,1017.0,.3,14.1,MM,MM,MM,MM
2025,11,8,5,40,330,5.0,7.0,3.5,MM,0.1,284,1017.1,.3,14.2,MM,MM,MM,MM
2025,11,8,5,30,320,6.0,8.0,MM,MM,MM,MM,1017.4,.2,14.2,MM,MM,MM,MM
2025,11,8,5,20,320,6.0,8.0,3.1,13,9.8,286,1017.4,.1,14.2,MM,MM,MM,MM
2025,11,8,5,10,320,6.0,7.0,MM,MM,MM,MM,1017.4,.0,14.2,MM,MM,MM,MM
2025,11,8,5,0,320,6.0,7.0,MM,MM,MM,MM,1017.4,.0,14.2,MM,MM,-0.9,MM
2025,11,8,4,50,320,5.0,6.0,3.0,14,9.4,289,1017.4,.9,14.2,MM,MM,MM,MM
2025,11,8,4,40,320,5.0,6.0,3.0,MM,9.4,289,1017.3,.8,14.2,MM,MM,MM,MM
2025,11,8,4,30,310,5.0,6.0,MM,MM,MM,MM,1017.4,.8,14.3,MM,MM,MM,MM
2025,11,8,4,20,320,5.0,6.0,2.9,14,9.3,282,1017.5,.7,14.3,MM,MM,MM,MM
2025,11,8,4,10,330,5.0,6.0,MM,MM,MM,MM,1017.4,.7,14.3,MM,MM,MM,MM
2025,11,8,4,0,330,5.0,7.0,MM,MM,MM,MM,1017.4,.6,14.3,MM,MM,-1.1,MM
2025,11,8,3,50,330,6.0,8.0,2.8,14,9.5,284,1017.5,.5,14.3,MM,MM,MM,MM
2025,11,8,3,40,330,6.0,8.0,MM,MM,MM,MM,1017.6,.5,14.3,MM,MM,MM,MM
2025,11,8,3,30,330,6.0,7.0,MM,MM,MM,MM,1017.6,.5,14.3,MM,MM,MM,MM
2025,11,8,3,20,330,6.0,8.0,2.9,14,9.1,286,1017.8,.5,14.3,MM,MM,MM,MM
2025,11,8,3,10,330,6.0,7.0,2.9,MM,9.1,286,1017.8,.5,14.4,MM,MM,MM,MM
2025,11,8,3,0,330,6.0,8.0,MM,MM,MM,MM,1018.0,.5,14.4,MM,MM,-0.6,MM
2025,11,8,2,50,330,6.0,7.0,2.7,11,8.6,278,1018.1,.4,14.4,MM,MM,MM,MM
2025,11,8,2,40,330,6.0,7.0,MM,MM,MM,MM,1018.1,.4,14.4,MM,MM,MM,MM
2025,11,8,2,30,330,6.0,9.0,MM,MM,MM,MM,1018.3,.2,14.4,MM,MM,MM,MM
2025,11,8,2,20,330,7.0,8.0,2.7,14,8.7,292,1018.3,.1,14.4,MM,MM,MM,MM
2025,11,8,2,10,330,7.0,9.0,2.7,MM,8.7,292,1018.3,.0,14.5,MM,MM,MM,MM
2025,11,8,2,0,330,8.0,9.0,MM,MM,MM,MM,1018.2,.0,14.5,MM,MM,-0.8,MM
2025,11,8,1,50,330,8.0,9.0,2.4,12,8.0,279,1018.2,.0,14.5,MM,MM,MM,MM
2025,11,8,1,40,330,8.0,9.0,MM,MM,MM,MM,1018.2,.9,14.5,MM,MM,MM,MM
2025,11,8,1,30,340,8.0,9.0,MM,MM,MM,MM,1018.2,.9,14.5,MM,MM,MM,MM
2025,11,8,1,20,340,8.0,9.0,2.4,14,7.8,288,1018.2,.9,14.6,MM,MM,MM,MM
2025,11,8,1,10,330,8.0,9.0,MM,MM,MM,MM,1018.3,.0,14.5,MM,MM,MM,MM
2025,11,8,1,0,330,8.0,0.0,MM,MM,MM,MM,1018.3,.2,14.6,MM,MM,-1.0,MM
2025,11,8,0,50,330,8.0,9.0,2.6,13,8.4,284,1018.3,.1,14.6,MM,MM,MM,MM
2025,11,8,0,40,320,9.0,0.0,MM,MM,MM,MM,1018.2,.0,14.6,MM,MM,MM,MM
2025,11,8,0,30,320,8.0,0.0,MM,MM,MM,MM,1018.3,.2,14.5,MM,MM,MM,MM
2025,11,8,0,20,330,7.0,9.0,2.7,14,8.8,280,1018.3,.5,14.6,MM,MM,MM,MM
2025,11,8,0,10,330,7.0,9.0,2.7,MM,8.8,280,1018.5,.5,14.6,MM,MM,MM,MM
2025,11,8,0,0,320,7.0,8.0,MM,MM,MM,MM,1018.6,.7,14.6,MM,MM,-1.4,MM
2025,11,7,23,50,320,7.0,9.0,2.7,13,9.0,279,1018.7,.8,14.6,MM,MM,MM,MM
2025,11,7,23,40,320,7.0,8.0,2.7,MM,9.0,279,1018.8,.8,14.7,MM,MM,MM,MM
2025,11,7,23,30,330,6.0,8.0,MM,MM,MM,MM,1019.0,.0,14.7,MM,MM,MM,MM
2025,11,7,23,20,320,6.0,7.0,2.6,11,9.1,282,1019.0,.1,14.8,MM,MM,MM,MM
2025,11,7,23,10,320,5.0,6.0,2.6,MM,9.1,282,1019.1,.0,14.8,MM,MM,MM,MM
2025,11,7,23,0,320,6.0,7.0,MM,MM,MM,MM,1019.1,.7,14.9,MM,MM,-1.9,MM
2025,11,7,22,50,320,6.0,7.0,2.6,12,8.9,276,1019.1,.6,14.9,MM,MM,MM,MM
2025,11,7,22,40,310,6.0,7.0,MM,MM,MM,MM,1019.2,.7,14.8,MM,MM,MM,MM
2025,11,7,22,30,310,6.0,7.0,MM,MM,MM,MM,1019.2,.0,14.8,MM,MM,MM,MM
2025,11,7,22,20,310,6.0,7.0,2.5,12,9.1,279,1019.3,.1,14.9,MM,MM,MM,MM
2025,11,7,22,10,310,6.0,7.0,2.5,MM,9.1,279,1019.4,.0,14.9,MM,MM,MM,MM
2025,11,7,22,0,310,5.0,7.0,MM,MM,MM,MM,1019.4,.1,14.9,MM,MM,-2.2,MM
2025,11,7,21,50,300,5.0,7.0,2.7,14,9.4,273,1019.6,.2,14.8,MM,MM,MM,MM
2025,11,7,21,40,300,5.0,6.0,2.7,MM,9.4,273,1019.6,.3,14.6,MM,MM,MM,MM
2025,11,7,21,30,300,4.0,6.0,MM,MM,MM,MM,1019.8,.3,14.6,MM,MM,MM,MM
2025,11,7,21,20,290,3.0,5.0,2.5,13,9.1,278,1019.9,.3,14.7,MM,MM,MM,MM
2025,11,7,21,10,280,3.0,4.0,MM,MM,MM,MM,1020.0,.4,14.6,MM,MM,MM,MM
2025,11,7,21,0,280,2.0,4.0,MM,MM,MM,MM,1020.1,.4,14.6,MM,MM,-1.7,MM
2025,11,7,20,50,280,2.0,3.0,2.6,14,9.4,275,1020.2,.4,14.6,MM,MM,MM,MM
2025,11,7,20,40,290,2.0,3.0,2.6,MM,9.4,275,1020.4,.5,14.6,MM,MM,MM,MM
2025,11,7,20,30,290,1.0,3.0,MM,MM,MM,MM,1020.5,.5,14.5,MM,MM,MM,MM
2025,11,7,20,20,MM,0.0,2.0,2.8,13,9.5,282,1020.6,.4,14.5,MM,MM,MM,MM
2025,11,7,20,10,MM,0.0,2.0,2.8,MM,9.5,282,1020.8,.4,14.5,MM,MM,MM,MM
2025,11,7,20,0,MM,0.0,2.0,MM,MM,MM,MM,1021.0,.3,14.4,MM,MM,-0.6,MM
2025,11,7,19,50,MM,0.0,2.0,2.6,15,9.7,289,1021.1,.2,14.4,MM,MM,MM,MM
2025,11,7,19,40,100,1.0,3.0,2.6,MM,9.7,289,1021.2,.2,14.5,MM,MM,MM,MM
2025,11,7,19,30,90,2.0,3.0,MM,MM,MM,MM,1021.3,.2,14.5,MM,MM,MM,MM
2025,11,7,19,20,100,2.0,3.0,2.7,14,9.4,279,1021.3,.2,14.4,MM,MM,MM,MM
2025,11,7,19,10,100,2.0,4.0,2.7,MM,9.4,279,1021.4,.1,14.4,MM,MM,MM,MM
2025,11,7,19,0,90,2.0,4.0,MM,MM,MM,MM,1021.6,.1,14.4,MM,MM,+0.0,MM
2025,11,7,18,50,80,2.0,4.0,2.7,13,9.7,281,1021.5,.1,14.4,MM,MM,MM,MM
2025,11,7,18,40,70,2.0,4.0,2.7,MM,9.7,281,1021.6,.0,14.4,MM,MM,MM,MM
2025,11,7,18,30,60,2.0,3.0,MM,MM,MM,MM,1021.7,.2,14.4,MM,MM,MM,MM
2025,11,7,18,20,70,1.0,2.0,2.7,13,9.5,285,1021.7,.2,14.4,MM,MM,MM,MM
2025,11,7,18,10,60,1.0,2.0,2.7,MM,9.5,285,1021.7,.2,14.4,MM,MM,MM,MM
2025,11,7,18,0,100,1.0,2.0,MM,MM,MM,MM,1021.7,.4,14.3,MM,MM,+0.3,MM
2025,11,7,17,50,110,1.0,3.0,2.7,15,9.7,286,1021.7,.3,14.3,MM,MM,MM,MM
2025,11,7,17,40,130,1.0,3.0,2.7,MM,9.7,286,1021.7,.3,14.4,MM,MM,MM,MM
2025,11,7,17,30,140,2.0,3.0,MM,MM,MM,MM,1021.6,.3,14.4,MM,MM,MM,MM
2025,11,7,17,20,150,1.0,3.0,2.8,15,9.8,289,1021.6,.3,14.3,MM,MM,MM,MM
2025,11,7,17,10,160,1.0,3.0,2.8,MM,9.8,289,1021.6,.3,14.3,MM,MM,MM,MM
2025,11,7,17,0,160,1.0,3.0,MM,MM,MM,MM,1021.5,.3,14.3,MM,MM,+0.0,MM
2025,11,7,16,50,160,2.0,3.0,2.9,12,0.0,288,1021.6,.2,14.3,MM,MM,MM,MM
2025,11,7,16,40,160,2.0,3.0,MM,MM,MM,MM,1021.6,.2,14.3,MM,MM,MM,MM
2025,11,7,16,30,160,2.0,3.0,MM,MM,MM,MM,1021.7,.1,14.3,MM,MM,MM,MM
2025,11,7,16,20,160,2.0,3.0,2.9,15,9.9,286,1021.7,.1,14.3,MM,MM,MM,MM
2025,11,7,16,10,160,2.0,3.0,2.9,MM,9.9,286,1021.8,.1,14.3,MM,MM,MM,MM
2025,11,7,16,0,160,2.0,3.0,MM,MM,MM,MM,1021.7,.0,14.3,MM,MM,+0.3,MM
2025,11,7,15,50,150,2.0,2.0,2.8,12,9.7,287,1021.7,.0,14.3,MM,MM,MM,MM
2025,11,7,15,40,150,2.0,3.0,2.8,MM,9.7,287,1021.6,.9,14.3,MM,MM,MM,MM
2025,11,7,15,30,170,2.0,3.0,MM,MM,MM,MM,1021.6,.9,14.3,MM,MM,MM,MM
2025,11,7,15,20,160,2.0,3.0,2.7,15,9.6,281,1021.4,.9,14.3,MM,MM,MM,MM
2025,11,7,15,10,160,2.0,3.0,2.7,MM,9.6,281,1021.3,.8,14.3,MM,MM,MM,MM
2025,11,7,15,0,160,2.0,3.0,MM,MM,MM,MM,1021.3,.8,14.3,MM,MM,+0.3,MM
2025,11,7,14,50,160,2.0,3.0,2.8,12,9.5,286,1021.3,.7,14.3,MM,MM,MM,MM
2025,11,7,14,40,160,2.0,3.0,2.8,MM,9.5,286,1021.4,.7,14.3,MM,MM,MM,MM
2025,11,7,14,30,150,2.0,3.0,MM,MM,MM,MM,1021.3,.6,14.3,MM,MM,MM,MM
2025,11,7,14,20,160,2.0,3.0,2.7,11,9.4,289,1021.3,.6,14.3,MM,MM,MM,MM
2025,11,7,14,10,150,1.0,3.0,2.7,MM,9.4,289,1021.4,.5,14.3,MM,MM,MM,MM
2025,11,7,14,0,150,2.0,3.0,MM,MM,MM,MM,1021.4,.5,14.3,MM,MM,-0.3,MM
2025,11,7,13,50,150,2.0,3.0,2.9,15,9.4,284,1021.3,.5,14.3,MM,MM,MM,MM
2025,11,7,13,40,150,2.0,3.0,MM,MM,MM,MM,1021.2,.4,14.3,MM,MM,MM,MM
2025,11,7,13,30,150,1.0,3.0,MM,MM,MM,MM,1021.3,.4,14.3,MM,MM,MM,MM
2025,11,7,13,20,160,1.0,3.0,3.0,14,9.5,284,1021.3,.3,14.3,MM,MM,MM,MM
2025,11,7,13,10,170,2.0,3.0,3.0,MM,9.5,284,1021.2,.3,14.3,MM,MM,MM,MM
2025,11,7,13,0,160,2.0,3.0,MM,MM,MM,MM,1021.2,.2,14.3,MM,MM,-1.0,MM
2025,11,7,12,50,140,2.0,4.0,3.2,14,9.9,282,1021.2,.2,14.3,MM,MM,MM,MM
2025,11,7,12,40,140,2.0,4.0,3.2,MM,9.9,282,1021.1,.2,14.3,MM,MM,MM,MM
2025,11,7,12,30,140,2.0,3.0,MM,MM,MM,MM,1021.1,.1,14.3,MM,MM,MM,MM
2025,11,7,12,20,140,2.0,4.0,2.9,13,9.4,292,1021.1,.1,14.3,MM,MM,MM,MM
2025,11,7,12,10,140,2.0,4.0,2.9,MM,9.4,292,1021.1,.0,14.3,MM,MM,MM,MM
2025,11,7,12,0,140,2.0,4.0,MM,MM,MM,MM,1021.1,.0,14.3,MM,MM,-1.2,MM
2025,11,7,11,50,130,2.0,4.0,3.4,14,9.8,286,1021.2,.0,14.3,MM,MM,MM,MM
2025,11,7,11,40,130,2.0,4.0,MM,MM,MM,MM,1021.4,.0,14.4,MM,MM,MM,MM
2025,11,7,11,30,130,2.0,4.0,MM,MM,MM,MM,1021.4,.9,14.4,MM,MM,MM,MM
2025,11,7,11,20,140,2.0,4.0,3.4,15,0.0,281,1021.4,.9,14.4,MM,MM,MM,MM
2025,11,7,11,10,150,2.0,3.0,3.4,MM,0.0,281,1021.5,.0,14.4,MM,MM,MM,MM
2025,11,7,11,0,150,2.0,4.0,MM,MM,MM,MM,1021.6,.9,14.4,MM,MM,-1.2,MM
2025,11,7,10,50,130,3.0,5.0,3.4,14,9.9,289,1021.7,.8,14.4,MM,MM,MM,MM
2025,11,7,10,40,130,3.0,5.0,3.4,MM,9.9,289,1021.7,.7,14.4,MM,MM,MM,MM
2025,11,7,10,30,130,3.0,5.0,MM,MM,MM,MM,1021.7,.8,14.4,MM,MM,MM,MM
2025,11,7,10,20,130,2.0,4.0,3.1,15,9.4,289,1021.9,.8,14.4,MM,MM,MM,MM
2025,11,7,10,10,130,1.0,3.0,3.1,MM,9.4,289,1022.2,.9,14.4,MM,MM,MM,MM
2025,11,7,10,0,150,1.0,3.0,MM,MM,MM,MM,1022.2,.8,14.4,MM,MM,-0.5,MM
2025,11,7,9,50,160,2.0,3.0,3.2,14,9.7,284,1022.3,.7,14.4,MM,MM,MM,MM
2025,11,7,9,40,150,2.0,3.0,3.2,MM,9.7,284,1022.2,.7,14.4,MM,MM,MM,MM
2025,11,7,9,30,150,2.0,3.0,MM,MM,MM,MM,1022.2,.8,14.3,MM,MM,MM,MM
2025,11,7,9,20,130,2.0,3.0,3.1,13,9.6,280,1022.2,.8,14.3,MM,MM,MM,MM
2025,11,7,9,10,130,1.0,2.0,MM,MM,MM,MM,1022.2,.7,14.4,MM,MM,MM,MM
2025,11,7,9,0,100,1.0,3.0,MM,MM,MM,MM,1022.3,.7,14.4,MM,MM,-0.6,MM
2025,11,7,8,50,100,1.0,4.0,3.2,13,9.4,283,1022.4,.7,14.4,MM,MM,MM,MM
2025,11,7,8,40,90,1.0,3.0,MM,MM,MM,MM,1022.5,.7,14.4,MM,MM,MM,MM
2025,11,7,8,30,80,1.0,3.0,MM,MM,MM,MM,1022.7,.6,14.4,MM,MM,MM,MM
2025,11,7,8,20,80,1.0,3.0,3.6,14,0.1,294,1022.7,.7,14.4,MM,MM,MM,MM
2025,11,7,8,10,90,2.0,3.0,3.6,MM,0.1,294,1022.7,.7,14.4,MM,MM,MM,MM
2025,11,7,8,0,50,1.0,3.0,MM,MM,MM,MM,1022.9,.7,14.4,MM,MM,+0.0,MM
2025,11,7,7,50,40,1.0,2.0,3.8,14,0.1,285,1022.9,.8,14.4,MM,MM,MM,MM
2025,11,7,7,40,20,1.0,3.0,3.8,MM,0.1,285,1022.9,.8,14.4,MM,MM,MM,MM
2025,11,7,7,30,MM,0.0,3.0,MM,MM,MM,MM,1022.8,.7,14.4,MM,MM,MM,MM
2025,11,7,7,20,MM,0.0,1.0,3.5,13,9.9,286,1022.8,.8,14.4,MM,MM,MM,MM
2025,11,7,7,10,MM,0.0,2.0,3.5,MM,9.9,286,1022.9,.8,14.4,MM,MM,MM,MM
2025,11,7,7,0,180,1.0,3.0,MM,MM,MM,MM,1022.8,.8,14.4,MM,MM,+0.0,MM
2025,11,7,6,50,190,1.0,2.0,3.7,14,9.8,280,1022.7,.8,14.4,MM,MM,MM,MM
2025,11,7,6,40,190,1.0,3.0,3.7,MM,9.8,280,1022.6,.8,14.4,MM,MM,MM,MM
2025,11,7,6,30,220,1.0,1.0,MM,MM,MM,MM,1022.6,.7,14.4,MM,MM,MM,MM
2025,11,7,6,20,230,1.0,2.0,3.5,14,9.8,284,1023.0,.8,14.4,MM,MM,MM,MM
2025,11,7,6,10,310,1.0,2.0,MM,MM,MM,MM,1022.8,.8,14.4,MM,MM,MM,MM
2025,11,7,6,0,MM,0.0,1.0,MM,MM,MM,MM,1022.8,.9,14.4,MM,MM,-0.3,MM
2025,11,7,5,50,MM,0.0,2.0,3.5,14,9.7,278,1022.8,.9,14.4,MM,MM,MM,MM
2025,11,7,5,40,10,1.0,2.0,3.5,MM,9.7,278,1023.0,.9,14.4,MM,MM,MM,MM
2025,11,7,5,30,20,1.0,2.0,MM,MM,MM,MM,1023.0,.9,14.4,MM,MM,MM,MM
2025,11,7,5,20,360,1.0,2.0,3.4,14,9.6,284,1023.1,.9,14.4,MM,MM,MM,MM
2025,11,7,5,10,10,1.0,2.0,3.4,MM,9.6,284,1023.0,.0,14.3,MM,MM,MM,MM
2025,11,7,5,0,50,1.0,3.0,MM,MM,MM,MM,1022.8,.0,14.4,MM,MM,+0.0,MM
2025,11,7,4,50,50,2.0,3.0,3.3,14,9.6,277,1022.6,.2,14.4,MM,MM,MM,MM
2025,11,7,4,40,30,1.0,3.0,MM,MM,MM,MM,1022.6,.3,14.4,MM,MM,MM,MM
2025,11,7,4,30,10,1.0,2.0,MM,MM,MM,MM,1022.7,.3,14.4,MM,MM,MM,MM
2025,11,7,4,20,340,1.0,3.0,4.0,14,0.7,283,1022.8,.3,14.4,MM,MM,MM,MM
2025,11,7,4,10,330,1.0,3.0,4.0,MM,0.7,283,1022.8,.3,14.5,MM,MM,MM,MM
2025,11,7,4,0,310,2.0,4.0,MM,MM,MM,MM,1022.9,.4,14.4,MM,MM,+0.0,MM
2025,11,7,3,50,290,2.0,3.0,3.6,15,0.0,283,1022.9,.5,14.3,MM,MM,MM,MM
2025,11,7,3,40,280,2.0,4.0,MM,MM,MM,MM,1022.9,.5,14.5,MM,MM,MM,MM
2025,11,7,3,30,280,3.0,4.0,MM,MM,MM,MM,1023.0,.6,14.5,MM,MM,MM,MM
2025,11,7,3,20,290,3.0,5.0,3.5,15,0.2,281,1023.1,.6,14.6,MM,MM,MM,MM
2025,11,7,3,10,280,3.0,5.0,MM,MM,MM,MM,1023.1,.6,14.6,MM,MM,MM,MM
2025,11,7,3,0,280,3.0,5.0,MM,MM,MM,MM,1023.0,.7,14.6,MM,MM,-0.0,MM
2025,11,7,2,50,280,3.0,4.0,3.4,15,0.0,285,1023.1,.7,14.6,.7,MM,MM,MM
2025,11,7,2,40,280,3.0,4.0,3.4,MM,0.0,285,1023.1,.5,14.7,.5,MM,MM,MM
2025,11,7,2,30,280,3.0,4.0,MM,MM,MM,MM,1023.0,.6,14.6,.6,MM,MM,MM
2025,11,7,2,20,270,2.0,4.0,3.7,15,0.7,282,1022.9,.5,14.7,.5,MM,MM,MM
2025,11,7,2,10,270,2.0,4.0,3.7,MM,0.7,282,1022.7,.5,14.7,.5,MM,MM,MM
2025,11,7,2,0,270,2.0,4.0,MM,MM,MM,MM,1022.8,.5,14.7,.5,MM,-0.5,MM
2025,11,7,1,50,270,2.0,3.0,3.7,15,0.7,281,1022.7,.6,14.7,.6,MM,MM,MM
2025,11,7,1,40,270,2.0,3.0,MM,MM,MM,MM,1022.6,.6,14.8,.6,MM,MM,MM
2025,11,7,1,30,260,2.0,3.0,MM,MM,MM,MM,1022.8,.6,14.8,.6,MM,MM,MM
2025,11,7,1,20,260,2.0,4.0,3.2,15,9.9,286,1022.8,.6,14.7,.6,MM,MM,MM
2025,11,7,1,10,260,2.0,3.0,MM,MM,MM,MM,1022.7,.6,14.7,.6,MM,MM,MM
2025,11,7,1,0,260,2.0,4.0,MM,MM,MM,MM,1022.7,.7,14.8,.7,MM,-0.3,MM
2025,11,7,0,50,260,2.0,4.0,3.4,15,0.1,274,1022.7,.7,14.7,.7,MM,MM,MM
2025,11,7,0,40,250,2.0,3.0,3.4,MM,0.1,274,1022.8,.7,14.7,.7,MM,MM,MM
2025,11,7,0,30,240,2.0,4.0,MM,MM,MM,MM,1022.8,.7,14.7,.7,MM,MM,MM
2025,11,7,0,20,240,2.0,3.0,3.0,16,9.9,280,1022.8,.8,14.7,.8,MM,MM,MM
2025,11,7,0,10,250,2.0,4.0,3.0,MM,9.9,280,1022.9,.8,14.8,.8,MM,MM,MM
2025,11,7,0,0,250,3.0,4.0,MM,MM,MM,MM,1022.9,.8,14.8,.8,MM,-0.5,MM
2025,11,6,23,50,250,3.0,4.0,3.6,15,0.4,275,1023.0,.8,MM,.8,MM,MM,MM
2025,11,6,23,40,240,3.0,4.0,3.6,MM,0.4,275,1023.0,.8,14.7,.8,MM,MM,MM
2025,11,6,23,30,230,2.0,4.0,MM,MM,MM,MM,1023.1,.8,14.8,.7,MM,MM,MM
2025,11,6,23,20,240,3.0,4.0,3.3,16,0.6,278,1023.2,.8,14.7,.8,MM,MM,MM
2025,11,6,23,10,240,2.0,4.0,3.3,MM,0.6,278,1023.3,.9,14.7,.9,MM,MM,MM
2025,11,6,23,0,230,2.0,4.0,MM,MM,MM,MM,1023.3,.9,14.6,.9,MM,-0.5,MM
2025,11,6,22,50,230,2.0,3.0,3.7,16,0.8,280,1023.2,.9,14.7,.9,MM,MM,MM
2025,11,6,22,40,230,2.0,4.0,MM,MM,MM,MM,1023.2,.9,14.7,.9,MM,MM,MM
2025,11,6,22,30,220,2.0,3.0,MM,MM,MM,MM,1023.1,.8,14.7,.8,MM,MM,MM
2025,11,6,22,20,210,2.0,3.0,3.5,15,0.4,272,1023.2,.8,14.6,.8,MM,MM,MM
2025,11,6,22,10,190,2.0,3.0,MM,MM,MM,MM,1023.0,.8,14.5,.8,MM,MM,MM
2025,11,6,22,0,180,2.0,3.0,MM,MM,MM,MM,1023.0,.7,14.5,.7,MM,-1.4,MM
2025,11,6,21,50,170,2.0,3.0,3.4,16,0.4,277,1023.1,.7,14.5,.7,MM,MM,MM
2025,11,6,21,40,170,1.0,2.0,3.4,MM,0.4,277,1023.2,.7,14.6,.7,MM,MM,MM
2025,11,6,21,30,170,1.0,3.0,MM,MM,MM,MM,1023.2,.8,14.5,.8,MM,MM,MM
2025,11,6,21,20,170,1.0,3.0,3.3,16,0.4,280,1023.3,.8,14.5,.8,MM,MM,MM
2025,11,6,21,10,MM,0.0,3.0,3.3,MM,0.4,280,1023.4,.9,14.5,.9,MM,MM,MM
2025,11,6,21,0,MM,0.0,2.0,MM,MM,MM,MM,1023.5,.9,14.5,.9,MM,-1.0,MM
2025,11,6,20,50,200,1.0,2.0,3.5,16,0.4,270,1023.6,.8,14.6,.8,MM,MM,MM
2025,11,6,20,40,190,1.0,2.0,MM,MM,MM,MM,1023.8,.8,14.5,.8,MM,MM,MM
2025,11,6,20,30,180,1.0,3.0,MM,MM,MM,MM,1023.7,.8,14.6,.8,MM,MM,MM
2025,11,6,20,20,160,2.0,3.0,3.6,16,0.9,279,1023.8,.8,14.5,.7,MM,MM,MM
2025,11,6,20,10,170,2.0,3.0,3.6,MM,0.9,279,1023.8,.8,14.5,.7,MM,MM,MM
2025,11,6,20,0,140,2.0,4.0,MM,MM,MM,MM,1023.8,.9,14.5,.8,MM,-0.6,MM
2025,11,6,19,50,150,2.0,4.0,3.9,16,1.2,274,1023.8,.9,14.4,.8,MM,MM,MM
2025,11,6,19,40,150,2.0,4.0,3.9,MM,1.2,274,1024.0,.0,14.4,.9,MM,MM,MM
2025,11,6,19,30,120,1.0,3.0,MM,MM,MM,MM,1024.2,.9,14.4,.8,MM,MM,MM
2025,11,6,19,20,160,2.0,4.0,4.1,MM,1.1,283,1024.7,.9,14.4,.8,MM,MM,MM
2025,11,6,19,10,160,2.0,4.0,4.1,MM,1.1,283,1024.5,.0,14.3,.9,MM,MM,MM
2025,11,6,19,0,150,2.0,4.0,MM,MM,MM,MM,1024.3,.0,14.3,.9,MM,+0.8,MM
2025,11,6,18,50,160,2.0,4.0,3.6,15,0.5,287,1024.4,.0,14.3,.9,MM,MM,MM
2025,11,6,18,40,150,3.0,4.0,MM,MM,MM,MM,1024.3,.2,14.3,.1,MM,MM,MM
2025,11,6,18,30,150,2.0,4.0,MM,MM,MM,MM,1024.3,.2,14.3,.1,MM,MM,MM
2025,11,6,18,20,200,1.0,2.0,3.9,16,0.5,283,1024.4,.2,14.3,.1,MM,MM,MM
2025,11,6,18,10,180,2.0,3.0,3.9,MM,0.5,283,1024.5,.2,14.3,.0,MM,MM,MM
2025,11,6,18,0,190,2.0,3.0,MM,MM,MM,MM,1024.4,.3,14.3,.2,MM,+0.9,MM
2025,11,6,17,50,170,2.0,4.0,4.0,15,0.8,283,1024.3,.2,14.3,.1,MM,MM,MM
2025,11,6,17,40,170,2.0,3.0,4.0,MM,0.8,283,1024.4,.2,14.3,.1,MM,MM,MM
2025,11,6,17,30,160,2.0,4.0,MM,MM,MM,MM,1024.2,.2,14.2,.1,MM,MM,MM
2025,11,6,17,20,140,2.0,4.0,4.3,16,1.0,278,1024.1,.1,14.2,.9,MM,MM,MM
2025,11,6,17,10,140,2.0,3.0,4.3,MM,1.0,278,1024.3,.2,14.2,.1,MM,MM,MM
2025,11,6,17,0,150,2.0,4.0,MM,MM,MM,MM,1024.4,.2,14.2,.1,MM,+0.9,MM
2025,11,6,16,50,150,2.0,4.0,4.6,15,1.2,280,1024.2,.2,14.2,.0,MM,MM,MM
2025,11,6,16,40,150,3.0,5.0,4.6,MM,1.2,280,1024.1,.2,14.2,.1,MM,MM,MM
2025,11,6,16,30,160,3.0,5.0,MM,MM,MM,MM,1023.9,.2,14.2,.0,MM,MM,MM
2025,11,6,16,20,170,3.0,5.0,4.2,16,0.8,285,1023.8,.2,14.2,.1,MM,MM,MM
2025,11,6,16,10,180,3.0,4.0,4.2,MM,0.8,285,1023.7,.2,14.2,.0,MM,MM,MM
2025,11,6,16,0,170,3.0,4.0,MM,MM,MM,MM,1023.6,.3,14.2,.2,MM,+0.4,MM
2025,11,6,15,50,170,2.0,4.0,4.6,13,0.8,280,1023.5,.3,14.2,.2,MM,MM,MM
2025,11,6,15,40,180,3.0,4.0,4.6,MM,0.8,280,1023.4,.3,14.2,.1,MM,MM,MM
2025,11,6,15,30,180,2.0,4.0,MM,MM,MM,MM,1023.5,.2,14.2,.1,MM,MM,MM
2025,11,6,15,20,180,2.0,3.0,4.5,14,0.8,278,1023.5,.3,14.2,.2,MM,MM,MM
2025,11,6,15,10,170,2.0,3.0,4.5,MM,0.8,278,1023.4,.2,14.2,.0,MM,MM,MM
2025,11,6,15,0,160,2.0,4.0,MM,MM,MM,MM,1023.5,.2,14.2,.0,MM,+0.7,MM
2025,11,6,14,50,160,2.0,4.0,4.0,13,0.0,277,1023.4,.2,14.2,.0,MM,MM,MM
2025,11,6,14,40,150,2.0,4.0,MM,MM,MM,MM,1023.2,.2,14.2,.0,MM,MM,MM
2025,11,6,14,30,150,2.0,4.0,MM,MM,MM,MM,1023.3,.2,14.2,.0,MM,MM,MM
2025,11,6,14,20,150,2.0,4.0,4.1,12,9.9,286,1023.4,.2,14.2,.0,MM,MM,MM
2025,11,6,14,10,150,2.0,4.0,4.1,MM,9.9,286,1023.3,.2,14.2,.0,MM,MM,MM
2025,11,6,14,0,140,2.0,4.0,MM,MM,MM,MM,1023.4,.3,14.2,.1,MM,+0.5,MM
2025,11,6,13,50,130,2.0,4.0,4.0,14,9.8,278,1023.3,.3,14.2,.1,MM,MM,MM
2025,11,6,13,40,140,2.0,4.0,MM,MM,MM,MM,1023.3,.4,14.2,.2,MM,MM,MM
2025,11,6,13,30,150,2.0,3.0,MM,MM,MM,MM,1023.3,.4,14.2,.2,MM,MM,MM
2025,11,6,13,20,160,2.0,3.0,3.4,13,8.9,287,1023.2,.5,14.2,.3,MM,MM,MM
2025,11,6,13,10,160,2.0,4.0,3.4,MM,8.9,287,1023.2,.5,14.2,.3,MM,MM,MM
2025,11,6,13,0,170,2.0,3.0,MM,MM,MM,MM,1023.1,.6,14.2,.4,MM,-0.0,MM
2025,11,6,12,50,180,2.0,3.0,3.3,12,8.9,286,1023.1,.6,14.1,.4,MM,MM,MM
2025,11,6,12,40,180,2.0,3.0,MM,MM,MM,MM,1023.0,.6,14.0,.4,MM,MM,MM
2025,11,6,12,30,190,2.0,3.0,MM,MM,MM,MM,1023.0,.6,14.0,.4,MM,MM,MM
2025,11,6,12,20,180,2.0,3.0,3.5,12,9.0,286,1023.0,.7,14.0,.4,MM,MM,MM
2025,11,6,12,10,200,2.0,4.0,3.5,MM,9.0,286,1022.9,.7,14.1,.5,MM,MM,MM
2025,11,6,12,0,200,3.0,4.0,MM,MM,MM,MM,1022.8,.7,14.1,.4,MM,+0.0,MM
2025,11,6,11,50,210,3.0,5.0,3.2,13,8.4,283,1022.8,.7,14.1,.4,MM,MM,MM
2025,11,6,11,40,210,4.0,5.0,3.2,MM,8.4,283,1022.8,.9,14.1,.6,MM,MM,MM
2025,11,6,11,30,210,4.0,5.0,MM,MM,MM,MM,1022.8,.9,14.1,.6,MM,MM,MM
2025,11,6,11,20,220,4.0,5.0,3.2,12,8.3,283,1022.9,.9,14.1,.6,MM,MM,MM
2025,11,6,11,10,210,4.0,5.0,MM,MM,MM,MM,1022.9,.0,14.0,.7,MM,MM,MM
2025,11,6,11,0,200,4.0,5.0,MM,MM,MM,MM,1022.9,.0,14.0,.7,MM,+0.0,MM
2025,11,6,10,50,190,4.0,5.0,3.4,13,8.5,285,1023.0,.1,14.0,.8,MM,MM,MM
2025,11,6,10,40,190,4.0,5.0,MM,MM,MM,MM,1023.0,.2,13.9,.9,MM,MM,MM
2025,11,6,10,30,190,5.0,7.0,MM,MM,MM,MM,1023.1,.2,13.9,.9,MM,MM,MM
2025,11,6,10,20,190,5.0,7.0,3.2,12,8.3,288,1023.2,.2,13.9,.8,MM,MM,MM
2025,11,6,10,10,190,6.0,7.0,3.2,MM,8.3,288,1023.1,.2,13.9,.8,MM,MM,MM
2025,11,6,10,0,190,6.0,7.0,MM,MM,MM,MM,1023.0,.2,MM,.8,MM,+0.4,MM
2025,11,6,9,50,190,5.0,7.0,3.0,12,8.2,284,1023.0,.3,13.9,.9,MM,MM,MM
2025,11,6,9,40,190,5.0,7.0,MM,MM,MM,MM,1022.9,.2,13.9,.8,MM,MM,MM
2025,11,6,9,30,180,4.0,6.0,MM,MM,MM,MM,1022.9,.2,13.9,.8,MM,MM,MM
2025,11,6,9,20,180,5.0,6.0,2.9,12,7.8,287,1023.0,.2,13.9,.8,MM,MM,MM
2025,11,6,9,10,180,5.0,7.0,2.9,MM,7.8,287,1023.0,.2,13.9,.9,MM,MM,MM
2025,11,6,9,0,180,4.0,5.0,MM,MM,MM,MM,1023.0,.1,13.8,.8,MM,+0.6,MM
2025,11,6,8,50,170,4.0,6.0,3.3,11,8.4,282,1023.1,.1,13.8,.8,MM,MM,MM
2025,11,6,8,40,160,4.0,5.0,MM,MM,MM,MM,1023.1,.1,13.8,.8,MM,MM,MM
2025,11,6,8,30,170,4.0,5.0,MM,MM,MM,MM,1023.1,.2,13.8,.9,MM,MM,MM
2025,11,6,8,20,170,4.0,6.0,3.2,11,8.2,274,1023.0,.2,13.8,.9,MM,MM,MM
2025,11,6,8,10,170,5.0,6.0,MM,MM,MM,MM,1023.0,.3,13.8,.0,MM,MM,MM
2025,11,6,8,0,170,6.0,7.0,MM,MM,MM,MM,1023.0,.3,13.8,.9,MM,+0.9,MM
2025,11,6,7,50,170,5.0,7.0,3.1,13,7.8,285,1023.0,.4,13.8,.0,MM,MM,MM
2025,11,6,7,40,170,5.0,7.0,3.1,MM,7.8,285,1022.9,.5,13.8,.1,MM,MM,MM
2025,11,6,7,30,170,5.0,6.0,MM,MM,MM,MM,1022.9,.5,13.8,.0,MM,MM,MM
2025,11,6,7,20,170,5.0,7.0,3.3,11,7.9,273,1022.9,.5,13.7,.0,MM,MM,MM
2025,11,6,7,10,170,6.0,7.0,3.3,MM,7.9,273,1022.8,.6,13.7,.1,MM,MM,MM
2025,11,6,7,0,170,6.0,7.0,MM,MM,MM,MM,1022.7,.6,13.7,.1,MM,+1.0,MM
2025,11,6,6,50,170,6.0,8.0,3.0,13,7.5,280,1022.7,.6,13.8,.0,MM,MM,MM
2025,11,6,6,40,170,6.0,8.0,3.0,MM,7.5,280,1022.5,.6,13.7,.0,MM,MM,MM
2025,11,6,6,30,170,7.0,8.0,MM,MM,MM,MM,1022.6,.6,13.7,.0,MM,MM,MM
2025,11,6,6,20,170,7.0,8.0,3.1,13,7.5,280,1022.5,.6,13.7,.0,MM,MM,MM
2025,11,6,6,10,170,7.0,8.0,3.1,MM,7.5,280,1022.5,.6,13.6,.1,MM,MM,MM
2025,11,6,6,0,170,6.0,8.0,MM,MM,MM,MM,1022.4,.6,13.6,.1,MM,+1.4,MM
2025,11,6,5,50,170,7.0,8.0,3.2,12,7.6,281,1022.3,.7,13.6,.1,MM,MM,MM
2025,11,6,5,40,160,7.0,8.0,MM,MM,MM,MM,1022.2,.7,13.6,.1,MM,MM,MM
2025,11,6,5,30,170,7.0,9.0,MM,MM,MM,MM,1022.2,.7,13.6,.1,MM,MM,MM
2025,11,6,5,20,160,7.0,9.0,3.2,12,7.7,291,1022.1,.7,13.6,.1,MM,MM,MM
2025,11,6,5,10,160,6.0,8.0,3.2,MM,7.7,291,1022.2,.7,13.7,.1,MM,MM,MM
2025,11,6,5,0,160,6.0,8.0,MM,MM,MM,MM,1022.1,.7,13.7,.0,MM,+1.5,MM
2025,11,6,4,50,160,7.0,9.0,3.2,11,7.5,288,1022.1,.8,13.7,.2,MM,MM,MM
2025,11,6,4,40,160,7.0,9.0,MM,MM,MM,MM,1021.9,.8,13.7,.2,MM,MM,MM
2025,11,6,4,30,160,7.0,9.0,MM,MM,MM,MM,1021.9,.8,13.7,.2,MM,MM,MM
2025,11,6,4,20,160,8.0,9.0,3.3,13,7.6,296,1021.8,.8,13.8,.2,MM,MM,MM
2025,11,6,4,10,160,7.0,9.0,3.3,MM,7.6,296,1021.7,.8,13.8,.2,MM,MM,MM
2025,11,6,4,0,160,7.0,9.0,MM,MM,MM,MM,1021.7,.8,13.8,.2,MM,+1.6,MM
2025,11,6,3,50,160,8.0,9.0,3.2,11,7.3,282,1021.5,.8,13.8,.2,MM,MM,MM
2025,11,6,3,40,160,7.0,9.0,MM,MM,MM,MM,1021.4,.8,13.8,.1,MM,MM,MM
2025,11,6,3,30,160,8.0,0.0,MM,MM,MM,MM,1021.1,.9,13.8,.2,MM,MM,MM
2025,11,6,3,20,160,8.0,0.0,3.1,11,7.4,284,1021.1,.9,13.8,.2,MM,MM,MM
2025,11,6,3,10,160,8.0,0.0,3.1,MM,7.4,284,1021.1,.9,13.8,.2,MM,MM,MM
2025,11,6,3,0,160,7.0,9.0,MM,MM,MM,MM,1021.0,.9,13.8,.2,MM,+1.5,MM
2025,11,6,2,50,160,7.0,9.0,3.2,14,7.5,287,1021.0,.9,13.9,.2,MM,MM,MM
2025,11,6,2,40,160,8.0,1.0,MM,MM,MM,MM,1020.9,.9,13.9,.2,MM,MM,MM
2025,11,6,2,30,160,8.0,0.0,MM,MM,MM,MM,1020.8,.9,13.9,.2,MM,MM,MM
2025,11,6,2,20,160,7.0,9.0,3.0,12,7.1,278,1020.8,.9,13.9,.2,MM,MM,MM
2025,11,6,2,10,160,7.0,9.0,3.0,MM,7.1,278,1020.7,.9,13.9,.2,MM,MM,MM
2025,11,6,2,0,160,7.0,8.0,MM,MM,MM,MM,1020.6,.9,13.9,.2,MM,+1.6,MM
2025,11,6,1,50,170,7.0,0.0,3.1,11,7.2,266,1020.5,.0,13.9,.3,MM,MM,MM
2025,11,6,1,40,170,8.0,0.0,MM,MM,MM,MM,1020.3,.0,14.0,.3,MM,MM,MM
2025,11,6,1,30,160,8.0,9.0,MM,MM,MM,MM,1020.3,.9,14.0,.2,MM,MM,MM
2025,11,6,1,20,160,8.0,1.0,3.0,11,7.0,268,1020.1,.0,14.0,.3,MM,MM,MM
2025,11,6,1,10,170,9.0,1.0,3.0,MM,7.0,268,1020.0,.1,14.0,.4,MM,MM,MM
2025,11,6,1,0,170,8.0,0.0,MM,MM,MM,MM,1020.0,.0,14.1,.3,MM,+1.2,MM
2025,11,6,0,50,160,8.0,9.0,3.0,11,7.0,265,1020.0,.9,14.1,.2,MM,MM,MM
2025,11,6,0,40,160,8.0,0.0,3.0,MM,7.0,265,1019.9,.9,14.1,.2,MM,MM,MM
2025,11,6,0,30,160,8.0,1.0,MM,MM,MM,MM,1019.7,.9,13.1,.2,MM,MM,MM
2025,11,6,0,20,160,8.0,0.0,3.1,11,7.2,255,1019.6,.9,13.1,.2,MM,MM,MM
2025,11,6,0,10,160,8.0,0.0,3.1,MM,7.2,255,1019.7,.9,13.1,.1,MM,MM,MM
2025,11,6,0,0,160,8.0,0.0,MM,MM,MM,MM,1019.6,.9,13.1,.1,MM,+1.1,MM
2025,11,5,23,50,170,8.0,0.0,3.1,11,6.9,278,1019.6,.0,13.1,.2,MM,MM,MM
2025,11,5,23,40,170,9.0,1.0,MM,MM,MM,MM,1019.4,.0,13.1,.2,MM,MM,MM
2025,11,5,23,30,170,9.0,0.0,MM,MM,MM,MM,1019.3,.0,13.1,.2,MM,MM,MM
2025,11,5,23,20,170,9.0,2.0,3.1,8,6.8,199,1019.3,.0,13.1,.1,MM,MM,MM
2025,11,5,23,10,170,9.0,2.0,3.1,MM,6.8,199,1019.2,.9,13.1,.0,MM,MM,MM
2025,11,5,23,0,160,8.0,1.0,MM,MM,MM,MM,1019.1,.9,13.1,.0,MM,-0.0,MM
2025,11,5,22,50,160,9.0,2.0,3.2,8,6.8,155,1019.1,.0,13.1,.1,MM,MM,MM
2025,11,5,22,40,170,9.0,2.0,3.2,MM,6.8,155,1019.1,.0,13.1,.1,MM,MM,MM
2025,11,5,22,30,170,9.0,1.0,MM,MM,MM,MM,1019.1,.0,13.1,.1,MM,MM,MM
2025,11,5,22,20,170,9.0,1.0,3.2,8,6.8,175,1018.9,.0,13.1,.1,MM,MM,MM
2025,11,5,22,10,170,8.0,0.0,3.2,MM,6.8,175,1018.9,.0,13.1,.1,MM,MM,MM
2025,11,5,22,0,170,9.0,2.0,MM,MM,MM,MM,1018.8,.0,13.1,.2,MM,+0.3,MM
2025,11,5,21,50,170,9.0,1.0,3.0,8,6.6,182,1018.6,.0,13.1,.1,MM,MM,MM
2025,11,5,21,40,170,9.0,1.0,MM,MM,MM,MM,1018.6,.0,13.1,.3,MM,MM,MM
2025,11,5,21,30,170,9.0,1.0,MM,MM,MM,MM,1018.5,.0,13.1,.3,MM,MM,MM
2025,11,5,21,20,170,9.0,1.0,3.2,8,6.7,177,1018.4,.9,13.1,.2,MM,MM,MM
2025,11,5,21,10,170,9.0,1.0,3.2,MM,6.7,177,1018.4,.0,13.1,.2,MM,MM,MM
2025,11,5,21,0,170,9.0,2.0,MM,MM,MM,MM,1018.3,.0,MM,.2,MM,+1.0,MM
2025,11,5,20,50,170,0.0,3.0,3.3,8,6.7,169,1018.2,.0,13.1,.2,MM,MM,MM
2025,11,5,20,40,180,9.0,3.0,MM,MM,MM,MM,1018.3,.0,13.1,.1,MM,MM,MM
2025,11,5,20,30,180,8.0,0.0,MM,MM,MM,MM,1018.6,.0,13.1,.1,MM,MM,MM
2025,11,5,20,20,170,0.0,4.0,3.6,8,6.8,182,1018.6,.1,13.1,.2,MM,MM,MM
2025,11,5,20,10,180,9.0,2.0,3.6,MM,6.8,182,1018.7,.1,13.1,.2,MM,MM,MM
2025,11,5,20,0,170,0.0,4.0,MM,MM,MM,MM,1018.7,.1,13.1,.2,MM,+2.5,MM
2025,11,5,19,50,170,1.0,4.0,3.7,8,6.8,177,1018.5,.1,13.1,.2,MM,MM,MM
2025,11,5,19,40,170,1.0,5.0,MM,MM,MM,MM,1018.2,.1,13.1,.2,MM,MM,MM
2025,11,5,19,30,180,0.0,4.0,MM,MM,MM,MM,1018.2,.0,13.1,.1,MM,MM,MM
2025,11,5,19,20,180,0.0,4.0,3.4,8,6.5,178,1018.7,.0,13.1,.1,MM,MM,MM
2025,11,5,19,10,170,2.0,5.0,3.4,MM,6.5,178,1018.2,.1,13.1,.1,MM,MM,MM
2025,11,5,19,0,170,2.0,6.0,MM,MM,MM,MM,1018.2,.2,13.1,.2,MM,+3.4,MM
2025,11,5,18,50,180,1.0,4.0,4.1,8,6.9,182,1018.1,.0,13.1,.0,MM,MM,MM
2025,11,5,18,40,180,0.0,5.0,MM,MM,MM,MM,1018.0,.0,13.1,.0,MM,MM,MM
2025,11,5,18,30,190,0.0,5.0,MM,MM,MM,MM,1018.1,.0,13.2,.0,MM,MM,MM
2025,11,5,18,20,180,2.0,5.0,3.9,8,6.8,188,1017.7,.1,13.1,.1,MM,MM,MM
2025,11,5,18,10,180,2.0,5.0,3.9,MM,6.8,188,1017.4,.0,13.1,.0,MM,MM,MM
2025,11,5,18,0,180,1.0,7.0,MM,MM,MM,MM,1017.2,.2,13.2,.2,MM,+3.2,MM
2025,11,5,17,50,180,3.0,8.0,MM,MM,MM,MM,1016.9,.1,13.2,.1,MM,MM,MM
2025,11,5,17,40,180,3.0,6.0,MM,MM,MM,MM,1016.7,.0,13.2,.0,MM,MM,MM
2025,11,5,17,30,170,3.0,7.0,MM,MM,MM,MM,1016.6,.1,13.3,.1,MM,MM,MM
2025,11,5,17,20,170,3.0,6.0,3.9,8,6.6,180,1016.4,.0,13.3,.0,MM,MM,MM
2025,11,5,17,10,170,3.0,6.0,3.9,MM,6.6,180,1016.2,.0,13.3,.0,MM,MM,MM
2025,11,5,17,0,170,3.0,6.0,MM,MM,MM,MM,1016.0,.0,13.3,.0,MM,+2.9,MM
2025,11,5,16,50,170,3.0,7.0,3.9,8,6.7,188,1016.0,.1,13.4,.1,MM,MM,MM
2025,11,5,16,40,170,4.0,7.0,3.9,MM,6.7,188,1016.1,.1,13.4,.1,MM,MM,MM
2025,11,5,16,30,170,3.0,7.0,MM,MM,MM,MM,1015.7,.0,13.4,.0,MM,MM,MM
2025,11,5,16,20,170,3.0,7.0,4.1,8,6.7,179,1015.4,.0,13.4,.0,MM,MM,MM
2025,11,5,16,10,170,3.0,8.0,4.1,MM,6.7,179,1015.2,.9,13.4,.9,MM,MM,MM
2025,11,5,16,0,170,2.0,6.0,MM,MM,MM,MM,1014.9,.8,13.4,.9,MM,+2.8,MM
2025,11,5,15,50,170,3.0,6.0,4.0,8,6.6,170,1014.8,.8,13.4,.9,MM,MM,MM
2025,11,5,15,40,170,4.0,7.0,MM,MM,MM,MM,1014.5,.8,13.4,.8,MM,MM,MM
2025,11,5,15,30,170,4.0,8.0,MM,MM,MM,MM,1014.1,.9,13.5,.9,MM,MM,MM
2025,11,5,15,20,170,5.0,8.0,4.0,8,6.6,170,1014.0,.8,13.5,.8,MM,MM,MM
2025,11,5,15,10,170,4.0,9.0,MM,MM,MM,MM,1013.8,.8,13.5,.8,MM,MM,MM
2025,11,5,15,0,170,5.0,9.0,MM,MM,MM,MM,1013.7,.8,13.5,.8,MM,MM,MM
2025,11,5,14,50,170,5.0,9.0,3.6,8,6.3,168,1013.1,.8,13.4,.8,MM,MM,MM
2025,11,5,14,40,160,6.0,0.0,MM,MM,MM,MM,1012.9,.7,13.5,.7,MM,MM,MM
2025,11,5,14,30,160,6.0,1.0,MM,MM,MM,MM,1012.9,.6,13.4,.6,MM,MM,MM
2025,11,5,14,20,170,5.0,9.0,3.5,8,6.1,175,1012.7,.4,13.4,.5,MM,MM,MM
2025,11,5,14,10,170,7.0,0.0,3.5,MM,6.1,175,1012.6,.3,13.3,.4,MM,MM,MM
2025,11,5,14,0,160,5.0,9.0,MM,MM,MM,MM,1012.9,.4,13.3,.4,MM,+0.7,MM
2025,11,5,13,50,160,6.0,1.0,4.0,7,6.5,172,1012.5,.4,13.4,.4,MM,MM,MM
2025,11,5,13,40,170,6.0,0.0,4.0,MM,6.5,172,1012.4,.4,13.4,.4,MM,MM,MM
2025,11,5,13,30,160,5.0,0.0,MM,MM,MM,MM,1012.4,.4,13.4,.4,MM,MM,MM
2025,11,5,13,20,160,6.0,0.0,3.7,8,6.2,172,1012.4,.5,13.4,.4,MM,MM,MM
2025,11,5,13,10,160,6.0,0.0,3.7,MM,6.2,172,1012.1,.6,13.4,.4,MM,MM,MM
2025,11,5,13,0,160,6.0,0.0,MM,MM,MM,MM,1011.8,.7,13.4,.4,MM,-0.9,MM
2025,11,5,12,50,160,7.0,1.0,3.7,8,6.3,161,1011.9,.9,13.3,.5,MM,MM,MM
2025,11,5,12,40,160,7.0,1.0,3.7,MM,6.3,161,1011.9,.9,12.7,.4,MM,MM,MM
2025,11,5,12,30,160,6.0,2.0,MM,MM,MM,MM,1012.0,.9,12.8,.4,MM,MM,MM
2025,11,5,12,20,160,6.0,1.0,3.2,7,5.9,166,1012.1,.7,12.9,.3,MM,MM,MM
2025,11,5,12,10,160,6.0,0.0,3.2,MM,5.9,166,1012.1,.7,12.8,.3,MM,MM,MM
2025,11,5,12,0,160,5.0,0.0,MM,MM,MM,MM,1012.3,.7,12.9,.4,MM,-1.1,MM
2025,11,5,11,50,160,6.0,0.0,3.4,7,6.1,175,1012.3,.9,MM,.5,MM,MM,MM
2025,11,5,11,40,160,5.0,9.0,MM,MM,MM,MM,1012.1,.9,12.9,.4,MM,MM,MM
2025,11,5,11,30,160,5.0,9.0,MM,MM,MM,MM,1012.2,.9,13.0,.4,MM,MM,MM
2025,11,5,11,20,160,4.0,9.0,3.0,7,5.9,175,1012.3,.9,13.0,.4,MM,MM,MM
2025,11,5,11,10,160,5.0,9.0,3.0,MM,5.9,175,1012.4,.0,13.1,.4,MM,MM,MM
2025,11,5,11,0,160,5.0,9.0,MM,MM,MM,MM,1012.7,.0,13.1,.4,MM,-1.7,MM
2025,11,5,10,50,160,5.0,9.0,2.7,7,5.6,176,1013.1,.0,13.2,.4,MM,MM,MM
2025,11,5,10,40,160,5.0,0.0,2.7,MM,5.6,176,1013.3,.0,13.3,.4,MM,MM,MM
2025,11,5,10,30,160,4.0,8.0,MM,MM,MM,MM,1013.0,.0,13.3,.4,MM,MM,MM
2025,11,5,10,20,160,4.0,8.0,2.6,6,5.7,185,1013.1,.0,13.3,.3,MM,MM,MM
2025,11,5,10,10,160,4.0,8.0,2.6,MM,5.7,185,1013.4,.0,13.4,.4,MM,MM,MM
2025,11,5,10,0,160,4.0,6.0,MM,MM,MM,MM,1013.3,.9,13.5,.4,MM,-0.4,MM
2025,11,5,9,50,160,4.0,7.0,2.4,6,5.3,168,1013.3,.7,13.5,.3,MM,MM,MM
2025,11,5,9,40,160,5.0,8.0,2.4,MM,5.3,168,1013.5,.8,13.5,.3,MM,MM,MM
2025,11,5,9,30,160,4.0,8.0,MM,MM,MM,MM,1013.6,.9,13.6,.2,MM,MM,MM
2025,11,5,9,20,160,4.0,8.0,2.4,6,5.3,170,1013.6,.0,13.6,.3,MM,MM,MM
2025,11,5,9,10,160,4.0,8.0,2.4,MM,5.3,170,1013.5,.0,13.6,.4,MM,MM,MM
2025,11,5,9,0,160,4.0,7.0,MM,MM,MM,MM,1013.7,.9,13.6,.4,MM,-0.7,MM
2025,11,5,8,50,160,3.0,6.0,2.2,6,5.1,173,1013.9,.8,13.6,.4,MM,MM,MM
2025,11,5,8,40,160,3.0,6.0,2.2,MM,5.1,173,1014.1,.8,13.6,.4,MM,MM,MM
2025,11,5,8,30,160,2.0,4.0,MM,MM,MM,MM,1013.9,.7,13.6,.4,MM,MM,MM
2025,11,5,8,20,160,2.0,5.0,2.2,6,5.4,176,1013.9,.5,13.6,.2,MM,MM,MM
2025,11,5,8,10,160,2.0,5.0,2.2,MM,5.4,176,1014.0,.5,13.6,.3,MM,MM,MM
2025,11,5,8,0,170,2.0,5.0,MM,MM,MM,MM,1014.4,.5,13.6,.3,MM,-0.0,MM
2025,11,5,7,50,160,1.0,5.0,2.1,5,5.2,179,1014.6,.5,13.6,.4,MM,MM,MM
2025,11,5,7,40,160,2.0,5.0,MM,MM,MM,MM,1014.0,.5,13.6,.4,MM,MM,MM
2025,11,5,7,30,160,2.0,4.0,MM,MM,MM,MM,1014.2,.3,13.6,.3,MM,MM,MM
2025,11,5,7,20,160,2.0,4.0,2.0,14,5.4,256,1013.8,.2,13.6,.3,MM,MM,MM
2025,11,5,7,10,160,2.0,5.0,MM,MM,MM,MM,1013.7,.2,13.6,.4,MM,MM,MM
2025,11,5,7,0,160,2.0,4.0,MM,MM,MM,MM,1013.7,.1,13.7,.3,MM,-1.3,MM
2025,11,5,6,50,160,0.0,3.0,1.8,14,5.3,310,1014.4,.1,13.7,.4,MM,MM,MM
2025,11,5,6,40,160,0.0,3.0,MM,MM,MM,MM,1014.4,.2,13.7,.5,MM,MM,MM
2025,11,5,6,30,150,0.0,3.0,MM,MM,MM,MM,1014.3,.1,13.7,.4,MM,MM,MM
2025,11,5,6,20,150,1.0,4.0,1.9,MM,5.5,286,1014.7,.1,13.7,.4,MM,MM,MM
2025,11,5,6,10,150,0.0,3.0,1.9,MM,5.5,286,1014.4,.1,13.7,.4,MM,MM,MM
2025,11,5,6,0,150,0.0,2.0,MM,MM,MM,MM,1014.2,.1,13.7,.4,MM,+0.0,MM
2025,11,5,5,50,150,0.0,2.0,1.7,14,5.4,293,1014.2,.1,13.7,.5,MM,MM,MM
2025,11,5,5,40,150,0.0,2.0,MM,MM,MM,MM,1014.2,.2,13.7,.6,MM,MM,MM
2025,11,5,5,30,150,9.0,1.0,MM,MM,MM,MM,1014.5,.1,13.7,.5,MM,MM,MM
2025,11,5,5,20,150,0.0,1.0,1.9,13,5.7,271,1014.7,.0,13.8,.4,MM,MM,MM
2025,11,5,5,10,150,0.0,2.0,1.9,MM,5.7,271,1014.5,.0,13.8,.5,MM,MM,MM
2025,11,5,5,0,150,0.0,2.0,MM,MM,MM,MM,1014.4,.0,13.8,.5,MM,-1.1,MM
2025,11,5,4,50,150,0.0,2.0,1.9,14,6.1,275,1014.4,.0,13.8,.5,MM,MM,MM
2025,11,5,4,40,150,0.0,2.0,MM,MM,MM,MM,1014.5,.9,13.8,.4,MM,MM,MM
2025,11,5,4,30,150,9.0,2.0,MM,MM,MM,MM,1014.8,.9,13.8,.4,MM,MM,MM
2025,11,5,4,20,150,9.0,1.0,1.9,14,6.3,280,1014.8,.0,13.8,.5,MM,MM,MM
2025,11,5,4,10,150,9.0,1.0,1.9,MM,6.3,280,1014.9,.1,13.8,.6,MM,MM,MM
2025,11,5,4,0,150,8.0,0.0,MM,MM,MM,MM,1015.0,.1,13.8,.6,MM,-0.0,MM
2025,11,5,3,50,160,8.0,0.0,1.9,13,6.5,290,1015.0,.2,13.9,.7,MM,MM,MM
2025,11,5,3,40,160,8.0,0.0,MM,MM,MM,MM,1015.1,.4,13.9,.8,MM,MM,MM
2025,11,5,3,30,170,7.0,9.0,MM,MM,MM,MM,1015.5,.6,13.9,.0,MM,MM,MM
2025,11,5,3,20,160,7.0,9.0,1.9,12,6.8,296,1015.2,.6,13.9,.0,MM,MM,MM
2025,11,5,3,10,160,8.0,9.0,1.9,MM,6.8,296,1014.9,.7,13.9,.1,MM,MM,MM
2025,11,5,3,0,150,8.0,9.0,MM,MM,MM,MM,1014.4,.7,13.9,.0,MM,-1.4,MM
2025,11,5,2,50,150,8.0,9.0,1.7,13,6.4,284,1014.4,.9,13.9,.2,MM,MM,MM
2025,11,5,2,40,150,8.0,9.0,MM,MM,MM,MM,1014.5,.9,13.9,.2,MM,MM,MM
2025,11,5,2,30,150,8.0,0.0,MM,MM,MM,MM,1014.7,.0,13.9,.2,MM,MM,MM
2025,11,5,2,20,150,8.0,9.0,1.8,12,7.8,291,1014.8,.1,13.9,.3,MM,MM,MM
2025,11,5,2,10,160,7.0,9.0,1.8,MM,7.8,291,1015.1,.2,13.8,.3,MM,MM,MM
2025,11,5,2,0,160,6.0,8.0,MM,MM,MM,MM,1015.6,.2,13.8,.3,MM,-0.5,MM
2025,11,5,1,50,170,6.0,7.0,1.9,12,7.8,293,1015.8,.2,13.8,.3,MM,MM,MM
2025,11,5,1,40,170,6.0,7.0,MM,MM,MM,MM,1015.7,.2,13.8,.3,MM,MM,MM
2025,11,5,1,30,170,6.0,7.0,MM,MM,MM,MM,1015.3,.2,13.8,.3,MM,MM,MM
2025,11,5,1,20,170,7.0,8.0,1.5,13,7.0,282,1015.3,.3,13.8,.4,MM,MM,MM
2025,11,5,1,10,170,6.0,7.0,1.5,MM,7.0,282,1015.3,.3,13.8,.4,MM,MM,MM
2025,11,5,1,0,160,6.0,7.0,MM,MM,MM,MM,1015.1,.3,13.8,.3,MM,-1.3,MM
2025,11,5,0,50,150,6.0,8.0,1.7,13,7.7,295,1014.9,.3,13.8,.4,MM,MM,MM
2025,11,5,0,40,150,5.0,7.0,1.7,MM,7.7,295,1015.0,.3,13.8,.4,MM,MM,MM
2025,11,5,0,30,160,5.0,6.0,MM,MM,MM,MM,1015.4,.2,13.8,.3,MM,MM,MM
2025,11,5,0,20,170,4.0,5.0,1.8,12,7.7,281,1015.6,.2,13.8,.2,MM,MM,MM
2025,11,5,0,10,160,5.0,6.0,MM,MM,MM,MM,1015.6,.3,13.8,.3,MM,MM,MM
2025,11,5,0,0,160,5.0,6.0,MM,MM,MM,MM,1015.8,.3,13.8,.2,MM,-1.0,MM
2025,11,4,23,50,150,5.0,6.0,MM,MM,MM,MM,1015.8,.4,13.8,.3,MM,MM,MM
2025,11,4,23,40,160,5.0,6.0,MM,MM,MM,MM,1015.9,.5,13.8,.4,MM,MM,MM
2025,11,4,23,30,160,5.0,6.0,MM,MM,MM,MM,1015.8,.5,13.8,.3,MM,MM,MM
2025,11,4,23,20,160,5.0,6.0,1.7,12,7.4,287,1015.9,.5,13.8,.3,MM,MM,MM
2025,11,4,23,10,160,5.0,6.0,1.7,MM,7.4,287,1015.9,.5,13.8,.2,MM,MM,MM
2025,11,4,23,0,160,5.0,6.0,MM,MM,MM,MM,1016.0,.6,13.8,.2,MM,-1.3,MM
2025,11,4,22,50,170,5.0,6.0,1.7,12,7.4,291,1016.1,.5,13.8,.2,MM,MM,MM
2025,11,4,22,40,160,5.0,6.0,1.7,MM,7.4,291,1016.1,.4,13.8,.1,MM,MM,MM
2025,11,4,22,30,160,5.0,6.0,MM,MM,MM,MM,1016.1,.4,13.8,.1,MM,MM,MM
2025,11,4,22,20,160,5.0,6.0,1.9,13,7.9,283,1016.2,.4,13.7,.1,MM,MM,MM
2025,11,4,22,10,160,4.0,5.0,1.9,MM,7.9,283,1016.3,.5,13.7,.1,MM,MM,MM
2025,11,4,22,0,170,5.0,6.0,MM,MM,MM,MM,1016.4,.7,13.7,.1,MM,-1.7,MM
2025,11,4,21,50,170,4.0,6.0,1.9,13,8.1,294,1016.5,.6,13.7,.0,MM,MM,MM
2025,11,4,21,40,180,4.0,5.0,MM,MM,MM,MM,1016.5,.5,13.7,.1,MM,MM,MM
2025,11,4,21,30,180,5.0,6.0,MM,MM,MM,MM,1016.7,.5,13.7,.0,MM,MM,MM
2025,11,4,21,20,180,5.0,6.0,1.9,14,8.0,289,1016.7,.4,13.7,.9,MM,MM,MM
2025,11,4,21,10,170,6.0,7.0,1.9,MM,8.0,289,1017.1,.4,MM,.8,MM,MM,MM
2025,11,4,21,0,180,5.0,6.0,MM,MM,MM,MM,1016.8,.5,13.7,.7,MM,-1.1,MM
2025,11,4,20,50,170,5.0,6.0,1.8,14,7.8,281,1016.9,.5,13.7,.7,MM,MM,MM
2025,11,4,20,40,170,5.0,6.0,1.8,MM,7.8,281,1017.0,.4,13.7,.5,MM,MM,MM
2025,11,4,20,30,160,5.0,6.0,MM,MM,MM,MM,1017.1,.4,13.7,.5,MM,MM,MM
2025,11,4,20,20,160,5.0,6.0,1.8,14,7.7,277,1017.2,.3,13.7,.4,MM,MM,MM
2025,11,4,20,10,160,5.0,6.0,1.8,MM,7.7,277,1017.3,.3,13.7,.5,MM,MM,MM
2025,11,4,20,0,150,5.0,6.0,MM,MM,MM,MM,1017.4,.2,13.7,.4,MM,-0.7,MM
2025,11,4,19,50,150,5.0,6.0,1.7,13,7.7,291,1017.5,.2,13.7,.5,MM,MM,MM
2025,11,4,19,40,150,4.0,6.0,MM,MM,MM,MM,1017.6,.1,13.7,.5,MM,MM,MM
2025,11,4,19,30,150,4.0,6.0,MM,MM,MM,MM,1017.7,.1,13.7,.4,MM,MM,MM
2025,11,4,19,20,160,4.0,5.0,1.8,14,7.7,296,1017.9,.1,13.7,.5,MM,MM,MM
2025,11,4,19,10,150,4.0,6.0,1.8,MM,7.7,296,1017.9,.1,13.6,.4,MM,MM,MM
2025,11,4,19,0,150,5.0,6.0,MM,MM,MM,MM,1018.1,.1,13.6,.3,MM,+0.0,MM
2025,11,4,18,50,150,5.0,7.0,1.5,13,7.2,303,1018.5,.2,13.6,.4,MM,MM,MM
2025,11,4,18,40,160,6.0,7.0,MM,MM,MM,MM,1018.0,.1,13.6,.4,MM,MM,MM
2025,11,4,18,30,160,6.0,7.0,MM,MM,MM,MM,1018.0,.9,13.6,.3,MM,MM,MM
2025,11,4,18,20,160,5.0,7.0,1.9,14,8.1,294,1018.0,.9,13.6,.4,MM,MM,MM
2025,11,4,18,10,160,6.0,7.0,1.9,MM,8.1,294,1018.0,.9,13.6,.4,MM,MM,MM
2025,11,4,18,0,150,5.0,7.0,MM,MM,MM,MM,1017.9,.8,13.6,.3,MM,+0.5,MM
2025,11,4,17,50,150,6.0,7.0,1.8,14,8.2,285,1017.9,.7,13.6,.4,MM,MM,MM
2025,11,4,17,40,160,5.0,6.0,1.8,MM,8.2,285,1018.0,.7,13.6,.5,MM,MM,MM
2025,11,4,17,30,160,6.0,7.0,MM,MM,MM,MM,1018.1,.7,13.6,.5,MM,MM,MM
2025,11,4,17,20,160,6.0,7.0,1.8,14,8.4,291,1018.1,.7,13.6,.5,MM,MM,MM
2025,11,4,17,10,160,5.0,7.0,1.8,MM,8.4,291,1018.1,.8,13.7,.4,MM,MM,MM
2025,11,4,17,0,160,5.0,6.0,MM,MM,MM,MM,1018.2,.9,13.7,.4,MM,+0.9,MM
2025,11,4,16,50,160,5.0,7.0,1.9,14,8.8,297,1018.2,.9,13.7,.4,MM,MM,MM
2025,11,4,16,40,160,5.0,6.0,1.9,MM,8.8,297,1018.2,.8,13.6,.4,MM,MM,MM
2025,11,4,16,30,170,4.0,5.0,MM,MM,MM,MM,1018.2,.8,13.6,.5,MM,MM,MM
2025,11,4,16,20,170,4.0,5.0,1.9,14,8.9,296,1018.2,.7,13.8,.4,MM,MM,MM
2025,11,4,16,10,160,4.0,5.0,1.9,MM,8.9,296,1018.1,.5,13.8,.3,MM,MM,MM
2025,11,4,16,0,160,4.0,5.0,MM,MM,MM,MM,1018.0,.3,13.8,.3,MM,+0.7,MM
2025,11,4,15,50,160,4.0,5.0,1.6,14,8.0,299,1018.1,.1,13.8,.4,MM,MM,MM
2025,11,4,15,40,160,5.0,6.0,1.6,MM,8.0,299,1018.0,.1,13.8,.5,MM,MM,MM
2025,11,4,15,30,160,5.0,6.0,MM,MM,MM,MM,1017.9,.1,13.9,.5,MM,MM,MM
2025,11,4,15,20,170,5.0,6.0,2.0,14,9.4,288,1017.7,.3,13.9,.6,MM,MM,MM
2025,11,4,15,10,170,5.0,6.0,2.0,MM,9.4,288,1017.6,.6,13.9,.9,MM,MM,MM
2025,11,4,15,0,160,5.0,6.0,MM,MM,MM,MM,1017.4,.6,13.9,.9,MM,-0.0,MM
2025,11,4,14,50,160,5.0,6.0,1.9,15,9.7,269,1017.3,.6,13.9,.8,MM,MM,MM
2025,11,4,14,40,160,5.0,6.0,MM,MM,MM,MM,1017.3,.6,13.9,.7,MM,MM,MM
2025,11,4,14,30,160,5.0,6.0,MM,MM,MM,MM,1017.2,.6,13.8,.7,MM,MM,MM
2025,11,4,14,20,160,4.0,6.0,2.1,15,0.1,282,1017.2,.7,13.7,.8,MM,MM,MM
2025,11,4,14,10,160,5.0,6.0,2.1,MM,0.1,282,1017.2,.6,13.7,.7,MM,MM,MM
2025,11,4,14,0,160,5.0,6.0,MM,MM,MM,MM,1017.2,.6,13.7,.8,MM,-0.3,MM
2025,11,4,13,50,160,5.0,6.0,2.0,15,9.8,297,1017.2,.6,13.6,.8,MM,MM,MM
2025,11,4,13,40,160,5.0,5.0,2.0,MM,9.8,297,1017.3,.6,13.6,.8,MM,MM,MM
2025,11,4,13,30,160,5.0,6.0,MM,MM,MM,MM,1017.3,.6,13.6,.8,MM,MM,MM
2025,11,4,13,20,160,5.0,6.0,2.0,15,0.2,287,1017.3,.6,13.6,.9,MM,MM,MM
2025,11,4,13,10,160,5.0,6.0,2.0,MM,0.2,287,1017.3,.6,13.6,.9,MM,MM,MM
2025,11,4,13,0,160,5.0,6.0,MM,MM,MM,MM,1017.4,.6,13.6,.9,MM,-0.6,MM
2025,11,4,12,50,160,5.0,6.0,2.0,14,0.2,294,1017.3,.6,13.6,.9,MM,MM,MM
2025,11,4,12,40,160,4.0,5.0,MM,MM,MM,MM,1017.4,.6,13.6,.9,MM,MM,MM
2025,11,4,12,30,170,4.0,5.0,MM,MM,MM,MM,1017.4,.6,13.6,.9,MM,MM,MM
2025,11,4,12,20,170,4.0,5.0,1.8,14,9.9,289,1017.5,.6,13.7,.8,MM,MM,MM
2025,11,4,12,10,170,4.0,5.0,1.8,MM,9.9,289,1017.5,.7,13.7,.8,MM,MM,MM
2025,11,4,12,0,170,4.0,5.0,MM,MM,MM,MM,1017.6,.8,13.7,.9,MM,-0.4,MM
2025,11,4,11,50,170,4.0,5.0,1.9,15,0.3,275,1017.5,.8,13.7,.8,MM,MM,MM
2025,11,4,11,40,160,4.0,5.0,1.9,MM,0.3,275,1017.5,.9,13.7,.8,MM,MM,MM
2025,11,4,11,30,160,4.0,5.0,MM,MM,MM,MM,1017.5,.9,13.7,.6,MM,MM,MM
2025,11,4,11,20,160,4.0,5.0,2.0,15,0.8,283,1017.5,.9,13.8,.5,MM,MM,MM
2025,11,4,11,10,160,4.0,4.0,MM,MM,MM,MM,1017.5,.9,13.8,.5,MM,MM,MM
2025,11,4,11,0,160,4.0,5.0,MM,MM,MM,MM,1017.5,.9,13.8,.5,MM,-0.6,MM
2025,11,4,10,50,160,4.0,5.0,2.2,15,1.2,287,1017.6,.9,13.8,.6,MM,MM,MM
2025,11,4,10,40,160,4.0,5.0,2.2,MM,1.2,287,1017.7,.8,13.8,.6,MM,MM,MM
2025,11,4,10,30,160,3.0,5.0,MM,MM,MM,MM,1017.7,.8,13.8,.7,MM,MM,MM
2025,11,4,10,20,150,3.0,5.0,2.1,15,0.7,284,1017.8,.8,13.9,.8,MM,MM,MM
2025,11,4,10,10,150,3.0,5.0,MM,MM,MM,MM,1017.9,.8,14.0,.8,MM,MM,MM
2025,11,4,10,0,150,3.0,5.0,MM,MM,MM,MM,1017.9,.8,14.0,.8,MM,+0.0,MM
2025,11,4,9,50,150,3.0,4.0,1.9,15,0.3,283,1018.0,.8,14.0,.9,MM,MM,MM
2025,11,4,9,40,150,3.0,4.0,MM,MM,MM,MM,1018.0,.8,14.0,.9,MM,MM,MM
2025,11,4,9,30,140,3.0,4.0,MM,MM,MM,MM,1018.0,.8,14.0,.9,MM,MM,MM
2025,11,4,9,20,130,3.0,4.0,2.0,15,1.0,284,1018.0,.9,14.0,.9,MM,MM,MM
2025,11,4,9,10,140,3.0,4.0,2.0,MM,1.0,284,1017.9,.9,14.0,.9,MM,MM,MM
2025,11,4,9,0,140,3.0,4.0,MM,MM,MM,MM,1018.0,.9,14.0,.9,MM,+0.0,MM
2025,11,4,8,50,140,3.0,4.0,2.2,15,1.1,280,1017.9,.9,13.9,.9,MM,MM,MM
2025,11,4,8,40,140,3.0,5.0,MM,MM,MM,MM,1018.0,.9,13.9,.9,MM,MM,MM
2025,11,4,8,30,140,3.0,4.0,MM,MM,MM,MM,1018.0,.8,13.9,.9,MM,MM,MM
2025,11,4,8,20,120,3.0,5.0,2.3,15,1.2,278,1018.0,.9,13.9,.0,MM,MM,MM
2025,11,4,8,10,120,4.0,5.0,MM,MM,MM,MM,1017.8,.9,13.9,.0,MM,MM,MM
2025,11,4,8,0,140,3.0,5.0,MM,MM,MM,MM,1018.0,.9,13.9,.0,MM,+0.3,MM
2025,11,4,7,50,150,3.0,4.0,2.0,14,0.4,282,1018.1,.9,13.9,.0,MM,MM,MM
2025,11,4,7,40,140,3.0,5.0,MM,MM,MM,MM,1018.0,.8,13.9,.9,MM,MM,MM
2025,11,4,7,30,140,3.0,5.0,MM,MM,MM,MM,1018.0,.8,13.9,.9,MM,MM,MM
2025,11,4,7,20,140,3.0,4.0,2.0,15,0.7,287,1018.0,.8,14.0,.9,MM,MM,MM
2025,11,4,7,10,140,3.0,5.0,2.0,MM,0.7,287,1018.1,.8,14.0,.9,MM,MM,MM
2025,11,4,7,0,130,3.0,4.0,MM,MM,MM,MM,1018.1,.8,MM,.9,MM,+0.5,MM
2025,11,4,6,50,130,3.0,5.0,2.3,15,1.1,287,1017.9,.8,14.0,.9,MM,MM,MM
2025,11,4,6,40,140,4.0,5.0,MM,MM,MM,MM,1017.9,.7,14.0,.8,MM,MM,MM
2025,11,4,6,30,140,3.0,5.0,MM,MM,MM,MM,1018.1,.7,14.2,.9,MM,MM,MM
2025,11,4,6,20,140,3.0,4.0,2.5,15,1.3,287,1018.0,.7,14.1,.9,MM,MM,MM
2025,11,4,6,10,140,3.0,4.0,2.5,MM,1.3,287,1018.0,.8,14.2,.0,MM,MM,MM
2025,11,4,6,0,140,3.0,5.0,MM,MM,MM,MM,1018.0,.8,14.2,.9,MM,+0.6,MM
2025,11,4,5,50,140,3.0,5.0,2.5,13,0.9,291,1017.9,.8,14.2,.9,MM,MM,MM
2025,11,4,5,40,140,3.0,5.0,MM,MM,MM,MM,1017.9,.7,14.3,.8,MM,MM,MM
2025,11,4,5,30,140,3.0,5.0,MM,MM,MM,MM,1017.8,.8,14.2,.9,MM,MM,MM
2025,11,4,5,20,140,3.0,4.0,2.0,15,9.9,286,1017.8,.8,14.1,.9,MM,MM,MM
2025,11,4,5,10,150,3.0,4.0,2.0,MM,9.9,286,1017.8,.8,14.0,.9,MM,MM,MM
2025,11,4,5,0,150,2.0,3.0,MM,MM,MM,MM,1017.8,.9,13.8,.0,MM,+0.6,MM
2025,11,4,4,50,140,2.0,4.0,2.3,13,0.5,294,1017.7,.9,13.7,.0,MM,MM,MM
2025,11,4,4,40,150,2.0,4.0,MM,MM,MM,MM,1017.6,.9,13.8,.9,MM,MM,MM
2025,11,4,4,30,150,2.0,4.0,MM,MM,MM,MM,1017.5,.9,13.8,.9,MM,MM,MM
2025,11,4,4,20,160,2.0,4.0,2.3,15,0.7,292,1017.5,.9,13.8,.8,MM,MM,MM
2025,11,4,4,10,160,2.0,3.0,MM,MM,MM,MM,1017.4,.9,13.8,.8,MM,MM,MM
2025,11,4,4,0,160,2.0,3.0,MM,MM,MM,MM,1017.5,.9,13.9,.8,MM,+0.4,MM
2025,11,4,3,50,160,2.0,3.0,2.0,14,0.2,293,1017.5,.9,13.9,.8,MM,MM,MM
2025,11,4,3,40,160,2.0,3.0,2.0,MM,0.2,293,1017.4,.9,13.9,.8,MM,MM,MM
2025,11,4,3,30,150,2.0,3.0,MM,MM,MM,MM,1017.3,.9,13.9,.7,MM,MM,MM
2025,11,4,3,20,140,2.0,4.0,2.3,14,0.5,301,1017.3,.9,13.9,.7,MM,MM,MM
2025,11,4,3,10,140,2.0,3.0,2.3,MM,0.5,301,1017.3,.9,13.9,.7,MM,MM,MM
2025,11,4,3,0,150,2.0,4.0,MM,MM,MM,MM,1017.3,.9,13.8,.7,MM,-0.0,MM
2025,11,4,2,50,150,2.0,3.0,2.6,15,0.7,293,1017.2,.9,13.5,.7,MM,MM,MM
2025,11,4,2,40,150,2.0,4.0,2.6,MM,0.7,293,1017.2,.8,13.5,.6,MM,MM,MM
2025,11,4,2,30,150,2.0,4.0,MM,MM,MM,MM,1017.2,.8,13.6,.6,MM,MM,MM
2025,11,4,2,20,150,2.0,4.0,2.4,14,0.4,298,1017.1,.8,13.5,.6,MM,MM,MM
2025,11,4,2,10,150,2.0,3.0,2.4,MM,0.4,298,1017.1,.7,13.6,.6,MM,MM,MM
2025,11,4,2,0,150,2.0,3.0,MM,MM,MM,MM,1017.0,.7,13.6,.5,MM,-0.3,MM
2025,11,4,1,50,140,1.0,2.0,2.6,15,0.8,287,1017.1,.7,13.6,.5,MM,MM,MM
2025,11,4,1,40,160,1.0,2.0,MM,MM,MM,MM,1017.1,.7,13.5,.4,MM,MM,MM
2025,11,4,1,30,170,1.0,2.0,MM,MM,MM,MM,1017.1,.8,13.6,.5,MM,MM,MM
2025,11,4,1,20,170,1.0,2.0,2.5,14,0.5,289,1017.2,.8,13.8,.4,MM,MM,MM
2025,11,4,1,10,MM,0.0,2.0,2.5,MM,0.5,289,1017.1,.8,13.9,.4,MM,MM,MM
2025,11,4,1,0,MM,0.0,1.0,MM,MM,MM,MM,1017.2,.8,14.0,.3,MM,-0.6,MM
2025,11,4,0,50,MM,0.0,2.0,2.2,14,0.0,285,1017.2,.9,14.1,.3,MM,MM,MM
2025,11,4,0,40,MM,0.0,1.0,2.2,MM,0.0,285,1017.3,.9,14.0,.2,MM,MM,MM
2025,11,4,0,30,230,1.0,1.0,MM,MM,MM,MM,1017.4,.0,14.0,.2,MM,MM,MM
2025,11,4,0,20,210,1.0,2.0,2.7,14,0.9,302,1017.5,.1,14.0,.1,MM,MM,MM
2025,11,4,0,10,200,1.0,2.0,2.7,MM,0.9,302,1017.6,.3,13.9,.2,MM,MM,MM
2025,11,4,0,0,190,2.0,3.0,MM,MM,MM,MM,1017.5,.3,14.1,.2,MM,-0.8,MM
2025,11,3,23,50,200,2.0,2.0,2.2,14,0.1,282,1017.6,.2,14.1,.1,MM,MM,MM
2025,11,3,23,40,200,2.0,3.0,MM,MM,MM,MM,1017.6,.2,14.2,.0,MM,MM,MM
2025,11,3,23,30,190,2.0,3.0,MM,MM,MM,MM,1017.5,.1,14.1,.0,MM,MM,MM
2025,11,3,23,20,180,2.0,3.0,2.4,15,0.7,289,1017.6,.0,14.1,.9,MM,MM,MM
2025,11,3,23,10,170,2.0,3.0,2.4,MM,0.7,289,1017.5,.0,13.9,.8,MM,MM,MM
2025,11,3,23,0,180,2.0,3.0,MM,MM,MM,MM,1017.5,.0,13.9,.8,MM,-1.0,MM
2025,11,3,22,50,170,2.0,3.0,2.1,14,9.7,292,1017.5,.9,13.9,.7,MM,MM,MM
2025,11,3,22,40,180,2.0,3.0,MM,MM,MM,MM,1017.5,.0,14.0,.7,MM,MM,MM
2025,11,3,22,30,170,1.0,2.0,MM,MM,MM,MM,1017.5,.0,14.1,.6,MM,MM,MM
2025,11,3,22,20,180,1.0,2.0,2.2,14,9.8,292,1017.7,.8,14.1,.5,MM,MM,MM
2025,11,3,22,10,170,1.0,2.0,2.2,MM,9.8,292,1017.7,.8,14.1,.5,MM,MM,MM
2025,11,3,22,0,180,1.0,3.0,MM,MM,MM,MM,1017.8,.7,14.1,.5,MM,-1.0,MM
2025,11,3,21,50,220,1.0,2.0,2.3,15,0.0,290,1017.9,.5,14.1,.4,MM,MM,MM
2025,11,3,21,40,230,1.0,2.0,2.3,MM,0.0,290,1018.1,.4,14.1,.4,MM,MM,MM
2025,11,3,21,30,240,2.0,3.0,MM,MM,MM,MM,1018.2,.3,14.0,.3,MM,MM,MM
2025,11,3,21,20,240,2.0,3.0,2.7,15,1.0,280,1018.2,.3,14.1,.2,MM,MM,MM
2025,11,3,21,10,220,2.0,2.0,2.7,MM,1.0,280,1018.3,.4,14.1,.3,MM,MM,MM
2025,11,3,21,0,230,2.0,3.0,MM,MM,MM,MM,1018.3,.4,14.1,.3,MM,-0.7,MM
2025,11,3,20,50,230,2.0,3.0,2.5,15,0.4,288,1018.5,.4,14.1,.3,MM,MM,MM
2025,11,3,20,40,230,2.0,3.0,2.5,MM,0.4,288,1018.6,.3,14.2,.2,MM,MM,MM
2025,11,3,20,30,230,2.0,3.0,MM,MM,MM,MM,1018.6,.2,14.1,.1,MM,MM,MM
2025,11,3,20,20,200,2.0,3.0,2.4,15,0.1,272,1018.5,.2,14.0,.1,MM,MM,MM
2025,11,3,20,10,200,2.0,3.0,2.4,MM,0.1,272,1018.5,.2,14.0,.0,MM,MM,MM
2025,11,3,20,0,200,2.0,3.0,MM,MM,MM,MM,1018.6,.2,14.1,.9,MM,-0.3,MM
2025,11,3,19,50,200,2.0,3.0,2.5,15,0.4,286,1018.7,.2,14.1,.8,MM,MM,MM
2025,11,3,19,40,200,2.0,2.0,2.5,MM,0.4,286,1018.8,.1,14.1,.7,MM,MM,MM
2025,11,3,19,30,180,1.0,2.0,MM,MM,MM,MM,1019.0,.1,14.1,.7,MM,MM,MM
2025,11,3,19,20,150,2.0,3.0,2.5,15,0.1,295,1018.9,.0,14.1,.5,MM,MM,MM
2025,11,3,19,10,150,1.0,3.0,MM,MM,MM,MM,1018.9,.0,14.1,.6,MM,MM,MM
2025,11,3,19,0,120,1.0,3.0,MM,MM,MM,MM,1018.9,.1,14.0,.6,MM,+0.6,MM
2025,11,3,18,50,MM,0.0,1.0,2.5,15,0.3,288,1019.1,.1,14.0,.7,MM,MM,MM
2025,11,3,18,40,MM,0.0,1.0,MM,MM,MM,MM,1019.1,.9,14.0,.6,MM,MM,MM
2025,11,3,18,30,MM,0.0,2.0,MM,MM,MM,MM,1019.2,.7,14.0,.5,MM,MM,MM
2025,11,3,18,20,MM,0.0,2.0,2.5,15,9.8,288,1019.2,.5,14.0,.5,MM,MM,MM
2025,11,3,18,10,MM,0.0,1.0,2.5,MM,9.8,288,1019.2,.2,13.9,.4,MM,MM,MM
2025,11,3,18,0,290,1.0,3.0,MM,MM,MM,MM,1019.0,.1,13.9,.4,MM,+1.4,MM
2025,11,3,17,50,290,3.0,5.0,2.5,15,9.6,294,1019.2,.1,13.8,.5,MM,MM,MM
2025,11,3,17,40,290,4.0,5.0,MM,MM,MM,MM,1019.3,.0,13.7,.4,MM,MM,MM
2025,11,3,17,30,290,2.0,4.0,MM,MM,MM,MM,1019.1,.9,13.7,.4,MM,MM,MM
2025,11,3,17,20,290,2.0,3.0,2.6,15,0.0,294,1018.8,.9,13.7,.5,MM,MM,MM
2025,11,3,17,10,270,1.0,3.0,2.6,MM,0.0,294,1018.9,.8,13.7,.4,MM,MM,MM
2025,11,3,17,0,280,2.0,4.0,MM,MM,MM,MM,1018.8,.7,13.7,.3,MM,+1.5,MM
2025,11,3,16,50,280,2.0,4.0,2.2,16,8.9,293,1018.8,.7,13.7,.1,MM,MM,MM
2025,11,3,16,40,300,3.0,5.0,2.2,MM,8.9,293,1018.7,.7,13.7,.1,MM,MM,MM
2025,11,3,16,30,290,3.0,5.0,MM,MM,MM,MM,1018.6,.8,13.6,.3,MM,MM,MM
2025,11,3,16,20,280,3.0,5.0,2.9,15,0.1,299,1018.5,.6,13.6,.1,MM,MM,MM
2025,11,3,16,10,290,2.0,5.0,2.9,MM,0.1,299,1018.2,.6,13.6,.1,MM,MM,MM
2025,11,3,16,0,270,2.0,4.0,MM,MM,MM,MM,1018.2,.5,13.6,.1,MM,+1.6,MM
2025,11,3,15,50,310,2.0,4.0,2.5,13,9.4,299,1018.0,.3,13.6,.1,MM,MM,MM
2025,11,3,15,40,320,2.0,5.0,2.5,MM,9.4,299,1018.0,.2,13.6,.0,MM,MM,MM
2025,11,3,15,30,310,2.0,4.0,MM,MM,MM,MM,1017.8,.2,13.6,.2,MM,MM,MM
2025,11,3,15,20,300,3.0,5.0,2.5,15,9.5,298,1017.8,.1,13.6,.2,MM,MM,MM
2025,11,3,15,10,300,3.0,6.0,2.5,MM,9.5,298,1017.6,.1,13.6,.2,MM,MM,MM
2025,11,3,15,0,290,4.0,6.0,MM,MM,MM,MM,1017.6,.1,13.6,.3,MM,+1.2,MM
2025,11,3,14,50,290,4.0,6.0,2.9,16,9.9,278,1017.5,.4,13.6,.6,MM,MM,MM
2025,11,3,14,40,240,2.0,5.0,2.9,MM,9.9,278,1017.2,.3,13.6,.5,MM,MM,MM
2025,11,3,14,30,270,1.0,4.0,MM,MM,MM,MM,1016.9,.4,13.6,.6,MM,MM,MM
2025,11,3,14,20,290,3.0,6.0,2.7,15,9.6,275,1016.9,.4,13.6,.5,MM,MM,MM
2025,11,3,14,10,280,4.0,7.0,MM,MM,MM,MM,1017.1,.7,13.6,.8,MM,MM,MM
2025,11,3,14,0,280,4.0,6.0,MM,MM,MM,MM,1017.3,.7,13.6,.8,MM,+0.5,MM
2025,11,3,13,50,300,2.0,5.0,2.8,14,9.9,287,1016.8,.9,13.6,.0,MM,MM,MM
2025,11,3,13,40,320,3.0,4.0,2.8,MM,9.9,287,1016.5,.0,13.6,.0,MM,MM,MM
2025,11,3,13,30,310,2.0,4.0,MM,MM,MM,MM,1016.5,.0,13.6,.0,MM,MM,MM
2025,11,3,13,20,330,3.0,5.0,2.7,13,9.6,290,1016.5,.1,13.6,.1,MM,MM,MM
2025,11,3,13,10,340,4.0,5.0,2.7,MM,9.6,290,1016.5,.0,13.6,.0,MM,MM,MM
2025,11,3,13,0,320,4.0,7.0,MM,MM,MM,MM,1016.6,.1,13.6,.1,MM,+0.0,MM
2025,11,3,12,50,340,4.0,6.0,2.7,14,9.3,291,1016.6,.2,13.6,.1,MM,MM,MM
2025,11,3,12,40,320,4.0,6.0,2.7,MM,9.3,291,1016.4,.3,13.6,.2,MM,MM,MM
2025,11,3,12,30,320,4.0,6.0,MM,MM,MM,MM,1016.4,.3,13.6,.1,MM,MM,MM
2025,11,3,12,20,320,4.0,6.0,2.7,16,9.4,281,1016.4,.3,13.6,.1,MM,MM,MM
2025,11,3,12,10,330,5.0,6.0,2.7,MM,9.4,281,1016.3,.4,13.6,.3,MM,MM,MM
2025,11,3,12,0,320,5.0,7.0,MM,MM,MM,MM,1016.4,.5,13.6,.5,MM,+0.0,MM
2025,11,3,11,50,310,6.0,8.0,2.6,14,9.0,288,1016.6,.6,13.6,.7,MM,MM,MM
2025,11,3,11,40,310,6.0,8.0,MM,MM,MM,MM,1016.7,.6,13.6,.6,MM,MM,MM
2025,11,3,11,30,310,7.0,8.0,MM,MM,MM,MM,1016.7,.6,13.6,.6,MM,MM,MM
2025,11,3,11,20,300,6.0,8.0,2.3,15,8.9,280,1016.8,.7,13.6,.7,MM,MM,MM
2025,11,3,11,10,300,6.0,7.0,2.3,MM,8.9,280,1016.7,.7,13.6,.6,MM,MM,MM
2025,11,3,11,0,300,5.0,7.0,MM,MM,MM,MM,1016.8,.6,13.6,.5,MM,+0.5,MM
2025,11,3,10,50,290,5.0,6.0,2.8,15,9.5,270,1016.7,.6,13.6,.5,MM,MM,MM
2025,11,3,10,40,290,4.0,6.0,MM,MM,MM,MM,1016.6,.6,13.7,.5,MM,MM,MM
2025,11,3,10,30,290,4.0,5.0,MM,MM,MM,MM,1016.6,.6,13.7,.5,MM,MM,MM
2025,11,3,10,20,290,4.0,5.0,2.6,13,9.0,282,1016.7,.5,13.7,.4,MM,MM,MM
2025,11,3,10,10,290,4.0,5.0,2.6,MM,9.0,282,1016.7,.6,13.7,.5,MM,MM,MM
2025,11,3,10,0,300,4.0,6.0,MM,MM,MM,MM,1016.6,.6,13.7,.5,MM,+0.0,MM
2025,11,3,9,50,300,5.0,6.0,2.9,15,9.7,273,1016.7,.6,13.7,.5,MM,MM,MM
2025,11,3,9,40,300,5.0,6.0,MM,MM,MM,MM,1016.7,.6,13.7,.5,MM,MM,MM
2025,11,3,9,30,300,5.0,6.0,MM,MM,MM,MM,1016.7,.6,13.7,.5,MM,MM,MM
2025,11,3,9,20,300,5.0,6.0,2.8,15,9.4,258,1016.6,.6,13.7,.5,MM,MM,MM
2025,11,3,9,10,300,5.0,7.0,MM,MM,MM,MM,1016.6,.6,13.8,.5,MM,MM,MM
2025,11,3,9,0,300,5.0,7.0,MM,MM,MM,MM,1016.6,.6,13.8,.5,MM,-0.0,MM
2025,11,3,8,50,310,5.0,7.0,2.6,15,9.2,274,1016.5,.6,13.8,.5,MM,MM,MM
2025,11,3,8,40,310,5.0,7.0,2.6,MM,9.2,274,1016.6,.6,13.8,.5,MM,MM,MM
2025,11,3,8,30,310,5.0,7.0,MM,MM,MM,MM,1016.6,.7,13.8,.6,MM,MM,MM
2025,11,3,8,20,310,5.0,6.0,2.2,15,8.4,274,1016.5,.7,13.9,.6,MM,MM,MM
2025,11,3,8,10,310,5.0,6.0,2.2,MM,8.4,274,1016.5,.7,13.9,.6,MM,MM,MM
2025,11,3,8,0,320,5.0,6.0,MM,MM,MM,MM,1016.3,.6,13.8,.5,MM,+0.0,MM
2025,11,3,7,50,310,5.0,6.0,2.7,15,8.9,288,1016.3,.7,13.8,.6,MM,MM,MM
2025,11,3,7,40,310,5.0,6.0,MM,MM,MM,MM,1016.4,.7,13.8,.6,MM,MM,MM
2025,11,3,7,30,310,5.0,6.0,MM,MM,MM,MM,1016.3,.7,13.8,.5,MM,MM,MM
2025,11,3,7,20,310,5.0,7.0,2.4,14,8.7,282,1016.4,.7,13.8,.5,MM,MM,MM
2025,11,3,7,10,310,6.0,7.0,MM,MM,MM,MM,1016.4,.8,13.8,.6,MM,MM,MM
2025,11,3,7,0,310,6.0,7.0,MM,MM,MM,MM,1016.4,.8,13.9,.6,MM,+0.3,MM
2025,11,3,6,50,310,6.0,7.0,2.5,15,8.8,278,1016.5,.8,13.9,.6,MM,MM,MM
2025,11,3,6,40,310,6.0,7.0,MM,MM,MM,MM,1016.6,.8,13.9,.6,MM,MM,MM
2025,11,3,6,30,300,5.0,7.0,MM,MM,MM,MM,1016.6,.8,13.9,.7,MM,MM,MM
2025,11,3,6,20,300,5.0,7.0,2.5,15,9.0,288,1016.5,.8,13.9,.6,MM,MM,MM
2025,11,3,6,10,300,5.0,7.0,2.5,MM,9.0,288,1016.5,.8,13.9,.6,MM,MM,MM
2025,11,3,6,0,300,5.0,7.0,MM,MM,MM,MM,1016.5,.8,13.9,.6,MM,+0.3,MM
2025,11,3,5,50,300,5.0,6.0,2.5,15,8.7,278,1016.5,.8,13.9,.6,MM,MM,MM
2025,11,3,5,40,300,4.0,5.0,MM,MM,MM,MM,1016.4,.8,13.9,.6,MM,MM,MM
2025,11,3,5,30,300,4.0,6.0,MM,MM,MM,MM,1016.4,.8,13.9,.6,MM,MM,MM
2025,11,3,5,20,300,4.0,6.0,2.6,15,8.8,279,1016.3,.8,13.9,.6,MM,MM,MM
2025,11,3,5,10,300,4.0,6.0,2.6,MM,8.8,279,1016.3,.8,13.9,.6,MM,MM,MM
2025,11,3,5,0,310,4.0,5.0,MM,MM,MM,MM,1016.3,.8,13.9,.6,MM,+0.0,MM
2025,11,3,4,50,310,4.0,5.0,2.7,15,8.9,282,1016.3,.8,13.9,.7,MM,MM,MM
2025,11,3,4,40,310,5.0,6.0,MM,MM,MM,MM,1016.2,.8,13.9,.6,MM,MM,MM
2025,11,3,4,30,300,5.0,7.0,MM,MM,MM,MM,1016.2,.8,13.9,.6,MM,MM,MM
2025,11,3,4,20,310,5.0,7.0,2.6,15,8.8,276,1016.2,.8,13.9,.6,MM,MM,MM
2025,11,3,4,10,310,5.0,7.0,2.6,MM,8.8,276,1016.1,.9,13.9,.7,MM,MM,MM
2025,11,3,4,0,310,5.0,6.0,MM,MM,MM,MM,1016.1,.9,13.9,.7,MM,+0.0,MM
2025,11,3,3,50,310,5.0,6.0,2.5,15,8.6,276,1016.1,.9,13.9,.6,MM,MM,MM
2025,11,3,3,40,310,5.0,7.0,2.5,MM,8.6,276,1016.0,.9,13.9,.6,MM,MM,MM
2025,11,3,3,30,310,6.0,8.0,MM,MM,MM,MM,1016.0,.9,14.0,.6,MM,MM,MM
2025,11,3,3,20,310,6.0,7.0,2.8,15,9.0,285,1016.0,.9,14.0,.6,MM,MM,MM
2025,11,3,3,10,310,6.0,7.0,2.8,MM,9.0,285,1016.1,.0,14.0,.7,MM,MM,MM
2025,11,3,3,0,320,6.0,8.0,MM,MM,MM,MM,1016.1,.0,14.0,.6,MM,-0.3,MM
2025,11,3,2,50,310,6.0,8.0,2.7,15,9.1,287,1016.1,.0,14.0,.7,MM,MM,MM
2025,11,3,2,40,310,6.0,9.0,2.7,MM,9.1,287,1016.1,.0,14.0,.6,MM,MM,MM
2025,11,3,2,30,310,7.0,8.0,MM,MM,MM,MM,1016.1,.0,14.0,.6,MM,MM,MM
2025,11,3,2,20,310,6.0,8.0,2.5,11,8.4,291,1016.1,.0,14.0,.6,MM,MM,MM
2025,11,3,2,10,310,6.0,8.0,2.5,MM,8.4,291,1016.1,.1,14.0,.7,MM,MM,MM
2025,11,3,2,0,310,6.0,8.0,MM,MM,MM,MM,1016.1,.1,14.0,.7,MM,-1.1,MM
2025,11,3,1,50,310,6.0,8.0,2.4,13,8.4,292,1016.1,.1,14.0,.7,MM,MM,MM
2025,11,3,1,40,310,6.0,7.0,2.4,MM,8.4,292,1016.1,.2,14.0,.8,MM,MM,MM
2025,11,3,1,30,310,6.0,8.0,MM,MM,MM,MM,1016.2,.2,14.0,.7,MM,MM,MM
2025,11,3,1,20,310,6.0,8.0,2.5,13,8.6,286,1016.2,.2,14.1,.7,MM,MM,MM
2025,11,3,1,10,310,6.0,8.0,2.5,MM,8.6,286,1016.2,.2,14.1,.7,MM,MM,MM
2025,11,3,1,0,310,6.0,7.0,MM,MM,MM,MM,1016.2,.3,14.1,.8,MM,-1.4,MM
2025,11,3,0,50,310,6.0,8.0,2.5,13,8.7,284,1016.2,.3,14.1,.7,MM,MM,MM
2025,11,3,0,40,310,6.0,8.0,MM,MM,MM,MM,1016.2,.4,14.2,.7,MM,MM,MM
2025,11,3,0,30,310,5.0,7.0,MM,MM,MM,MM,1016.2,.4,14.2,.6,MM,MM,MM
2025,11,3,0,20,320,5.0,7.0,2.6,16,8.7,268,1016.4,.4,14.2,.6,MM,MM,MM
2025,11,3,0,10,320,5.0,7.0,2.6,MM,8.7,268,1016.4,.4,14.2,.6,MM,MM,MM
2025,11,3,0,0,310,6.0,8.0,MM,MM,MM,MM,1016.5,.4,14.2,.6,MM,-1.8,MM
2025,11,2,23,50,310,6.0,7.0,2.6,15,8.5,287,1016.7,.4,14.2,.7,MM,MM,MM
2025,11,2,23,40,310,6.0,7.0,MM,MM,MM,MM,1016.9,.4,14.2,.7,MM,MM,MM
2025,11,2,23,30,310,6.0,8.0,MM,MM,MM,MM,1017.0,.4,14.2,.8,MM,MM,MM
2025,11,2,23,20,310,6.0,8.0,2.5,16,8.4,290,1017.0,.4,14.2,.8,MM,MM,MM
2025,11,2,23,10,310,6.0,8.0,2.5,MM,8.4,290,1017.1,.4,14.2,.9,MM,MM,MM
2025,11,2,23,0,310,6.0,8.0,MM,MM,MM,MM,1017.2,.4,14.2,.9,MM,-1.6,MM
2025,11,2,22,50,310,6.0,8.0,2.7,15,8.3,278,1017.3,.4,14.2,.9,MM,MM,MM
2025,11,2,22,40,310,7.0,8.0,2.7,MM,8.3,278,1017.4,.4,14.1,.9,MM,MM,MM
2025,11,2,22,30,310,7.0,9.0,MM,MM,MM,MM,1017.4,.4,14.1,.8,MM,MM,MM
2025,11,2,22,20,310,7.0,8.0,2.7,16,8.5,265,1017.4,.4,14.1,.8,MM,MM,MM
2025,11,2,22,10,310,7.0,9.0,2.7,MM,8.5,265,1017.6,.4,14.1,.8,MM,MM,MM
2025,11,2,22,0,310,7.0,9.0,MM,MM,MM,MM,1017.7,.4,14.1,.8,MM,-1.9,MM
2025,11,2,21,50,310,8.0,9.0,2.7,15,8.5,277,1017.7,.4,14.1,.8,MM,MM,MM
2025,11,2,21,40,310,8.0,9.0,2.7,MM,8.5,277,1017.9,.4,14.1,.8,MM,MM,MM
2025,11,2,21,30,310,7.0,9.0,MM,MM,MM,MM,1018.0,.3,14.1,.8,MM,MM,MM
2025,11,2,21,20,310,7.0,8.0,3.0,16,9.1,266,1018.1,.2,14.1,.8,MM,MM,MM
2025,11,2,21,10,310,6.0,8.0,MM,MM,MM,MM,1018.2,.1,14.1,.8,MM,MM,MM
2025,11,2,21,0,310,6.0,8.0,MM,MM,MM,MM,1018.2,.0,14.1,.8,MM,-1.5,MM
2025,11,2,20,50,310,6.0,8.0,2.9,16,8.9,272,1018.3,.0,14.1,.8,MM,MM,MM
2025,11,2,20,40,310,7.0,8.0,2.9,MM,8.9,272,1018.3,.9,14.1,.8,MM,MM,MM
2025,11,2,20,30,310,6.0,8.0,MM,MM,MM,MM,1018.5,.9,14.1,.8,MM,MM,MM
2025,11,2,20,20,310,6.0,8.0,2.9,16,9.5,274,1018.5,.8,14.1,.7,MM,MM,MM
2025,11,2,20,10,310,6.0,8.0,MM,MM,MM,MM,1018.7,.8,14.1,.7,MM,MM,MM
2025,11,2,20,0,310,6.0,7.0,MM,MM,MM,MM,1018.9,.7,14.1,.7,MM,-1.0,MM
2025,11,2,19,50,320,6.0,8.0,2.7,15,9.2,281,1019.1,.6,14.1,.6,MM,MM,MM
2025,11,2,19,40,320,6.0,7.0,2.7,MM,9.2,281,1019.3,.4,14.1,.6,MM,MM,MM
2025,11,2,19,30,320,5.0,7.0,MM,MM,MM,MM,1019.3,.2,14.1,.6,MM,MM,MM
2025,11,2,19,20,320,6.0,7.0,2.8,15,9.2,283,1019.5,.0,14.1,.5,MM,MM,MM
2025,11,2,19,10,320,6.0,8.0,MM,MM,MM,MM,1019.5,.7,14.1,.4,MM,MM,MM
2025,11,2,19,0,320,5.0,7.0,MM,MM,MM,MM,1019.6,.5,14.0,.3,MM,-0.3,MM
2025,11,2,18,50,320,6.0,7.0,2.8,16,9.5,267,1019.6,.4,14.0,.2,MM,MM,MM
2025,11,2,18,40,330,6.0,7.0,MM,MM,MM,MM,1019.7,.3,14.0,.1,MM,MM,MM
2025,11,2,18,30,320,6.0,8.0,MM,MM,MM,MM,1019.6,.3,14.0,.1,MM,MM,MM
2025,11,2,18,20,320,6.0,8.0,2.9,17,9.7,259,1019.7,.3,14.0,.1,MM,MM,MM
2025,11,2,18,10,320,6.0,7.0,2.9,MM,9.7,259,1019.7,.3,14.0,.1,MM,MM,MM
2025,11,2,18,0,320,6.0,7.0,MM,MM,MM,MM,1019.8,.2,14.0,.0,MM,+0.0,MM
2025,11,2,17,50,320,5.0,7.0,3.1,16,0.3,278,1019.8,.1,14.0,.0,MM,MM,MM
2025,11,2,17,40,310,5.0,6.0,3.1,MM,0.3,278,1019.9,.0,14.0,.9,MM,MM,MM
2025,11,2,17,30,310,5.0,6.0,MM,MM,MM,MM,1019.8,.9,14.0,.8,MM,MM,MM
2025,11,2,17,20,310,5.0,6.0,3.1,16,0.2,277,1019.8,.0,14.0,.8,MM,MM,MM
2025,11,2,17,10,310,5.0,6.0,3.1,MM,0.2,277,1019.8,.0,14.0,.8,MM,MM,MM
2025,11,2,17,0,300,5.0,6.0,MM,MM,MM,MM,1019.8,.1,14.0,.9,MM,+0.3,MM
2025,11,2,16,50,310,4.0,6.0,3.0,15,9.7,285,1019.8,.0,14.0,.8,MM,MM,MM
2025,11,2,16,40,310,4.0,5.0,3.0,MM,9.7,285,1019.7,.1,14.0,.9,MM,MM,MM
2025,11,2,16,30,310,4.0,6.0,MM,MM,MM,MM,1019.8,.2,14.0,.0,MM,MM,MM
2025,11,2,16,20,310,4.0,6.0,2.9,16,0.1,280,1019.8,.2,14.0,.0,MM,MM,MM
2025,11,2,16,10,330,4.0,5.0,2.9,MM,0.1,280,1019.8,.2,14.0,.0,MM,MM,MM
2025,11,2,16,0,330,4.0,6.0,MM,MM,MM,MM,1019.7,.1,14.0,.9,MM,+0.5,MM
2025,11,2,15,50,350,3.0,5.0,3.1,16,9.8,276,1019.7,.1,14.0,.9,MM,MM,MM
2025,11,2,15,40,350,3.0,4.0,3.1,MM,9.8,276,1019.7,.2,14.0,.0,MM,MM,MM
2025,11,2,15,30,330,3.0,4.0,MM,MM,MM,MM,1019.7,.3,14.0,.1,MM,MM,MM
2025,11,2,15,20,330,3.0,5.0,3.2,16,0.2,283,1019.6,.3,14.0,.1,MM,MM,MM
2025,11,2,15,10,330,3.0,5.0,3.2,MM,0.2,283,1019.7,.3,14.0,.1,MM,MM,MM
2025,11,2,15,0,320,4.0,5.0,MM,MM,MM,MM,1019.6,.3,14.0,.1,MM,+0.6,MM
2025,11,2,14,50,330,4.0,5.0,3.0,16,9.9,284,1019.5,.3,14.0,.1,MM,MM,MM
2025,11,2,14,40,320,4.0,5.0,3.0,MM,9.9,284,1019.5,.3,14.0,.1,MM,MM,MM
2025,11,2,14,30,320,4.0,6.0,MM,MM,MM,MM,1019.5,.3,14.0,.0,MM,MM,MM
2025,11,2,14,20,320,5.0,6.0,3.1,15,0.0,288,1019.4,.4,14.0,.1,MM,MM,MM
2025,11,2,14,10,320,5.0,6.0,3.1,MM,0.0,288,1019.4,.4,14.0,.1,MM,MM,MM
2025,11,2,14,0,320,5.0,6.0,MM,MM,MM,MM,1019.4,.5,14.0,.2,MM,-0.0,MM
2025,11,2,13,50,320,5.0,6.0,3.1,16,0.6,280,1019.5,.7,14.0,.4,MM,MM,MM
2025,11,2,13,40,320,6.0,7.0,3.1,MM,0.6,280,1019.4,.8,14.0,.5,MM,MM,MM
2025,11,2,13,30,320,6.0,7.0,MM,MM,MM,MM,1019.3,.9,14.0,.5,MM,MM,MM
2025,11,2,13,20,320,5.0,7.0,2.7,17,9.8,274,1019.3,.1,14.0,.7,MM,MM,MM
2025,11,2,13,10,320,5.0,7.0,2.7,MM,9.8,274,1019.2,.4,14.0,.9,MM,MM,MM
2025,11,2,13,0,320,5.0,6.0,MM,MM,MM,MM,1019.3,.6,14.0,.0,MM,-0.5,MM
2025,11,2,12,50,310,4.0,6.0,2.8,16,9.8,289,1019.3,.0,14.0,.4,MM,MM,MM
2025,11,2,12,40,320,4.0,5.0,MM,MM,MM,MM,1019.2,.9,14.0,.2,MM,MM,MM
2025,11,2,12,30,330,3.0,5.0,MM,MM,MM,MM,1019.1,.9,14.0,.2,MM,MM,MM
2025,11,2,12,20,330,3.0,4.0,3.2,16,0.4,280,1019.2,.9,14.0,.2,MM,MM,MM
2025,11,2,12,10,350,3.0,4.0,3.2,MM,0.4,280,1019.1,.9,14.0,.2,MM,MM,MM
2025,11,2,12,0,350,3.0,4.0,MM,MM,MM,MM,1019.0,.9,14.0,.2,MM,-1.0,MM
2025,11,2,11,50,360,3.0,4.0,3.0,13,0.0,286,1019.0,.0,14.0,.4,MM,MM,MM
2025,11,2,11,40,350,3.0,4.0,MM,MM,MM,MM,1019.1,.0,14.0,.4,MM,MM,MM
2025,11,2,11,30,340,3.0,4.0,MM,MM,MM,MM,1019.1,.0,14.0,.4,MM,MM,MM
2025,11,2,11,20,10,2.0,3.0,3.0,17,9.9,278,1019.3,.9,14.0,.3,MM,MM,MM
2025,11,2,11,10,20,2.0,3.0,MM,MM,MM,MM,1019.3,.1,13.9,.4,MM,MM,MM
2025,11,2,11,0,340,3.0,4.0,MM,MM,MM,MM,1019.4,.1,13.9,.5,MM,-0.6,MM
2025,11,2,10,50,340,3.0,4.0,2.9,16,9.7,270,1019.4,.1,13.9,.5,MM,MM,MM
2025,11,2,10,40,340,4.0,5.0,MM,MM,MM,MM,1019.4,.1,13.9,.4,MM,MM,MM
2025,11,2,10,30,340,5.0,6.0,MM,MM,MM,MM,1019.5,.2,13.9,.5,MM,MM,MM
2025,11,2,10,20,330,5.0,7.0,2.7,16,9.2,295,1019.6,.3,13.9,.6,MM,MM,MM
2025,11,2,10,10,330,5.0,7.0,2.7,MM,9.2,295,1019.7,.3,13.9,.6,MM,MM,MM
2025,11,2,10,0,330,5.0,7.0,MM,MM,MM,MM,1019.8,.2,13.9,.6,MM,+0.0,MM
2025,11,2,9,50,320,5.0,7.0,3.0,17,0.0,283,1019.7,.1,13.9,.5,MM,MM,MM
2025,11,2,9,40,320,6.0,7.0,MM,MM,MM,MM,1019.6,.1,13.8,.5,MM,MM,MM
2025,11,2,9,30,320,6.0,7.0,MM,MM,MM,MM,1019.6,.0,13.8,.5,MM,MM,MM
2025,11,2,9,20,320,5.0,6.0,3.2,16,0.4,278,1019.7,.0,13.8,.5,MM,MM,MM
2025,11,2,9,10,320,5.0,7.0,3.2,MM,0.4,278,1019.9,.0,13.8,.6,MM,MM,MM
2025,11,2,9,0,320,5.0,7.0,MM,MM,MM,MM,1020.0,.0,13.8,.6,MM,+0.4,MM
2025,11,2,8,50,310,6.0,7.0,3.1,17,9.9,273,1019.9,.0,13.8,.6,MM,MM,MM
2025,11,2,8,40,310,6.0,7.0,MM,MM,MM,MM,1019.8,.0,13.8,.6,MM,MM,MM
2025,11,2,8,30,310,6.0,7.0,MM,MM,MM,MM,1019.9,.1,13.8,.7,MM,MM,MM
2025,11,2,8,20,310,6.0,7.0,3.0,17,9.7,282,1020.1,.3,13.8,.9,MM,MM,MM
2025,11,2,8,10,310,6.0,8.0,MM,MM,MM,MM,1020.0,.4,13.8,.9,MM,MM,MM
2025,11,2,8,0,310,6.0,8.0,MM,MM,MM,MM,1020.0,.5,13.8,.0,MM,+0.6,MM
2025,11,2,7,50,310,6.0,8.0,2.9,16,8.9,269,1020.0,.6,13.8,.0,MM,MM,MM
2025,11,2,7,40,310,6.0,8.0,MM,MM,MM,MM,1020.0,.6,13.8,.9,MM,MM,MM
2025,11,2,7,30,310,7.0,8.0,MM,MM,MM,MM,1020.0,.7,13.8,.0,MM,MM,MM
2025,11,2,7,20,310,7.0,8.0,2.9,15,9.0,274,1020.0,.8,13.8,.1,MM,MM,MM
2025,11,2,7,10,320,7.0,8.0,MM,MM,MM,MM,1020.0,.8,13.8,.1,MM,MM,MM
2025,11,2,7,0,310,7.0,9.0,MM,MM,MM,MM,1019.9,.9,13.8,.1,MM,+1.0,MM
2025,11,2,6,50,310,7.0,8.0,2.9,17,9.0,281,1019.8,.0,13.8,.2,MM,MM,MM
2025,11,2,6,40,310,7.0,9.0,MM,MM,MM,MM,1019.8,.9,13.8,.1,MM,MM,MM
2025,11,2,6,30,310,7.0,9.0,MM,MM,MM,MM,1019.8,.9,13.8,.1,MM,MM,MM
2025,11,2,6,20,310,7.0,0.0,3.2,16,9.5,281,1019.7,.9,13.8,.1,MM,MM,MM
2025,11,2,6,10,310,7.0,9.0,3.2,MM,9.5,281,1019.7,.8,13.8,.1,MM,MM,MM
2025,11,2,6,0,310,7.0,9.0,MM,MM,MM,MM,1019.6,.7,13.8,.0,MM,+0.6,MM
2025,11,2,5,50,310,7.0,8.0,3.0,16,9.3,283,1019.7,.7,13.8,.9,MM,MM,MM
2025,11,2,5,40,310,7.0,8.0,3.0,MM,9.3,283,1019.6,.8,13.8,.0,MM,MM,MM
2025,11,2,5,30,320,7.0,8.0,MM,MM,MM,MM,1019.6,.9,13.8,.0,MM,MM,MM
2025,11,2,5,20,320,7.0,9.0,3.3,17,0.1,273,1019.6,.0,13.8,.1,MM,MM,MM
2025,11,2,5,10,320,7.0,9.0,3.3,MM,0.1,273,1019.5,.9,13.8,.0,MM,MM,MM
2025,11,2,5,0,320,7.0,9.0,MM,MM,MM,MM,1019.4,.9,13.8,.9,MM,+0.7,MM
2025,11,2,4,50,320,7.0,9.0,2.7,17,9.2,295,1019.3,.9,13.9,.9,MM,MM,MM
2025,11,2,4,40,320,8.0,9.0,MM,MM,MM,MM,1019.2,.0,13.9,.0,MM,MM,MM
2025,11,2,4,30,310,7.0,9.0,MM,MM,MM,MM,1019.2,.9,13.9,.0,MM,MM,MM
2025,11,2,4,20,310,7.0,9.0,3.1,16,0.2,276,1019.1,.9,13.9,.0,MM,MM,MM
2025,11,2,4,10,320,7.0,9.0,3.1,MM,0.2,276,1019.0,.9,13.9,.0,MM,MM,MM
2025,11,2,4,0,310,7.0,9.0,MM,MM,MM,MM,1018.9,.9,13.9,.0,MM,+0.4,MM
2025,11,2,3,50,310,7.0,8.0,3.3,17,0.9,284,1018.8,.9,13.9,.0,MM,MM,MM
2025,11,2,3,40,320,6.0,7.0,3.3,MM,0.9,284,1018.9,.8,13.9,.0,MM,MM,MM
2025,11,2,3,30,320,6.0,8.0,MM,MM,MM,MM,1018.9,.8,13.9,.0,MM,MM,MM
2025,11,2,3,20,320,5.0,7.0,2.9,17,0.2,285,1018.9,.7,13.9,.0,MM,MM,MM
2025,11,2,3,10,320,5.0,7.0,2.9,MM,0.2,285,1018.9,.6,13.9,.9,MM,MM,MM
2025,11,2,3,0,320,5.0,7.0,MM,MM,MM,MM,1018.9,.6,13.9,.9,MM,+0.3,MM
2025,11,2,2,50,320,5.0,7.0,2.8,14,0.1,289,1018.9,.7,13.9,.0,MM,MM,MM
2025,11,2,2,40,320,6.0,7.0,MM,MM,MM,MM,1019.0,.7,13.9,.9,MM,MM,MM
2025,11,2,2,30,320,6.0,8.0,MM,MM,MM,MM,1018.9,.8,13.9,.0,MM,MM,MM
2025,11,2,2,20,320,7.0,8.0,2.8,16,0.2,263,1018.8,.8,13.9,.0,MM,MM,MM
2025,11,2,2,10,320,7.0,8.0,2.8,MM,0.2,263,1018.7,.9,13.9,.1,MM,MM,MM
2025,11,2,2,0,320,7.0,8.0,MM,MM,MM,MM,1018.7,.9,14.0,.1,MM,+0.0,MM
2025,11,2,1,50,320,6.0,8.0,3.0,16,0.8,279,1018.7,.9,14.0,.0,MM,MM,MM
2025,11,2,1,40,320,6.0,8.0,3.0,MM,0.8,279,1018.7,.0,14.0,.1,MM,MM,MM
2025,11,2,1,30,320,6.0,8.0,MM,MM,MM,MM,1018.7,.0,14.0,.0,MM,MM,MM
2025,11,2,1,20,310,6.0,8.0,3.1,17,1.2,275,1018.7,.1,14.0,.1,MM,MM,MM
2025,11,2,1,10,310,6.0,8.0,3.1,MM,1.2,275,1018.6,.0,14.0,.0,MM,MM,MM
2025,11,2,1,0,310,6.0,8.0,MM,MM,MM,MM,1018.6,.1,14.0,.1,MM,-0.4,MM
2025,11,2,0,50,310,6.0,7.0,2.9,15,0.9,282,1018.6,.0,14.0,.0,MM,MM,MM
2025,11,2,0,40,310,6.0,7.0,MM,MM,MM,MM,1018.7,.9,14.0,.9,MM,MM,MM
2025,11,2,0,30,310,6.0,8.0,MM,MM,MM,MM,1018.6,.9,14.0,.9,MM,MM,MM
2025,11,2,0,20,310,6.0,8.0,2.8,13,0.9,285,1018.7,.9,14.0,.9,MM,MM,MM
2025,11,2,0,10,310,6.0,7.0,2.8,MM,0.9,285,1018.7,.9,14.0,.9,MM,MM,MM
2025,11,2,0,0,310,6.0,8.0,MM,MM,MM,MM,1018.7,.9,14.0,.9,MM,-1.0,MM
2025,11,1,23,50,310,6.0,8.0,2.8,14,0.7,285,1018.7,.9,14.0,.9,MM,MM,MM
2025,11,1,23,40,300,6.0,8.0,MM,MM,MM,MM,1018.7,.0,14.0,.0,MM,MM,MM
2025,11,1,23,30,300,6.0,7.0,MM,MM,MM,MM,1018.8,.0,14.0,.0,MM,MM,MM
2025,11,1,23,20,310,6.0,7.0,2.8,17,0.6,278,1018.8,.0,14.0,.0,MM,MM,MM
2025,11,1,23,10,310,6.0,8.0,2.8,MM,0.6,278,1018.8,.0,14.0,.0,MM,MM,MM
2025,11,1,23,0,310,7.0,8.0,MM,MM,MM,MM,1018.7,.0,14.0,.1,MM,-1.7,MM
2025,11,1,22,50,300,7.0,8.0,2.8,17,0.7,289,1018.7,.9,14.0,.0,MM,MM,MM
2025,11,1,22,40,310,6.0,8.0,MM,MM,MM,MM,1018.8,.8,14.0,.9,MM,MM,MM
2025,11,1,22,30,300,6.0,8.0,MM,MM,MM,MM,1018.9,.7,14.1,.8,MM,MM,MM
2025,11,1,22,20,300,6.0,8.0,2.5,17,0.0,273,1019.0,.7,14.1,.8,MM,MM,MM
2025,11,1,22,10,310,6.0,8.0,2.5,MM,0.0,273,1019.1,.6,14.1,.7,MM,MM,MM
2025,11,1,22,0,300,6.0,8.0,MM,MM,MM,MM,1019.1,.7,14.0,.8,MM,-1.8,MM
2025,11,1,21,50,300,6.0,9.0,2.5,19,0.1,285,1019.2,.6,14.1,.7,MM,MM,MM
2025,11,1,21,40,300,6.0,8.0,2.5,MM,0.1,285,1019.3,.6,14.0,.8,MM,MM,MM
2025,11,1,21,30,300,5.0,7.0,MM,MM,MM,MM,1019.4,.5,14.0,.7,MM,MM,MM
2025,11,1,21,20,300,5.0,7.0,2.4,14,9.6,290,1019.5,.5,14.0,.6,MM,MM,MM
2025,11,1,21,10,300,6.0,7.0,MM,MM,MM,MM,1019.7,.5,14.0,.5,MM,MM,MM
2025,11,1,21,0,310,6.0,7.0,MM,MM,MM,MM,1019.7,.6,14.0,.7,MM,-1.2,MM
2025,11,1,20,50,320,6.0,7.0,2.5,19,9.8,287,1019.8,.5,MM,.6,MM,MM,MM
2025,11,1,20,40,320,6.0,7.0,2.5,MM,9.8,287,1020.0,.4,14.0,.6,MM,MM,MM
2025,11,1,20,30,320,6.0,7.0,MM,MM,MM,MM,1020.0,.3,14.0,.5,MM,MM,MM
2025,11,1,20,20,320,6.0,7.0,2.3,19,8.8,285,1020.1,.2,14.0,.4,MM,MM,MM
2025,11,1,20,10,320,6.0,8.0,2.3,MM,8.8,285,1020.3,.2,14.0,.4,MM,MM,MM
2025,11,1,20,0,320,6.0,8.0,MM,MM,MM,MM,1020.4,.1,14.0,.3,MM,-0.3,MM
2025,11,1,19,50,320,7.0,8.0,2.3,14,8.2,275,1020.5,.0,14.0,.3,MM,MM,MM
2025,11,1,19,40,320,7.0,9.0,MM,MM,MM,MM,1020.5,.9,14.0,.3,MM,MM,MM
2025,11,1,19,30,320,8.0,0.0,MM,MM,MM,MM,1020.6,.8,14.0,.3,MM,MM,MM
2025,11,1,19,20,320,9.0,1.0,2.4,19,8.3,268,1020.7,.7,14.0,.2,MM,MM,MM
2025,11,1,19,10,320,9.0,1.0,MM,MM,MM,MM,1020.7,.6,14.0,.2,MM,MM,MM
2025,11,1,19,0,310,9.0,1.0,MM,MM,MM,MM,1020.8,.4,14.0,.1,MM,+0.7,MM
2025,11,1,18,50,310,8.0,9.0,2.1,15,7.5,279,1020.9,.3,14.1,.9,MM,MM,MM
2025,11,1,18,40,310,8.0,0.0,MM,MM,MM,MM,1020.9,.3,14.1,.9,MM,MM,MM
2025,11,1,18,30,310,7.0,9.0,MM,MM,MM,MM,1020.9,.2,14.1,.8,MM,MM,MM
2025,11,1,18,20,310,8.0,0.0,2.3,15,7.9,290,1020.9,.2,14.1,.8,MM,MM,MM
2025,11,1,18,10,310,7.0,0.0,2.3,MM,7.9,290,1020.9,.3,14.0,.9,MM,MM,MM
2025,11,1,18,0,320,6.0,8.0,MM,MM,MM,MM,1021.0,.1,14.0,.8,MM,+1.5,MM
2025,11,1,17,50,320,7.0,8.0,1.9,15,6.7,287,1020.9,.0,14.0,.7,MM,MM,MM
2025,11,1,17,40,310,7.0,9.0,MM,MM,MM,MM,1020.9,.0,14.0,.7,MM,MM,MM
2025,11,1,17,30,310,7.0,9.0,MM,MM,MM,MM,1020.8,.9,14.0,.5,MM,MM,MM
2025,11,1,17,20,310,8.0,0.0,2.0,15,6.9,291,1020.7,.0,14.0,.6,MM,MM,MM
2025,11,1,17,10,310,8.0,9.0,2.0,MM,6.9,291,1020.7,.9,14.0,.5,MM,MM,MM
2025,11,1,17,0,320,7.0,9.0,MM,MM,MM,MM,1020.7,.9,14.0,.5,MM,+1.8,MM
2025,11,1,16,50,320,8.0,9.0,1.9,15,7.0,279,1020.6,.9,14.0,.5,MM,MM,MM
2025,11,1,16,40,320,8.0,0.0,1.9,MM,7.0,279,1020.6,.7,14.0,.3,MM,MM,MM
2025,11,1,16,30,320,8.0,0.0,MM,MM,MM,MM,1020.5,.7,13.9,.3,MM,MM,MM
2025,11,1,16,20,320,8.0,0.0,1.9,15,6.9,288,1020.4,.7,14.0,.3,MM,MM,MM
2025,11,1,16,10,330,8.0,0.0,1.9,MM,6.9,288,1020.2,.7,14.0,.3,MM,MM,MM
2025,11,1,16,0,320,8.0,0.0,MM,MM,MM,MM,1020.2,.7,13.9,.3,MM,+1.6,MM
2025,11,1,15,50,330,8.0,0.0,1.9,15,7.1,269,1020.0,.6,13.9,.2,MM,MM,MM
2025,11,1,15,40,330,8.0,0.0,MM,MM,MM,MM,1019.8,.6,13.9,.2,MM,MM,MM
2025,11,1,15,30,330,8.0,0.0,MM,MM,MM,MM,1019.7,.6,13.9,.2,MM,MM,MM
2025,11,1,15,20,320,8.0,0.0,1.9,14,7.0,290,1019.5,.7,13.9,.3,MM,MM,MM
2025,11,1,15,10,320,8.0,0.0,1.9,MM,7.0,290,1019.5,.6,13.9,.2,MM,MM,MM
2025,11,1,15,0,330,9.0,1.0,MM,MM,MM,MM,1019.4,.6,13.9,.2,MM,+1.1,MM
2025,11,1,14,50,330,8.0,9.0,2.2,14,7.6,278,1019.3,.6,13.9,.3,MM,MM,MM
2025,11,1,14,40,330,8.0,0.0,MM,MM,MM,MM,1019.3,.5,13.9,.2,MM,MM,MM
2025,11,1,14,30,330,7.0,9.0,MM,MM,MM,MM,1019.2,.4,13.9,.1,MM,MM,MM
2025,11,1,14,20,330,7.0,9.0,1.9,12,6.7,274,1019.2,.3,13.9,.0,MM,MM,MM
2025,11,1,14,10,330,7.0,9.0,1.9,MM,6.7,274,1019.1,.2,13.9,.9,MM,MM,MM
2025,11,1,14,0,330,8.0,9.0,MM,MM,MM,MM,1018.9,.2,13.8,.9,MM,+0.8,MM
2025,11,1,13,50,330,7.0,9.0,1.9,13,6.3,286,1018.8,.1,13.8,.8,MM,MM,MM
2025,11,1,13,40,330,8.0,0.0,MM,MM,MM,MM,1018.8,.0,13.8,.6,MM,MM,MM
2025,11,1,13,30,330,8.0,0.0,MM,MM,MM,MM,1018.7,.1,13.8,.7,MM,MM,MM
2025,11,1,13,20,320,8.0,9.0,1.8,12,6.3,295,1018.6,.2,13.8,.9,MM,MM,MM
2025,11,1,13,10,330,8.0,0.0,1.8,MM,6.3,295,1018.6,.0,13.8,.7,MM,MM,MM
2025,11,1,13,0,330,8.0,0.0,MM,MM,MM,MM,1018.5,.0,13.8,.7,MM,+0.0,MM
2025,11,1,12,50,330,7.0,9.0,1.9,14,6.8,279,1018.5,.0,13.8,.7,MM,MM,MM
2025,11,1,12,40,330,7.0,9.0,MM,MM,MM,MM,1018.4,.0,13.8,.6,MM,MM,MM
2025,11,1,12,30,330,7.0,9.0,MM,MM,MM,MM,1018.3,.1,13.8,.8,MM,MM,MM
2025,11,1,12,20,330,7.0,0.0,1.7,14,6.5,286,1018.3,.2,13.8,.8,MM,MM,MM
2025,11,1,12,10,330,8.0,9.0,1.7,MM,6.5,286,1018.2,.3,13.8,.9,MM,MM,MM
2025,11,1,12,0,330,7.0,8.0,MM,MM,MM,MM,1018.2,.3,13.8,.9,MM,+0.0,MM
2025,11,1,11,50,320,8.0,0.0,1.8,14,6.6,278,1018.2,.4,13.9,.0,MM,MM,MM
2025,11,1,11,40,320,7.0,9.0,1.8,MM,6.6,278,1018.2,.4,13.9,.0,MM,MM,MM
2025,11,1,11,30,320,7.0,9.0,MM,MM,MM,MM,1018.2,.5,13.9,.1,MM,MM,MM
2025,11,1,11,20,320,8.0,9.0,1.9,15,7.1,274,1018.2,.6,13.9,.1,MM,MM,MM
2025,11,1,11,10,310,8.0,9.0,1.9,MM,7.1,274,1018.1,.9,13.9,.3,MM,MM,MM
2025,11,1,11,0,320,7.0,8.0,MM,MM,MM,MM,1018.1,.2,13.9,.6,MM,+0.0,MM
2025,11,1,10,50,320,7.0,9.0,1.9,15,7.0,271,1018.0,.1,13.9,.6,MM,MM,MM
2025,11,1,10,40,320,7.0,9.0,1.9,MM,7.0,271,1018.0,.1,13.9,.6,MM,MM,MM
2025,11,1,10,30,320,7.0,8.0,MM,MM,MM,MM,1018.1,.1,13.9,.7,MM,MM,MM
2025,11,1,10,20,320,7.0,8.0,1.7,14,6.3,276,1018.2,.0,13.9,.6,MM,MM,MM
2025,11,1,10,10,320,7.0,9.0,1.7,MM,6.3,276,1018.2,.1,13.9,.6,MM,MM,MM
2025,11,1,10,0,320,6.0,8.0,MM,MM,MM,MM,1018.2,.2,13.9,.6,MM,+0.0,MM
2025,11,1,9,50,320,7.0,8.0,1.7,14,6.4,273,1018.2,.5,MM,.8,MM,MM,MM
2025,11,1,9,40,320,6.0,8.0,1.7,MM,6.4,273,1018.2,.8,13.9,.0,MM,MM,MM
2025,11,1,9,30,320,7.0,8.0,MM,MM,MM,MM,1018.2,.8,13.9,.0,MM,MM,MM
2025,11,1,9,20,320,8.0,9.0,1.9,15,6.6,272,1018.1,.9,13.9,.1,MM,MM,MM
2025,11,1,9,10,320,7.0,9.0,1.9,MM,6.6,272,1018.1,.8,13.9,.0,MM,MM,MM
2025,11,1,9,0,320,7.0,8.0,MM,MM,MM,MM,1018.1,.8,14.0,.0,MM,+0.0,MM
2025,11,1,8,50,320,8.0,0.0,1.8,MM,6.1,272,1018.5,.8,14.0,.0,MM,MM,MM
2025,11,1,8,40,320,7.0,9.0,1.8,MM,6.1,272,1018.0,.9,14.0,.1,MM,MM,MM
2025,11,1,8,30,320,6.0,7.0,MM,MM,MM,MM,1018.1,.9,14.0,.1,MM,MM,MM
2025,11,1,8,20,320,6.0,7.0,1.8,15,6.1,265,1018.1,.9,14.0,.1,MM,MM,MM
2025,11,1,8,10,320,7.0,8.0,MM,MM,MM,MM,1018.0,.0,14.0,.2,MM,MM,MM
2025,11,1,8,0,320,7.0,8.0,MM,MM,MM,MM,1018.1,.0,14.0,.1,MM,+0.5,MM
2025,11,1,7,50,320,7.0,9.0,2.1,15,6.3,277,1018.0,.0,14.0,.1,MM,MM,MM
2025,11,1,7,40,320,8.0,9.0,MM,MM,MM,MM,1018.0,.0,14.0,.1,MM,MM,MM
2025,11,1,7,30,320,8.0,9.0,MM,MM,MM,MM,1018.0,.0,14.0,.2,MM,MM,MM
2025,11,1,7,20,320,9.0,1.0,2.0,15,6.0,286,1018.5,.9,14.0,.1,MM,MM,MM
2025,11,1,7,10,320,9.0,0.0,MM,MM,MM,MM,1018.1,.8,14.0,.0,MM,MM,MM
2025,11,1,7,0,320,9.0,0.0,MM,MM,MM,MM,1018.1,.9,14.1,.1,MM,+1.0,MM
2025,11,1,6,50,320,9.0,1.0,1.9,15,5.9,269,1018.1,.0,14.1,.1,MM,MM,MM
2025,11,1,6,40,320,9.0,0.0,1.9,MM,5.9,269,1018.0,.1,14.1,.1,MM,MM,MM
2025,11,1,6,30,320,8.0,0.0,MM,MM,MM,MM,1018.1,.2,14.1,.2,MM,MM,MM
2025,11,1,6,20,320,8.0,0.0,2.1,16,6.2,269,1018.1,.2,14.2,.2,MM,MM,MM
2025,11,1,6,10,320,8.0,9.0,2.1,MM,6.2,269,1018.2,.3,14.2,.3,MM,MM,MM
2025,11,1,6,0,320,8.0,0.0,MM,MM,MM,MM,1018.1,.2,14.2,.2,MM,+1.1,MM
2025,11,1,5,50,320,8.0,0.0,2.0,7,6.0,298,1018.0,.2,14.2,.2,MM,MM,MM
2025,11,1,5,40,320,9.0,1.0,2.0,MM,6.0,298,1017.9,.2,14.2,.2,MM,MM,MM
2025,11,1,5,30,320,9.0,1.0,MM,MM,MM,MM,1017.8,.0,14.2,.1,MM,MM,MM
2025,11,1,5,20,320,8.0,0.0,2.2,15,6.2,280,1017.7,.9,14.2,.1,MM,MM,MM
2025,11,1,5,10,320,9.0,1.0,2.2,MM,6.2,280,1017.8,.8,14.2,.0,MM,MM,MM
2025,11,1,5,0,320,0.0,2.0,MM,MM,MM,MM,1017.7,.8,14.2,.9,MM,+0.8,MM
2025,11,1,4,50,320,0.0,1.0,2.1,16,6.0,274,1017.6,.1,14.2,.1,MM,MM,MM
2025,11,1,4,40,320,9.0,1.0,MM,MM,MM,MM,1017.4,.3,14.3,.2,MM,MM,MM
2025,11,1,4,30,330,9.0,1.0,MM,MM,MM,MM,1017.5,.5,14.3,.2,MM,MM,MM
2025,11,1,4,20,330,8.0,0.0,1.9,16,5.8,270,1017.4,.7,14.3,.3,MM,MM,MM
2025,11,1,4,10,330,8.0,0.0,1.9,MM,5.8,270,1017.3,.8,14.2,.3,MM,MM,MM
2025,11,1,4,0,330,9.0,0.0,MM,MM,MM,MM,1017.2,.9,14.2,.3,MM,+0.3,MM
2025,11,1,3,50,320,9.0,1.0,1.8,7,5.5,296,1017.1,.9,14.2,.0,MM,MM,MM
2025,11,1,3,40,320,8.0,1.0,MM,MM,MM,MM,1017.1,.0,14.2,.9,MM,MM,MM
2025,11,1,3,30,320,9.0,1.0,MM,MM,MM,MM,1017.0,.0,14.2,.7,MM,MM,MM
2025,11,1,3,20,320,9.0,1.0,1.8,16,5.8,283,1017.1,.9,14.2,.6,MM,MM,MM
2025,11,1,3,10,320,0.0,2.0,1.8,MM,5.8,283,1017.0,.8,14.2,.8,MM,MM,MM
2025,11,1,3,0,320,9.0,1.0,MM,MM,MM,MM,1017.0,.7,14.2,.9,MM,-0.0,MM
2025,11,1,2,50,320,0.0,2.0,1.9,15,5.9,278,1017.0,.7,14.2,.0,MM,MM,MM
2025,11,1,2,40,320,0.0,2.0,1.9,MM,5.9,278,1017.0,.7,14.2,.9,MM,MM,MM
2025,11,1,2,30,320,0.0,2.0,MM,MM,MM,MM,1017.0,.8,14.3,.9,MM,MM,MM
2025,11,1,2,20,320,0.0,1.0,1.8,7,5.8,292,1016.9,.8,14.3,.9,MM,MM,MM
2025,11,1,2,10,320,9.0,1.0,1.8,MM,5.8,292,1016.9,.7,14.3,.8,MM,MM,MM
2025,11,1,2,0,320,8.0,9.0,MM,MM,MM,MM,1016.8,.7,14.3,.9,MM,-0.4,MM
2025,11,1,1,50,320,8.0,0.0,1.7,16,5.6,262,1016.9,.6,14.3,.9,MM,MM,MM
2025,11,1,1,40,320,9.0,1.0,1.7,MM,5.6,262,1016.8,.6,14.3,.0,MM,MM,MM
2025,11,1,1,30,320,9.0,0.0,MM,MM,MM,MM,1016.8,.6,14.3,.0,MM,MM,MM
2025,11,1,1,20,320,8.0,1.0,1.5,16,5.5,284,1016.8,.6,14.3,.9,MM,MM,MM
2025,11,1,1,10,320,8.0,0.0,1.5,MM,5.5,284,1016.9,.6,14.3,.8,MM,MM,MM
2025,11,1,1,0,320,8.0,0.0,MM,MM,MM,MM,1016.9,.7,14.3,.9,MM,-0.6,MM
2025,11,1,0,50,320,7.0,9.0,1.6,16,5.6,266,1016.9,.7,14.3,.8,MM,MM,MM
2025,11,1,0,40,320,8.0,9.0,MM,MM,MM,MM,1017.0,.7,14.3,.8,MM,MM,MM
2025,11,1,0,30,310,8.0,9.0,MM,MM,MM,MM,1017.1,.5,14.3,.7,MM,MM,MM
2025,11,1,0,20,310,7.0,9.0,1.6,10,5.4,281,1017.2,.5,14.3,.9,MM,MM,MM
2025,11,1,0,10,320,7.0,9.0,1.6,MM,5.4,281,1017.3,.4,14.4,.8,MM,MM,MM
2025,11,1,0,0,310,8.0,9.0,MM,MM,MM,MM,1017.3,.4,14.3,.8,MM,-0.9,MM
2025,10,31,23,50,310,9.0,1.0,1.7,16,5.5,286,1017.2,.5,14.4,.9,MM,MM,MM
2025,10,31,23,40,310,9.0,1.0,MM,MM,MM,MM,1017.3,.5,14.4,.9,MM,MM,MM
2025,10,31,23,0,320,9.0,1.0,1.6,MM,5.0,285,1017.4,.3,14.4,.9,MM,-1.5,MM
2025,10,31,22,50,320,9.0,1.0,1.7,17,5.6,269,1017.5,.3,14.4,.9,MM,MM,MM
2025,10,31,22,40,320,9.0,1.0,MM,MM,MM,MM,1017.5,.3,14.4,.9,MM,MM,MM
2025,10,31,22,30,320,9.0,1.0,MM,MM,MM,MM,1017.5,.2,14.4,.8,MM,MM,MM
2025,10,31,22,20,320,9.0,0.0,1.7,10,5.6,287,1017.6,.2,14.4,.9,MM,MM,MM
2025,10,31,22,10,310,0.0,1.0,1.7,MM,5.6,287,1017.6,.1,14.4,.8,MM,MM,MM
2025,10,31,22,0,320,9.0,2.0,MM,MM,MM,MM,1017.6,.1,14.4,.8,MM,-1.8,MM
2025,10,31,21,50,320,9.0,1.0,1.8,9,5.9,286,1017.7,.1,14.4,.9,MM,MM,MM
2025,10,31,21,40,320,9.0,1.0,1.8,MM,5.9,286,1017.7,.1,14.4,.9,MM,MM,MM
2025,10,31,21,30,320,9.0,1.0,MM,MM,MM,MM,1017.8,.1,14.4,.9,MM,MM,MM
2025,10,31,21,20,320,9.0,1.0,1.8,10,5.9,278,1017.8,.0,14.4,.8,MM,MM,MM
2025,10,31,21,10,310,9.0,1.0,1.8,MM,5.9,278,1018.0,.0,14.5,.8,MM,MM,MM
2025,10,31,21,0,310,8.0,0.0,MM,MM,MM,MM,1018.2,.0,14.5,.8,MM,-0.7,MM
2025,10,31,20,50,310,8.0,9.0,1.9,9,6.4,285,1018.3,.0,14.5,.8,MM,MM,MM
2025,10,31,20,40,310,8.0,9.0,MM,MM,MM,MM,1018.4,.9,14.5,.7,MM,MM,MM
2025,10,31,20,30,310,7.0,9.0,MM,MM,MM,MM,1018.5,.0,14.5,.8,MM,MM,MM
2025,10,31,20,20,320,7.0,8.0,1.8,10,6.4,285,1018.5,.9,14.5,.6,MM,MM,MM
2025,10,31,20,10,320,7.0,8.0,1.8,MM,6.4,285,1018.6,.9,14.5,.7,MM,MM,MM
2025,10,31,20,0,320,7.0,8.0,MM,MM,MM,MM,1018.8,.8,14.5,.6,MM,+0.0,MM
2025,10,31,19,50,320,6.0,8.0,1.7,8,6.4,300,1019.0,.8,14.5,.7,MM,MM,MM
2025,10,31,19,40,320,6.0,7.0,1.7,MM,6.4,300,1019.3,.6,14.5,.6,MM,MM,MM
2025,10,31,19,30,320,5.0,6.0,MM,MM,MM,MM,1019.3,.5,14.6,.5,MM,MM,MM
2025,10,31,19,20,320,4.0,6.0,1.7,10,6.4,282,1019.5,.6,14.5,.5,MM,MM,MM
2025,10,31,19,10,330,3.0,4.0,MM,MM,MM,MM,1019.4,.5,14.5,.4,MM,MM,MM
2025,10,31,19,0,350,2.0,3.0,MM,MM,MM,MM,1019.4,.3,14.4,.3,MM,+1.2,MM
2025,10,31,18,50,350,1.0,2.0,1.9,10,6.8,285,1019.2,.3,14.4,.2,MM,MM,MM
2025,10,31,18,40,360,1.0,1.0,MM,MM,MM,MM,1019.2,.3,14.4,.3,MM,MM,MM
2025,10,31,18,30,10,1.0,2.0,MM,MM,MM,MM,1019.1,.4,14.4,.3,MM,MM,MM
2025,10,31,18,20,30,1.0,2.0,1.8,7,6.5,292,1018.9,.5,14.4,.4,MM,MM,MM
2025,10,31,18,10,MM,0.0,2.0,MM,MM,MM,MM,1018.8,.4,14.4,.3,MM,MM,MM
2025,10,31,18,0,360,1.0,2.0,MM,MM,MM,MM,1018.8,.4,14.4,.3,MM,+1.6,MM
2025,10,31,17,50,350,1.0,3.0,1.8,8,6.5,293,1018.8,.4,14.4,.3,MM,MM,MM
2025,10,31,17,40,330,1.0,3.0,MM,MM,MM,MM,1018.8,.4,14.4,.3,MM,MM,MM
2025,10,31,17,30,300,2.0,3.0,MM,MM,MM,MM,1018.8,.3,14.4,.3,MM,MM,MM
2025,10,31,17,20,310,2.0,4.0,2.0,11,6.6,291,1018.7,.2,14.4,.2,MM,MM,MM
2025,10,31,17,10,320,2.0,3.0,2.0,MM,6.6,291,1018.6,.2,14.4,.3,MM,MM,MM
2025,10,31,17,0,330,1.0,2.0,MM,MM,MM,MM,1018.6,.1,14.4,.3,MM,+1.7,MM
2025,10,31,16,50,300,2.0,4.0,2.0,11,6.5,283,1018.6,.1,14.3,.3,MM,MM,MM
2025,10,31,16,40,340,2.0,3.0,MM,MM,MM,MM,1018.6,.1,14.3,.3,MM,MM,MM
2025,10,31,16,30,350,2.0,4.0,MM,MM,MM,MM,1018.5,.2,14.3,.4,MM,MM,MM
2025,10,31,16,20,340,3.0,4.0,1.8,11,6.4,277,1018.5,.2,14.3,.4,MM,MM,MM
2025,10,31,16,10,360,3.0,4.0,1.8,MM,6.4,277,1018.3,.1,14.3,.3,MM,MM,MM
2025,10,31,16,0,340,3.0,4.0,MM,MM,MM,MM,1018.2,.3,14.3,.4,MM,+1.5,MM
2025,10,31,15,50,340,3.0,5.0,2.0,9,6.5,295,1017.9,.3,14.3,.4,MM,MM,MM
2025,10,31,15,40,350,4.0,5.0,MM,MM,MM,MM,1017.8,.4,14.3,.5,MM,MM,MM
2025,10,31,15,30,340,4.0,6.0,MM,MM,MM,MM,1017.6,.4,14.3,.5,MM,MM,MM
2025,10,31,15,20,330,5.0,6.0,1.9,11,6.3,287,1017.5,.4,14.3,.5,MM,MM,MM
2025,10,31,15,10,330,5.0,6.0,1.9,MM,6.3,287,1017.3,.5,14.3,.6,MM,MM,MM
2025,10,31,15,0,330,5.0,7.0,MM,MM,MM,MM,1017.2,.5,14.3,.5,MM,+0.9,MM
2025,10,31,14,50,330,6.0,7.0,1.9,11,6.0,283,1017.1,.5,14.3,.5,MM,MM,MM
2025,10,31,14,40,330,6.0,7.0,MM,MM,MM,MM,1017.0,.5,14.3,.5,MM,MM,MM
2025,10,31,14,30,330,7.0,9.0,MM,MM,MM,MM,1016.9,.6,14.3,.5,MM,MM,MM
2025,10,31,14,20,330,7.0,9.0,1.9,11,6.0,287,1016.9,.6,14.3,.5,MM,MM,MM
2025,10,31,14,10,330,7.0,9.0,1.9,MM,6.0,287,1016.9,.7,14.3,.6,MM,MM,MM
2025,10,31,14,0,330,8.0,9.0,MM,MM,MM,MM,1016.9,.8,14.3,.7,MM,+0.6,MM
2025,10,31,13,50,330,8.0,9.0,2.0,11,6.3,283,1016.9,.8,14.3,.7,MM,MM,MM
2025,10,31,13,40,330,7.0,9.0,2.0,MM,6.3,283,1017.0,.8,14.3,.7,MM,MM,MM
2025,10,31,13,30,330,8.0,0.0,MM,MM,MM,MM,1017.0,.8,14.3,.6,MM,MM,MM
2025,10,31,13,20,330,7.0,8.0,2.1,MM,6.4,286,1016.8,.7,14.3,.6,MM,MM,MM
2025,10,31,13,10,MM,MM,MM,2.1,11,6.4,286,MM,MM,MM,MM,MM,MM,MM
2025,10,31,13,0,330,6.0,8.0,MM,MM,MM,MM,1016.6,.7,14.3,.5,MM,-0.0,MM
2025,10,31,12,50,330,7.0,8.0,2.2,8,6.5,288,1016.5,.8,14.3,.6,MM,MM,MM
2025,10,31,12,40,330,7.0,9.0,2.2,MM,6.5,288,1016.5,.8,14.3,.6,MM,MM,MM
2025,10,31,12,30,330,7.0,8.0,MM,MM,MM,MM,1016.5,.8,14.3,.7,MM,MM,MM
2025,10,31,12,20,320,7.0,9.0,2.1,11,6.3,294,1016.4,.8,14.3,.6,MM,MM,MM
2025,10,31,12,10,330,7.0,9.0,MM,MM,MM,MM,1016.4,.8,14.3,.6,MM,MM,MM
2025,10,31,12,0,330,7.0,9.0,MM,MM,MM,MM,1016.2,.9,MM,.8,MM,-0.3,MM
2025,10,31,11,50,330,7.0,9.0,2.0,11,6.0,286,1016.1,.9,14.3,.7,MM,MM,MM
2025,10,31,11,40,330,7.0,9.0,2.0,MM,6.0,286,1016.1,.9,14.3,.7,MM,MM,MM
2025,10,31,11,30,320,7.0,9.0,MM,MM,MM,MM,1016.1,.9,14.4,.8,MM,MM,MM
2025,10,31,11,20,320,8.0,9.0,2.0,11,6.1,293,1016.1,.9,14.3,.7,MM,MM,MM
2025,10,31,11,10,320,8.0,9.0,2.0,MM,6.1,293,1016.1,.9,14.3,.7,MM,MM,MM
2025,10,31,11,0,320,8.0,0.0,MM,MM,MM,MM,1016.2,.0,14.3,.7,MM,+0.0,MM
2025,10,31,10,50,320,8.0,0.0,2.1,11,6.0,287,1016.4,.0,14.3,.6,MM,MM,MM
2025,10,31,10,40,320,8.0,0.0,MM,MM,MM,MM,1016.3,.1,14.3,.7,MM,MM,MM
2025,10,31,10,30,320,8.0,0.0,MM,MM,MM,MM,1016.4,.1,14.3,.7,MM,MM,MM
2025,10,31,10,20,320,8.0,9.0,2.1,11,5.9,291,1016.4,.1,14.3,.7,MM,MM,MM
2025,10,31,10,10,320,8.0,9.0,2.1,MM,5.9,291,1016.4,.2,14.3,.7,MM,MM,MM
2025,10,31,10,0,320,8.0,9.0,MM,MM,MM,MM,1016.4,.2,14.3,.6,MM,+0.0,MM
2025,10,31,9,50,330,8.0,9.0,2.2,11,5.9,291,1016.3,.2,14.3,.5,MM,MM,MM
2025,10,31,9,40,330,8.0,0.0,2.2,MM,5.9,291,1016.3,.2,14.3,.5,MM,MM,MM
2025,10,31,9,30,330,8.0,1.0,MM,MM,MM,MM,1016.3,.3,14.3,.7,MM,MM,MM
2025,10,31,9,20,330,9.0,1.0,2.2,8,5.9,283,1016.4,.3,14.3,.7,MM,MM,MM
2025,10,31,9,10,320,0.0,2.0,2.2,MM,5.9,283,1016.5,.3,14.3,.7,MM,MM,MM
2025,10,31,9,0,320,0.0,2.0,MM,MM,MM,MM,1016.6,.3,14.3,.7,MM,+0.0,MM
2025,10,31,8,50,320,0.0,3.0,2.3,11,5.9,292,1016.6,.2,14.3,.6,MM,MM,MM
2025,10,31,8,40,320,0.0,2.0,MM,MM,MM,MM,1016.4,.2,14.3,.6,MM,MM,MM
2025,10,31,8,30,320,0.0,2.0,MM,MM,MM,MM,1016.4,.3,14.4,.8,MM,MM,MM
2025,10,31,8,20,320,1.0,3.0,2.3,7,5.9,298,1016.4,.3,14.4,.7,MM,MM,MM
2025,10,31,8,10,320,0.0,2.0,MM,MM,MM,MM,1016.4,.3,14.4,.7,MM,MM,MM
2025,10,31,8,0,320,0.0,2.0,MM,MM,MM,MM,1016.4,.3,14.5,.6,MM,+0.0,MM
2025,10,31,7,50,320,1.0,2.0,2.3,7,5.8,298,1016.4,.3,14.5,.6,MM,MM,MM
2025,10,31,7,40,320,0.0,3.0,2.3,MM,5.8,298,1016.4,.4,14.5,.6,MM,MM,MM
2025,10,31,7,30,320,1.0,4.0,MM,MM,MM,MM,1016.3,.4,14.5,.5,MM,MM,MM
2025,10,31,7,20,320,1.0,4.0,2.6,11,6.1,294,1016.3,.4,14.5,.5,MM,MM,MM
2025,10,31,7,10,320,2.0,5.0,MM,MM,MM,MM,1016.4,.4,14.6,.5,MM,MM,MM
2025,10,31,7,0,320,1.0,4.0,MM,MM,MM,MM,1016.4,.5,14.6,.6,MM,+0.0,MM
2025,10,31,6,50,320,1.0,4.0,2.4,8,5.6,292,1016.5,.5,14.6,.7,MM,MM,MM
2025,10,31,6,40,320,1.0,4.0,MM,MM,MM,MM,1016.6,.5,14.6,.6,MM,MM,MM
2025,10,31,6,30,320,1.0,3.0,MM,MM,MM,MM,1016.6,.5,14.6,.6,MM,MM,MM
2025,10,31,6,20,310,1.0,4.0,2.7,7,6.0,292,1016.6,.4,14.7,.6,MM,MM,MM
2025,10,31,6,10,310,1.0,5.0,MM,MM,MM,MM,1016.5,.4,14.7,.6,MM,MM,MM
2025,10,31,6,0,310,1.0,3.0,MM,MM,MM,MM,1016.6,.4,14.7,.6,MM,+0.0,MM
2025,10,31,5,50,310,1.0,3.0,2.6,7,6.0,289,1016.6,.5,14.7,.8,MM,MM,MM
2025,10,31,5,40,310,2.0,4.0,MM,MM,MM,MM,1016.7,.5,14.7,.8,MM,MM,MM
2025,10,31,5,30,310,1.0,4.0,MM,MM,MM,MM,1016.6,.5,14.6,.8,MM,MM,MM
2025,10,31,5,20,310,1.0,4.0,2.5,7,6.0,295,1016.6,.5,14.7,.7,MM,MM,MM
2025,10,31,5,10,310,1.0,3.0,MM,MM,MM,MM,1016.5,.5,14.7,.8,MM,MM,MM
2025,10,31,5,0,310,1.0,2.0,MM,MM,MM,MM,1016.5,.5,14.7,.8,MM,+0.3,MM
2025,10,31,4,50,310,1.0,3.0,2.6,11,6.2,290,1016.5,.5,14.7,.7,MM,MM,MM
2025,10,31,4,40,310,1.0,4.0,2.6,MM,6.2,290,1016.5,.5,14.7,.7,MM,MM,MM
2025,10,31,4,30,310,1.0,3.0,MM,MM,MM,MM,1016.4,.5,14.7,.8,MM,MM,MM
2025,10,31,4,20,310,1.0,3.0,2.5,9,6.2,302,1016.4,.5,14.7,.8,MM,MM,MM
2025,10,31,4,10,310,1.0,3.0,MM,MM,MM,MM,1016.4,.6,14.7,.9,MM,MM,MM
2025,10,31,4,0,310,1.0,3.0,MM,MM,MM,MM,1016.4,.6,14.7,.8,MM,+0.0,MM
2025,10,31,3,50,310,1.0,2.0,2.6,11,6.1,286,1016.4,.6,14.7,.9,MM,MM,MM
2025,10,31,3,40,310,1.0,3.0,2.6,MM,6.1,286,1016.3,.5,14.7,.8,MM,MM,MM
2025,10,31,3,30,310,1.0,3.0,MM,MM,MM,MM,1016.3,.6,14.7,.8,MM,MM,MM
2025,10,31,3,20,310,2.0,4.0,2.4,10,6.0,292,1016.7,.6,14.7,.8,MM,MM,MM
2025,10,31,3,10,310,1.0,3.0,MM,MM,MM,MM,1016.5,.6,14.6,.8,MM,MM,MM
2025,10,31,3,0,310,0.0,3.0,MM,MM,MM,MM,1016.4,.6,14.6,.8,MM,+0.0,MM
2025,10,31,2,50,310,1.0,3.0,2.4,9,6.1,297,1016.3,.6,14.5,.8,MM,MM,MM
2025,10,31,2,40,310,1.0,3.0,MM,MM,MM,MM,1016.3,.5,14.5,.7,MM,MM,MM
2025,10,31,2,30,310,0.0,3.0,MM,MM,MM,MM,1016.3,.4,14.6,.7,MM,MM,MM
2025,10,31,2,20,310,1.0,3.0,2.4,12,6.1,309,1016.2,.4,14.6,.7,MM,MM,MM
2025,10,31,2,10,310,0.0,2.0,MM,MM,MM,MM,1016.3,.4,14.5,.7,MM,MM,MM
2025,10,31,2,0,310,0.0,3.0,MM,MM,MM,MM,1016.2,.5,14.4,.8,MM,-0.4,MM
2025,10,31,1,50,310,0.0,2.0,2.7,11,6.5,297,1016.3,.5,14.4,.8,MM,MM,MM
2025,10,31,1,40,310,0.0,2.0,MM,MM,MM,MM,1016.2,.5,14.4,.8,MM,MM,MM
2025,10,31,1,30,320,0.0,2.0,MM,MM,MM,MM,1016.2,.4,14.4,.7,MM,MM,MM
2025,10,31,1,20,320,0.0,3.0,2.8,12,6.5,286,1016.3,.4,14.4,.7,MM,MM,MM
2025,10,31,1,10,320,0.0,3.0,2.8,MM,6.5,286,1016.3,.4,14.4,.7,MM,MM,MM
2025,10,31,1,0,320,1.0,3.0,MM,MM,MM,MM,1016.4,.4,14.4,.7,MM,-0.4,MM
2025,10,31,0,50,320,1.0,3.0,2.6,11,6.3,290,1016.4,.4,14.4,.8,MM,MM,MM
2025,10,31,0,40,310,1.0,4.0,MM,MM,MM,MM,1016.4,.3,14.4,.7,MM,MM,MM
2025,10,31,0,30,310,1.0,4.0,MM,MM,MM,MM,1016.4,.1,14.4,.6,MM,MM,MM
2025,10,31,0,20,310,0.0,2.0,2.5,11,6.5,292,1016.4,.1,14.4,.7,MM,MM,MM
2025,10,31,0,10,310,1.0,3.0,2.5,MM,6.5,292,1016.4,.1,14.5,.7,MM,MM,MM
2025,10,31,0,0,310,0.0,2.0,MM,MM,MM,MM,1016.4,.1,14.5,.7,MM,-0.7,MM
2025,10,30,23,50,310,1.0,3.0,2.4,11,6.3,306,1016.5,.1,14.5,.7,MM,MM,MM
2025,10,30,23,40,320,0.0,2.0,MM,MM,MM,MM,1016.5,.0,14.5,.7,MM,MM,MM
2025,10,30,23,30,320,0.0,2.0,MM,MM,MM,MM,1016.5,.1,14.5,.8,MM,MM,MM
2025,10,30,23,20,320,0.0,3.0,2.4,11,6.3,297,1016.5,.1,14.5,.8,MM,MM,MM
2025,10,30,23,10,320,9.0,1.0,2.4,MM,6.3,297,1016.5,.1,14.5,.9,MM,MM,MM
2025,10,30,23,0,320,0.0,2.0,MM,MM,MM,MM,1016.6,.0,14.5,.8,MM,-1.1,MM
2025,10,30,22,50,320,0.0,2.0,2.5,12,6.4,303,1016.7,.0,14.5,.8,MM,MM,MM
2025,10,30,22,40,320,0.0,3.0,MM,MM,MM,MM,1016.6,.9,14.5,.7,MM,MM,MM
2025,10,30,22,30,320,0.0,2.0,MM,MM,MM,MM,1016.6,.9,14.5,.7,MM,MM,MM
2025,10,30,22,20,320,0.0,2.0,2.4,12,6.4,298,1016.6,.9,14.5,.7,MM,MM,MM
2025,10,30,22,10,320,0.0,2.0,2.4,MM,6.4,298,1016.7,.9,14.6,.8,MM,MM,MM
2025,10,30,22,0,320,0.0,2.0,MM,MM,MM,MM,1016.8,.9,14.6,.8,MM,-1.4,MM
2025,10,30,21,50,320,0.0,3.0,2.4,11,6.5,301,1016.9,.8,14.6,.7,MM,MM,MM
2025,10,30,21,40,320,9.0,2.0,2.4,MM,6.5,301,1016.9,.8,14.6,.8,MM,MM,MM
2025,10,30,21,30,310,0.0,2.0,MM,MM,MM,MM,1017.0,.8,14.6,.8,MM,MM,MM
2025,10,30,21,20,320,0.0,3.0,2.9,12,7.5,296,1016.9,.8,14.6,.8,MM,MM,MM
2025,10,30,21,10,310,9.0,2.0,2.9,MM,7.5,296,1017.1,.8,14.6,.8,MM,MM,MM
2025,10,30,21,0,310,0.0,2.0,MM,MM,MM,MM,1017.2,.8,14.6,.7,MM,-1.1,MM
2025,10,30,20,50,310,0.0,2.0,2.5,14,7.0,287,1017.2,.9,14.6,.8,MM,MM,MM
2025,10,30,20,40,310,9.0,1.0,2.5,MM,7.0,287,1017.3,.9,14.6,.9,MM,MM,MM
2025,10,30,20,30,310,9.0,1.0,MM,MM,MM,MM,1017.5,.7,14.6,.7,MM,MM,MM
2025,10,30,20,20,310,9.0,1.0,2.7,13,7.4,294,1017.5,.7,14.6,.8,MM,MM,MM
2025,10,30,20,10,310,8.0,0.0,2.7,MM,7.4,294,1017.7,.7,14.6,.8,MM,MM,MM
2025,10,30,20,0,320,8.0,1.0,MM,MM,MM,MM,1017.7,.6,14.6,.7,MM,-0.6,MM
2025,10,30,19,50,320,8.0,1.0,2.7,14,7.5,298,1017.7,.7,14.6,.8,MM,MM,MM
2025,10,30,19,40,310,9.0,0.0,2.7,MM,7.5,298,1017.9,.6,14.6,.7,MM,MM,MM
2025,10,30,19,30,320,9.0,1.0,MM,MM,MM,MM,1018.0,.6,14.6,.7,MM,MM,MM
2025,10,30,19,20,310,8.0,0.0,2.4,14,7.0,294,1018.1,.7,MM,.9,MM,MM,MM
2025,10,30,19,10,320,8.0,0.0,MM,MM,MM,MM,1018.1,.7,14.6,.8,MM,MM,MM
2025,10,30,19,0,320,8.0,0.0,MM,MM,MM,MM,1018.2,.7,14.6,.8,MM,+0.0,MM
2025,10,30,18,50,320,8.0,0.0,MM,MM,MM,MM,1018.2,.7,14.5,.7,MM,MM,MM
2025,10,30,18,40,320,8.0,0.0,MM,MM,MM,MM,1018.3,.6,14.5,.7,MM,MM,MM
2025,10,30,18,30,320,8.0,0.0,MM,MM,MM,MM,1018.3,.5,14.5,.7,MM,MM,MM
2025,10,30,18,20,320,8.0,0.0,2.6,14,7.4,287,1018.2,.4,14.5,.6,MM,MM,MM
2025,10,30,18,10,320,8.0,1.0,2.6,MM,7.4,287,1018.2,.3,14.4,.6,MM,MM,MM
2025,10,30,18,0,320,8.0,0.0,MM,MM,MM,MM,1018.2,.3,14.4,.6,MM,+0.7,MM
2025,10,30,17,50,320,8.0,1.0,2.6,13,7.4,290,1018.4,.3,14.4,.6,MM,MM,MM
2025,10,30,17,40,320,8.0,0.0,2.6,MM,7.4,290,1018.4,.3,14.4,.6,MM,MM,MM
2025,10,30,17,30,310,8.0,1.0,MM,MM,MM,MM,1018.4,.3,14.4,.6,MM,MM,MM
2025,10,30,17,20,310,8.0,0.0,2.5,13,7.1,302,1018.4,.3,14.4,.6,MM,MM,MM
2025,10,30,17,10,320,9.0,1.0,MM,MM,MM,MM,1018.3,.2,14.4,.5,MM,MM,MM
2025,10,30,17,0,310,9.0,1.0,MM,MM,MM,MM,1018.3,.3,14.4,.6,MM,+1.0,MM
2025,10,30,16,50,320,9.0,0.0,2.4,13,6.8,289,1018.3,.2,14.4,.5,MM,MM,MM
2025,10,30,16,40,310,8.0,0.0,MM,MM,MM,MM,1018.3,.3,14.4,.6,MM,MM,MM
2025,10,30,16,30,320,8.0,0.0,MM,MM,MM,MM,1018.2,.2,14.4,.5,MM,MM,MM
2025,10,30,16,20,320,8.0,0.0,2.6,14,7.3,304,1018.1,.1,14.4,.5,MM,MM,MM
2025,10,30,16,10,310,9.0,1.0,2.6,MM,7.3,304,1018.0,.1,14.4,.5,MM,MM,MM
2025,10,30,16,0,320,8.0,0.0,MM,MM,MM,MM,1018.0,.0,14.4,.4,MM,+0.5,MM
2025,10,30,15,50,320,8.0,0.0,2.3,14,6.8,297,1017.8,.0,14.4,.4,MM,MM,MM
2025,10,30,15,40,320,8.0,0.0,2.3,MM,6.8,297,1017.7,.0,14.4,.4,MM,MM,MM
2025,10,30,15,30,320,8.0,0.0,MM,MM,MM,MM,1017.7,.0,14.4,.5,MM,MM,MM
2025,10,30,15,20,320,8.0,0.0,2.3,14,6.8,298,1017.7,.0,14.4,.5,MM,MM,MM
2025,10,30,15,10,320,8.0,0.0,2.3,MM,6.8,298,1017.7,.0,14.4,.5,MM,MM,MM
2025,10,30,15,0,320,9.0,1.0,MM,MM,MM,MM,1017.5,.9,14.4,.4,MM,MM,MM
2025,10,30,14,50,320,8.0,0.0,2.5,15,7.3,298,1017.4,.0,14.4,.5,MM,MM,MM
2025,10,30,14,40,320,8.0,1.0,2.5,MM,7.3,298,1017.4,.0,14.4,.5,MM,MM,MM
2025,10,30,14,30,320,9.0,1.0,MM,MM,MM,MM,1017.2,.9,14.4,.4,MM,MM,MM
2025,10,30,14,20,320,9.0,0.0,2.4,15,6.8,298,1017.2,.9,14.4,.4,MM,MM,MM
2025,10,30,14,10,320,8.0,0.0,2.4,MM,6.8,298,1017.3,.9,14.5,.5,MM,MM,MM
2025,10,30,14,0,320,9.0,1.0,MM,MM,MM,MM,1017.3,.9,14.5,.5,MM,MM,MM
2025,10,30,13,50,320,9.0,0.0,2.4,14,6.8,284,1017.3,.9,14.5,.5,MM,MM,MM
2025,10,30,13,40,320,9.0,1.0,MM,MM,MM,MM,1017.4,.9,14.5,.5,MM,MM,MM
2025,10,30,13,30,320,9.0,0.0,MM,MM,MM,MM,1017.4,.9,14.5,.4,MM,MM,MM
2025,10,30,13,20,310,9.0,1.0,2.6,15,7.1,295,1017.4,.9,14.5,.4,MM,MM,MM
2025,10,30,13,10,320,8.0,0.0,2.6,MM,7.1,295,1017.4,.0,14.5,.6,MM,MM,MM
2025,10,30,13,0,310,8.0,0.0,MM,MM,MM,MM,1017.5,.9,14.5,.5,MM,MM,MM
2025,10,30,12,50,320,9.0,1.0,2.3,8,6.6,287,1017.4,.9,14.5,.5,MM,MM,MM
2025,10,30,12,40,320,9.0,1.0,MM,MM,MM,MM,1017.3,.0,14.5,.5,MM,MM,MM
2025,10,30,12,30,320,9.0,1.0,MM,MM,MM,MM,1017.2,.0,14.5,.5,MM,MM,MM
2025,10,30,12,20,320,9.0,1.0,2.3,15,6.7,303,1017.2,.0,14.5,.5,MM,MM,MM
2025,10,30,12,10,310,9.0,1.0,MM,MM,MM,MM,1017.1,.0,14.5,.5,MM,MM,MM
2025,10,30,12,0,320,9.0,1.0,MM,MM,MM,MM,1017.1,.1,14.5,.6,MM,-0.9,MM
2025,10,30,11,50,310,9.0,1.0,2.3,15,6.8,287,1017.1,.1,14.5,.6,MM,MM,MM
2025,10,30,11,40,310,9.0,1.0,MM,MM,MM,MM,1017.1,.1,14.5,.6,MM,MM,MM
2025,10,30,11,30,320,9.0,1.0,MM,MM,MM,MM,1017.1,.0,14.5,.5,MM,MM,MM
2025,10,30,11,20,310,9.0,2.0,2.3,15,6.7,284,1017.1,.1,14.5,.6,MM,MM,MM
2025,10,30,11,10,310,9.0,1.0,2.3,MM,6.7,284,1017.2,.1,14.5,.6,MM,MM,MM
2025,10,30,11,0,320,9.0,1.0,MM,MM,MM,MM,1017.2,.1,14.5,.6,MM,-0.5,MM
2025,10,30,10,50,320,9.0,1.0,2.5,15,6.9,286,1017.4,.2,14.5,.7,MM,MM,MM
2025,10,30,10,40,320,9.0,0.0,MM,MM,MM,MM,1017.3,.2,14.5,.7,MM,MM,MM
2025,10,30,10,30,310,9.0,1.0,MM,MM,MM,MM,1017.5,.2,14.6,.7,MM,MM,MM
2025,10,30,10,20,320,9.0,1.0,2.4,15,6.7,291,1017.5,.2,14.5,.7,MM,MM,MM
2025,10,30,10,10,320,9.0,1.0,MM,MM,MM,MM,1017.6,.2,14.6,.7,MM,MM,MM
2025,10,30,10,0,320,9.0,1.0,MM,MM,MM,MM,1017.6,.2,14.6,.7,MM,-0.3,MM
2025,10,30,9,50,320,9.0,1.0,2.3,15,6.6,289,1017.6,.3,14.6,.8,MM,MM,MM
2025,10,30,9,40,320,9.0,1.0,2.3,MM,6.6,289,1017.6,.3,14.6,.8,MM,MM,MM
2025,10,30,9,30,320,9.0,1.0,MM,MM,MM,MM,1017.7,.4,14.6,.9,MM,MM,MM
2025,10,30,9,20,320,9.0,1.0,2.3,15,6.4,284,1017.7,.3,14.5,.8,MM,MM,MM
2025,10,30,9,10,320,9.0,1.0,2.3,MM,6.4,284,1017.9,.3,14.5,.8,MM,MM,MM
2025,10,30,9,0,310,9.0,1.0,MM,MM,MM,MM,1018.0,.4,14.5,.9,MM,+0.0,MM
2025,10,30,8,50,320,9.0,1.0,2.3,16,6.6,278,1018.0,.4,14.5,.8,MM,MM,MM
2025,10,30,8,40,310,9.0,1.0,MM,MM,MM,MM,1018.0,.5,14.5,.9,MM,MM,MM
2025,10,30,8,30,310,9.0,1.0,MM,MM,MM,MM,1017.9,.7,14.5,.0,MM,MM,MM
2025,10,30,8,20,310,9.0,1.0,2.1,15,6.3,272,1017.9,.0,14.5,.2,MM,MM,MM
2025,10,30,8,10,320,9.0,1.0,MM,MM,MM,MM,1017.9,.1,14.5,.3,MM,MM,MM
2025,10,30,8,0,320,8.0,1.0,MM,MM,MM,MM,1017.8,.2,14.5,.4,MM,+0.0,MM
2025,10,30,7,50,320,8.0,1.0,2.1,16,6.2,283,1017.7,.3,14.5,.4,MM,MM,MM
2025,10,30,7,40,320,9.0,1.0,MM,MM,MM,MM,1017.7,.4,14.4,.4,MM,MM,MM
2025,10,30,7,30,320,9.0,0.0,MM,MM,MM,MM,1017.6,.5,14.4,.5,MM,MM,MM
2025,10,30,7,20,320,8.0,0.0,2.2,16,6.6,284,1017.7,.5,14.4,.5,MM,MM,MM
2025,10,30,7,10,320,9.0,0.0,2.2,MM,6.6,284,1017.8,.5,14.4,.5,MM,MM,MM
2025,10,30,7,0,320,8.0,0.0,MM,MM,MM,MM,1017.8,.6,14.4,.6,MM,+0.0,MM
2025,10,30,6,50,320,8.0,0.0,2.0,16,6.4,281,1017.9,.6,14.3,.5,MM,MM,MM
2025,10,30,6,40,320,8.0,9.0,MM,MM,MM,MM,1018.0,.6,14.3,.5,MM,MM,MM
2025,10,30,6,30,320,8.0,0.0,MM,MM,MM,MM,1018.0,.6,14.4,.5,MM,MM,MM
2025,10,30,6,20,320,8.0,0.0,1.8,7,5.9,294,1018.5,.6,14.3,.5,MM,MM,MM
2025,10,30,6,10,320,8.0,9.0,MM,MM,MM,MM,1018.0,.7,14.3,.6,MM,MM,MM
2025,10,30,6,0,320,8.0,9.0,MM,MM,MM,MM,1018.0,.7,14.3,.6,MM,+0.4,MM
2025,10,30,5,50,320,7.0,9.0,2.1,7,6.1,297,1018.2,.7,14.3,.6,MM,MM,MM
2025,10,30,5,40,320,8.0,0.0,MM,MM,MM,MM,1018.1,.7,14.3,.5,MM,MM,MM
2025,10,30,5,30,320,8.0,9.0,MM,MM,MM,MM,1018.1,.7,14.3,.5,MM,MM,MM
2025,10,30,5,20,320,8.0,9.0,2.0,8,6.0,286,1018.1,.7,14.3,.5,MM,MM,MM
2025,10,30,5,10,320,8.0,0.0,2.0,MM,6.0,286,1018.0,.8,14.3,.6,MM,MM,MM
2025,10,30,5,0,320,8.0,0.0,MM,MM,MM,MM,1017.9,.8,14.3,.6,MM,+0.5,MM
2025,10,30,4,50,320,8.0,0.0,2.0,7,5.9,293,1017.8,.8,14.3,.6,MM,MM,MM
2025,10,30,4,40,320,8.0,0.0,2.0,MM,5.9,293,1017.8,.8,14.2,.6,MM,MM,MM
2025,10,30,4,30,320,8.0,0.0,MM,MM,MM,MM,1017.7,.8,14.2,.6,MM,MM,MM
2025,10,30,4,20,320,8.0,0.0,2.0,8,6.0,287,1017.7,.9,14.2,.6,MM,MM,MM
2025,10,30,4,10,320,8.0,0.0,2.0,MM,6.0,287,1017.7,.8,14.2,.6,MM,MM,MM
2025,10,30,4,0,320,8.0,9.0,MM,MM,MM,MM,1017.7,.9,14.2,.7,MM,+0.4,MM
2025,10,30,3,50,320,8.0,9.0,1.7,7,5.7,291,1017.7,.9,14.2,.6,MM,MM,MM
2025,10,30,3,40,320,8.0,0.0,1.7,MM,5.7,291,1017.7,.9,14.2,.6,MM,MM,MM
2025,10,30,3,30,320,8.0,0.0,MM,MM,MM,MM,1017.7,.9,14.2,.6,MM,MM,MM
2025,10,30,3,20,320,8.0,0.0,1.7,7,5.7,298,1017.7,.9,14.2,.6,MM,MM,MM
2025,10,30,3,10,320,8.0,9.0,1.7,MM,5.7,298,1017.7,.9,14.2,.7,MM,MM,MM
2025,10,30,3,0,320,7.0,9.0,MM,MM,MM,MM,1017.6,.9,14.2,.7,MM,-0.0,MM
2025,10,30,2,50,320,8.0,9.0,1.7,7,5.7,290,1017.5,.9,14.3,.6,MM,MM,MM
2025,10,30,2,40,320,8.0,0.0,1.7,MM,5.7,290,1017.4,.9,14.3,.6,MM,MM,MM
2025,10,30,2,30,310,8.0,0.0,MM,MM,MM,MM,1017.4,.9,14.3,.6,MM,MM,MM
2025,10,30,2,20,310,8.0,9.0,1.5,7,5.2,296,1017.4,.9,14.4,.7,MM,MM,MM
2025,10,30,2,10,310,8.0,0.0,1.5,MM,5.2,296,1017.4,.9,14.4,.7,MM,MM,MM
2025,10,30,2,0,310,8.0,0.0,MM,MM,MM,MM,1017.4,.9,14.4,.7,MM,-0.6,MM
2025,10,30,1,50,310,8.0,0.0,1.4,7,5.3,286,1017.2,.9,14.4,.7,MM,MM,MM
2025,10,30,1,40,310,8.0,0.0,1.4,MM,5.3,286,1017.2,.0,14.4,.8,MM,MM,MM
2025,10,30,1,30,310,9.0,0.0,MM,MM,MM,MM,1017.2,.0,14.4,.8,MM,MM,MM
2025,10,30,1,20,310,9.0,0.0,1.4,6,5.1,296,1017.2,.0,14.4,.8,MM,MM,MM
2025,10,30,1,10,310,8.0,0.0,1.4,MM,5.1,296,1017.2,.0,14.4,.8,MM,MM,MM
2025,10,30,1,0,310,8.0,0.0,MM,MM,MM,MM,1017.4,.1,14.4,.9,MM,-0.9,MM
2025,10,30,0,50,310,8.0,0.0,1.3,6,5.0,294,1017.5,.1,14.4,.9,MM,MM,MM
2025,10,30,0,40,310,8.0,9.0,MM,MM,MM,MM,1017.6,.1,14.4,.9,MM,MM,MM
2025,10,30,0,30,310,9.0,0.0,MM,MM,MM,MM,1017.5,.2,14.4,.0,MM,MM,MM
2025,10,30,0,20,300,8.0,0.0,1.2,7,4.8,283,1017.6,.2,14.4,.0,MM,MM,MM
2025,10,30,0,10,300,8.0,9.0,1.2,MM,4.8,283,1017.7,.3,14.4,.0,MM,MM,MM
2025,10,30,0,0,310,8.0,0.0,MM,MM,MM,MM,1017.7,.4,14.5,.0,MM,-1.4,MM
2025,10,29,23,50,310,8.0,9.0,1.2,6,4.7,290,1017.8,.5,14.6,.1,MM,MM,MM
2025,10,29,23,40,310,8.0,0.0,MM,MM,MM,MM,1017.9,.5,14.6,.1,MM,MM,MM
2025,10,29,23,30,310,8.0,9.0,MM,MM,MM,MM,1018.0,.6,14.7,.1,MM,MM,MM
2025,10,29,23,20,310,8.0,9.0,1.2,7,4.9,273,1018.0,.5,14.7,.0,MM,MM,MM
2025,10,29,23,10,320,8.0,9.0,MM,MM,MM,MM,1018.0,.5,14.7,.1,MM,MM,MM
2025,10,29,23,0,320,8.0,0.0,MM,MM,MM,MM,1018.0,.5,14.7,.1,MM,-2.2,MM
2025,10,29,22,50,310,8.0,0.0,1.2,6,4.8,292,1018.0,.5,14.7,.1,MM,MM,MM
2025,10,29,22,40,310,8.0,0.0,MM,MM,MM,MM,1018.0,.5,14.7,.1,MM,MM,MM
2025,10,29,22,30,310,8.0,9.0,MM,MM,MM,MM,1018.1,.5,14.8,.1,MM,MM,MM
2025,10,29,22,20,310,8.0,0.0,1.1,7,5.0,279,1018.1,.5,14.8,.1,MM,MM,MM
2025,10,29,22,10,310,7.0,9.0,1.1,MM,5.0,279,1018.3,.4,14.8,.0,MM,MM,MM
2025,10,29,22,0,310,8.0,0.0,MM,MM,MM,MM,1018.3,.4,14.8,.1,MM,-2.7,MM
2025,10,29,21,50,310,8.0,9.0,1.1,8,5.0,277,1018.4,.4,14.8,.1,MM,MM,MM
2025,10,29,21,40,310,7.0,9.0,MM,MM,MM,MM,1018.6,.4,14.9,.0,MM,MM,MM
2025,10,29,21,30,310,7.0,8.0,MM,MM,MM,MM,1018.8,.4,14.9,.0,MM,MM,MM
2025,10,29,21,20,310,6.0,8.0,1.1,6,5.5,291,1018.8,.4,15.0,.0,MM,MM,MM
2025,10,29,21,10,310,6.0,7.0,1.1,MM,5.5,291,1019.1,.4,15.0,.0,MM,MM,MM
2025,10,29,21,0,310,5.0,6.0,MM,MM,MM,MM,1019.2,.4,15.0,.0,MM,-1.9,MM
2025,10,29,20,50,310,4.0,5.0,1.1,6,5.6,283,1019.3,.4,15.1,.0,MM,MM,MM
2025,10,29,20,40,320,4.0,4.0,MM,MM,MM,MM,1019.5,.4,15.2,.9,MM,MM,MM
2025,10,29,20,30,320,4.0,4.0,MM,MM,MM,MM,1019.7,.4,15.1,.0,MM,MM,MM
2025,10,29,20,20,320,4.0,4.0,1.2,6,5.6,290,1019.8,.4,15.1,.0,MM,MM,MM
2025,10,29,20,10,320,3.0,4.0,MM,MM,MM,MM,1019.9,.3,15.0,.9,MM,MM,MM
2025,10,29,20,0,320,3.0,4.0,MM,MM,MM,MM,1020.2,.3,15.0,.9,MM,-1.2,MM
2025,10,29,19,50,310,3.0,4.0,1.1,6,5.5,290,1020.4,.3,15.0,.9,MM,MM,MM
2025,10,29,19,40,310,3.0,4.0,MM,MM,MM,MM,1020.6,.3,15.1,.8,MM,MM,MM
2025,10,29,19,30,310,3.0,4.0,MM,MM,MM,MM,1020.7,.3,15.0,.8,MM,MM,MM
2025,10,29,19,20,310,2.0,3.0,1.0,7,5.5,273,1020.9,.3,15.0,.8,MM,MM,MM
2025,10,29,19,10,310,3.0,3.0,1.0,MM,5.5,273,1021.0,.2,15.0,.8,MM,MM,MM
2025,10,29,19,0,310,3.0,4.0,MM,MM,MM,MM,1021.0,.2,15.0,.8,MM,+0.0,MM
2025,10,29,18,50,310,3.0,4.0,1.2,6,5.6,298,1021.1,.2,15.0,.8,MM,MM,MM
2025,10,29,18,40,310,3.0,4.0,1.2,MM,5.6,298,1021.1,.3,15.0,.9,MM,MM,MM
2025,10,29,18,30,310,3.0,4.0,MM,MM,MM,MM,1021.1,.3,15.0,.8,MM,MM,MM
2025,10,29,18,20,310,4.0,5.0,1.2,6,5.6,294,1021.1,.4,15.0,.8,MM,MM,MM
2025,10,29,18,10,310,4.0,5.0,MM,MM,MM,MM,1021.1,.4,15.0,.7,MM,MM,MM
2025,10,29,18,0,310,3.0,4.0,MM,MM,MM,MM,1021.2,.5,15.0,.8,MM,+0.5,MM
2025,10,29,17,50,310,3.0,4.0,1.2,6,5.5,295,1021.2,.4,15.0,.7,MM,MM,MM
2025,10,29,17,40,310,3.0,4.0,MM,MM,MM,MM,1021.2,.3,14.9,.7,MM,MM,MM
2025,10,29,17,30,310,4.0,5.0,MM,MM,MM,MM,1021.2,.3,14.9,.8,MM,MM,MM
2025,10,29,17,20,320,4.0,5.0,1.3,6,5.7,293,1021.4,.3,14.9,.8,MM,MM,MM
2025,10,29,17,10,310,4.0,4.0,MM,MM,MM,MM,1021.4,.3,14.9,.9,MM,MM,MM
2025,10,29,17,0,310,3.0,4.0,MM,MM,MM,MM,1021.4,.3,14.9,.9,MM,+1.1,MM
2025,10,29,16,50,310,4.0,5.0,1.3,6,5.6,296,1021.4,.5,14.9,.9,MM,MM,MM
2025,10,29,16,40,300,3.0,4.0,MM,MM,MM,MM,1021.4,.7,14.9,.7,MM,MM,MM
2025,10,29,16,30,300,3.0,3.0,MM,MM,MM,MM,1021.3,.8,14.9,.7,MM,MM,MM
2025,10,29,16,20,310,3.0,4.0,1.4,6,5.7,295,1021.3,.8,14.9,.8,MM,MM,MM
2025,10,29,16,10,320,3.0,4.0,1.4,MM,5.7,295,1021.2,.0,14.9,.0,MM,MM,MM
2025,10,29,16,0,340,3.0,4.0,MM,MM,MM,MM,1021.1,.9,14.9,.8,MM,+0.9,MM
2025,10,29,15,50,350,3.0,4.0,1.5,7,5.9,290,1021.2,.8,14.9,.9,MM,MM,MM
2025,10,29,15,40,360,3.0,4.0,MM,MM,MM,MM,1021.2,.7,14.9,.9,MM,MM,MM
2025,10,29,15,30,360,4.0,5.0,MM,MM,MM,MM,1021.1,.7,14.8,.9,MM,MM,MM
2025,10,29,15,20,340,5.0,6.0,1.4,7,5.9,285,1020.9,.7,14.8,.8,MM,MM,MM
2025,10,29,15,10,340,6.0,7.0,MM,MM,MM,MM,1020.7,.6,14.8,.7,MM,MM,MM
2025,10,29,15,0,330,5.0,6.0,MM,MM,MM,MM,1020.6,.4,14.8,.8,MM,+0.3,MM
2025,10,29,14,50,330,4.0,6.0,1.4,6,5.8,295,1020.5,.3,14.8,.0,MM,MM,MM
2025,10,29,14,40,320,5.0,6.0,1.4,MM,5.8,295,1020.3,.3,14.8,.9,MM,MM,MM
2025,10,29,14,30,320,5.0,6.0,MM,MM,MM,MM,1020.3,.3,14.8,.8,MM,MM,MM
2025,10,29,14,20,320,5.0,6.0,1.4,12,6.1,282,1020.2,.1,14.8,.8,MM,MM,MM
2025,10,29,14,10,320,5.0,6.0,1.4,MM,6.1,282,1020.3,.1,14.8,.8,MM,MM,MM
2025,10,29,14,0,320,5.0,6.0,MM,MM,MM,MM,1020.3,.0,14.8,.8,MM,+0.0,MM
2025,10,29,13,50,310,4.0,5.0,1.4,8,6.0,290,1020.2,.9,14.7,.7,MM,MM,MM
2025,10,29,13,40,310,3.0,5.0,MM,MM,MM,MM,1020.2,.9,14.7,.8,MM,MM,MM
2025,10,29,13,30,300,2.0,3.0,MM,MM,MM,MM,1020.2,.0,14.7,.9,MM,MM,MM
2025,10,29,13,20,320,2.0,2.0,1.3,7,5.8,288,1020.1,.0,14.7,.8,MM,MM,MM
2025,10,29,13,10,330,2.0,2.0,1.3,MM,5.8,288,1020.0,.0,14.7,.8,MM,MM,MM
2025,10,29,13,0,340,2.0,3.0,MM,MM,MM,MM,1020.1,.1,14.7,.9,MM,-0.5,MM
2025,10,29,12,50,340,3.0,3.0,1.4,11,5.9,300,1020.2,.1,14.7,.9,MM,MM,MM
2025,10,29,12,40,330,3.0,4.0,MM,MM,MM,MM,1020.4,.1,14.7,.8,MM,MM,MM
2025,10,29,12,30,330,4.0,5.0,MM,MM,MM,MM,1020.3,.1,14.7,.8,MM,MM,MM
2025,10,29,12,20,340,4.0,5.0,1.5,11,6.0,295,1020.3,.1,14.6,.8,MM,MM,MM
2025,10,29,12,10,340,5.0,6.0,MM,MM,MM,MM,1020.3,.1,14.6,.7,MM,MM,MM
2025,10,29,12,0,340,5.0,7.0,MM,MM,MM,MM,1020.4,.2,14.6,.7,MM,-0.3,MM
2025,10,29,11,50,340,5.0,7.0,1.4,11,5.8,300,1020.3,.2,14.6,.7,MM,MM,MM
2025,10,29,11,40,340,5.0,6.0,1.4,MM,5.8,300,1020.3,.2,14.6,.9,MM,MM,MM
2025,10,29,11,30,330,5.0,5.0,MM,MM,MM,MM,1020.3,.1,14.6,.9,MM,MM,MM
2025,10,29,11,20,330,5.0,6.0,1.4,11,6.0,310,1020.3,.1,14.6,.9,MM,MM,MM
2025,10,29,11,10,320,5.0,6.0,1.4,MM,6.0,310,1020.4,.1,14.5,.8,MM,MM,MM
2025,10,29,11,0,320,6.0,7.0,MM,MM,MM,MM,1020.4,.1,14.5,.8,MM,-0.5,MM
2025,10,29,10,50,320,6.0,7.0,1.4,11,6.0,298,1020.4,.1,14.5,.9,MM,MM,MM
2025,10,29,10,40,320,6.0,7.0,1.4,MM,6.0,298,1020.4,.2,14.5,.9,MM,MM,MM
2025,10,29,10,30,330,6.0,7.0,MM,MM,MM,MM,1020.4,.2,14.5,.9,MM,MM,MM
2025,10,29,10,20,320,6.0,7.0,1.4,11,6.1,293,1020.6,.2,14.5,.9,MM,MM,MM
2025,10,29,10,10,320,5.0,7.0,1.4,MM,6.1,293,1020.7,.1,14.5,.9,MM,MM,MM
2025,10,29,10,0,320,5.0,6.0,MM,MM,MM,MM,1020.7,.0,14.5,.9,MM,+0.0,MM
2025,10,29,9,50,320,5.0,6.0,1.4,11,5.8,296,1020.6,.9,14.5,.9,MM,MM,MM
2025,10,29,9,40,310,5.0,6.0,1.4,MM,5.8,296,1020.5,.9,14.5,.9,MM,MM,MM
2025,10,29,9,30,310,4.0,5.0,MM,MM,MM,MM,1020.5,.1,14.5,.1,MM,MM,MM
2025,10,29,9,20,330,3.0,4.0,1.4,6,5.9,295,1020.5,.1,14.5,.0,MM,MM,MM
2025,10,29,9,10,340,3.0,5.0,1.4,MM,5.9,295,1020.5,.2,14.5,.1,MM,MM,MM
2025,10,29,9,0,320,5.0,6.0,MM,MM,MM,MM,1020.6,.2,14.5,.0,MM,+0.0,MM
2025,10,29,8,50,320,4.0,5.0,1.5,11,5.6,282,1020.7,.2,14.5,.0,MM,MM,MM
2025,10,29,8,40,320,4.0,4.0,1.5,MM,5.6,282,1020.6,.2,14.5,.0,MM,MM,MM
2025,10,29,8,30,330,3.0,4.0,MM,MM,MM,MM,1020.7,.2,14.5,.0,MM,MM,MM
2025,10,29,8,20,330,4.0,6.0,1.5,MM,5.5,299,1021.1,.1,MM,.9,MM,MM,MM
2025,10,29,8,10,340,5.0,5.0,MM,MM,MM,MM,1020.7,.1,14.5,.0,MM,MM,MM
2025,10,29,8,0,340,5.0,5.0,MM,MM,MM,MM,1020.8,.0,14.5,.9,MM,+0.3,MM
2025,10,29,7,50,340,5.0,7.0,1.6,11,5.6,289,1020.9,.0,14.5,.9,MM,MM,MM
2025,10,29,7,40,320,6.0,8.0,MM,MM,MM,MM,1020.7,.0,14.5,.9,MM,MM,MM
2025,10,29,7,30,320,7.0,8.0,MM,MM,MM,MM,1020.7,.0,14.5,.9,MM,MM,MM
2025,10,29,7,20,320,8.0,9.0,1.6,MM,5.5,300,1021.0,.0,14.5,.8,MM,MM,MM
2025,10,29,7,10,320,8.0,9.0,1.6,MM,5.5,300,1020.5,.0,14.5,.8,MM,MM,MM
2025,10,29,7,0,320,8.0,9.0,MM,MM,MM,MM,1020.6,.0,14.5,.8,MM,+0.0,MM
2025,10,29,6,50,320,8.0,9.0,1.8,12,5.6,288,1020.5,.0,14.5,.8,MM,MM,MM
2025,10,29,6,40,320,8.0,0.0,1.8,MM,5.6,288,1021.1,.0,MM,.8,MM,MM,MM
2025,10,29,6,30,320,8.0,9.0,MM,MM,MM,MM,1020.6,.1,14.5,.9,MM,MM,MM
2025,10,29,6,20,310,8.0,9.0,1.6,12,5.3,275,1020.5,.1,14.5,.8,MM,MM,MM
2025,10,29,6,10,310,8.0,0.0,MM,MM,MM,MM,1020.5,.2,14.5,.8,MM,MM,MM
2025,10,29,6,0,310,8.0,0.0,MM,MM,MM,MM,1020.5,.3,14.5,.8,MM,+0.4,MM
2025,10,29,5,50,320,8.0,9.0,1.5,11,5.3,288,1020.7,.4,14.5,.8,MM,MM,MM
2025,10,29,5,40,320,8.0,0.0,MM,MM,MM,MM,1020.7,.4,14.5,.7,MM,MM,MM
2025,10,29,5,30,320,6.0,7.0,MM,MM,MM,MM,1020.8,.5,14.5,.9,MM,MM,MM
2025,10,29,5,20,330,6.0,8.0,1.4,12,5.3,292,1020.8,.5,14.5,.7,MM,MM,MM
2025,10,29,5,10,330,6.0,7.0,1.4,MM,5.3,292,1020.7,.5,14.5,.7,MM,MM,MM
2025,10,29,5,0,340,6.0,7.0,MM,MM,MM,MM,1020.6,.5,14.5,.7,MM,+0.9,MM
2025,10,29,4,50,330,7.0,8.0,1.5,11,5.4,298,1020.5,.4,14.5,.6,MM,MM,MM
2025,10,29,4,40,330,8.0,9.0,1.5,MM,5.4,298,1020.5,.4,14.5,.5,MM,MM,MM
2025,10,29,4,30,320,7.0,9.0,MM,MM,MM,MM,1020.5,.4,14.5,.5,MM,MM,MM
2025,10,29,4,20,320,7.0,9.0,1.4,11,5.1,286,1020.5,.4,14.5,.4,MM,MM,MM
2025,10,29,4,10,320,7.0,8.0,1.4,MM,5.1,286,1020.5,.4,14.5,.4,MM,MM,MM
2025,10,29,4,0,320,8.0,9.0,MM,MM,MM,MM,1020.5,.4,14.5,.3,MM,+1.2,MM
2025,10,29,3,50,320,8.0,0.0,1.4,11,5.3,290,1020.5,.5,14.6,.4,MM,MM,MM
2025,10,29,3,40,320,8.0,0.0,MM,MM,MM,MM,1020.4,.5,14.6,.2,MM,MM,MM
2025,10,29,3,30,320,8.0,0.0,MM,MM,MM,MM,1020.4,.6,14.6,.2,MM,MM,MM
2025,10,29,3,20,320,9.0,1.0,1.4,12,5.1,304,1020.3,.6,14.6,.1,MM,MM,MM
2025,10,29,3,10,320,9.0,1.0,1.4,MM,5.1,304,1020.2,.6,14.6,.0,MM,MM,MM
2025,10,29,3,0,320,9.0,1.0,MM,MM,MM,MM,1020.2,.6,14.6,.0,MM,+0.9,MM
2025,10,29,2,50,320,9.0,1.0,1.4,11,5.8,290,1020.0,.5,14.6,.0,MM,MM,MM
2025,10,29,2,40,320,9.0,1.0,1.4,MM,5.8,290,1020.0,.5,14.7,.1,MM,MM,MM
2025,10,29,2,30,320,9.0,1.0,MM,MM,MM,MM,1019.9,.5,14.7,.2,MM,MM,MM
2025,10,29,2,20,320,9.0,0.0,1.3,12,5.7,296,1019.7,.5,14.7,.1,MM,MM,MM
2025,10,29,2,10,320,9.0,0.0,1.3,MM,5.7,296,1019.7,.5,14.7,.1,MM,MM,MM
2025,10,29,2,0,320,9.0,1.0,MM,MM,MM,MM,1019.6,.5,14.7,.1,MM,+0.4,MM
2025,10,29,1,50,320,9.0,0.0,1.3,12,6.0,287,1019.6,.5,14.7,.2,MM,MM,MM
2025,10,29,1,40,320,8.0,9.0,1.3,MM,6.0,287,1019.6,.4,14.8,.2,MM,MM,MM
2025,10,29,1,30,310,7.0,9.0,MM,MM,MM,MM,1019.5,.4,14.8,.2,MM,MM,MM
2025,10,29,1,20,320,7.0,8.0,1.3,13,6.5,291,1019.5,.4,14.8,.3,MM,MM,MM
2025,10,29,1,10,320,7.0,8.0,1.3,MM,6.5,291,1019.4,.4,14.8,.3,MM,MM,MM
2025,10,29,1,0,310,7.0,8.0,MM,MM,MM,MM,1019.3,.5,14.8,.6,MM,+0.0,MM
2025,10,29,0,50,310,6.0,8.0,1.4,11,6.9,288,1019.3,.6,14.8,.7,MM,MM,MM
2025,10,29,0,40,310,6.0,7.0,1.4,MM,6.9,288,1019.4,.7,14.9,.7,MM,MM,MM
2025,10,29,0,30,310,5.0,6.0,MM,MM,MM,MM,1019.3,.6,14.9,.6,MM,MM,MM
2025,10,29,0,20,310,4.0,5.0,1.5,13,7.3,281,1019.3,.6,14.9,.8,MM,MM,MM
2025,10,29,0,10,310,4.0,5.0,1.5,MM,7.3,281,1019.3,.6,14.9,.8,MM,MM,MM
2025,10,29,0,0,310,4.0,5.0,MM,MM,MM,MM,1019.3,.7,14.9,.9,MM,-0.4,MM
2025,10,28,23,50,310,4.0,5.0,1.5,12,7.1,294,1019.3,.8,14.9,.8,MM,MM,MM
2025,10,28,23,40,310,4.0,5.0,1.5,MM,7.1,294,1019.3,.7,14.9,.6,MM,MM,MM
2025,10,28,23,30,310,4.0,5.0,MM,MM,MM,MM,1019.4,.6,15.0,.6,MM,MM,MM
2025,10,28,23,20,310,4.0,5.0,1.5,13,7.0,299,1019.3,.6,15.0,.7,MM,MM,MM
2025,10,28,23,10,300,4.0,5.0,1.5,MM,7.0,299,1019.4,.5,15.0,.8,MM,MM,MM
2025,10,28,23,0,300,4.0,5.0,MM,MM,MM,MM,1019.3,.5,15.0,.8,MM,-0.9,MM
2025,10,28,22,50,310,4.0,5.0,1.4,11,6.9,301,1019.2,.5,15.0,.7,MM,MM,MM
2025,10,28,22,40,310,4.0,5.0,MM,MM,MM,MM,1019.3,.5,15.0,.7,MM,MM,MM
2025,10,28,22,30,310,4.0,5.0,MM,MM,MM,MM,1019.2,.5,15.0,.6,MM,MM,MM
2025,10,28,22,20,310,4.0,5.0,1.5,13,7.0,305,1019.3,.5,14.9,.5,MM,MM,MM
2025,10,28,22,10,310,4.0,5.0,1.5,MM,7.0,305,1019.2,.5,14.9,.5,MM,MM,MM
2025,10,28,22,0,310,5.0,6.0,MM,MM,MM,MM,1019.3,.5,14.9,.5,MM,-1.5,MM
2025,10,28,21,50,320,5.0,6.0,1.5,13,6.8,294,1019.4,.4,14.9,.4,MM,MM,MM
2025,10,28,21,40,320,5.0,6.0,1.5,MM,6.8,294,1019.4,.4,14.9,.5,MM,MM,MM
2025,10,28,21,30,320,6.0,7.0,MM,MM,MM,MM,1019.4,.4,15.0,.4,MM,MM,MM
2025,10,28,21,20,310,5.0,7.0,1.7,14,7.8,290,1019.4,.4,15.0,.4,MM,MM,MM
2025,10,28,21,10,310,5.0,6.0,1.7,MM,7.8,290,1019.6,.4,15.1,.4,MM,MM,MM
2025,10,28,21,0,310,5.0,6.0,MM,MM,MM,MM,1019.7,.3,15.1,.3,MM,-1.1,MM
2025,10,28,20,50,320,5.0,6.0,1.7,12,7.3,293,1019.9,.3,15.1,.5,MM,MM,MM
2025,10,28,20,40,320,5.0,6.0,MM,MM,MM,MM,1019.9,.3,15.2,.4,MM,MM,MM
2025,10,28,20,30,320,5.0,6.0,MM,MM,MM,MM,1020.0,.3,15.2,.3,MM,MM,MM
2025,10,28,20,20,320,4.0,5.0,2.0,13,7.7,298,1020.1,.4,15.1,.4,MM,MM,MM
2025,10,28,20,10,320,4.0,5.0,2.0,MM,7.7,298,1020.2,.4,15.1,.3,MM,MM,MM
2025,10,28,20,0,320,4.0,5.0,MM,MM,MM,MM,1020.3,.4,15.1,.3,MM,-0.6,MM
2025,10,28,19,50,320,4.0,5.0,1.8,14,7.4,297,1020.3,.5,15.1,.2,MM,MM,MM
2025,10,28,19,40,320,4.0,5.0,MM,MM,MM,MM,1020.4,.4,15.1,.1,MM,MM,MM
2025,10,28,19,30,320,4.0,5.0,MM,MM,MM,MM,1020.6,.4,15.1,.2,MM,MM,MM
2025,10,28,19,20,320,4.0,5.0,2.1,13,7.8,298,1020.6,.3,15.1,.2,MM,MM,MM
2025,10,28,19,10,310,4.0,5.0,2.1,MM,7.8,298,1020.6,.3,15.1,.1,MM,MM,MM
2025,10,28,19,0,310,3.0,4.0,MM,MM,MM,MM,1020.7,.4,MM,.2,MM,+0.0,MM
2025,10,28,18,50,310,3.0,5.0,2.1,12,7.8,295,1020.6,.4,15.1,.9,MM,MM,MM
2025,10,28,18,40,320,3.0,4.0,2.1,MM,7.8,295,1020.7,.4,15.1,.6,MM,MM,MM
2025,10,28,18,30,320,3.0,4.0,MM,MM,MM,MM,1020.7,.4,15.0,.7,MM,MM,MM
2025,10,28,18,20,320,2.0,3.0,2.2,13,8.0,297,1020.7,.3,15.0,.7,MM,MM,MM
2025,10,28,18,10,320,3.0,4.0,2.2,MM,8.0,297,1020.7,.2,15.0,.9,MM,MM,MM
2025,10,28,18,0,330,3.0,4.0,MM,MM,MM,MM,1020.8,.3,15.0,.2,MM,+0.9,MM
2025,10,28,17,50,330,3.0,4.0,2.1,13,7.7,297,1020.8,.3,15.0,.1,MM,MM,MM
2025,10,28,17,40,330,2.0,3.0,MM,MM,MM,MM,1020.8,.2,15.0,.1,MM,MM,MM
2025,10,28,17,30,340,3.0,4.0,MM,MM,MM,MM,1020.8,.2,15.0,.3,MM,MM,MM
2025,10,28,17,20,340,3.0,4.0,2.4,13,8.1,302,1020.8,.1,15.0,.3,MM,MM,MM
2025,10,28,17,10,340,3.0,4.0,2.4,MM,8.1,302,1020.8,.1,15.0,.3,MM,MM,MM
2025,10,28,17,0,330,3.0,4.0,MM,MM,MM,MM,1020.9,.1,MM,.3,MM,+1.1,MM
2025,10,28,16,50,330,3.0,4.0,2.1,11,7.7,296,1020.9,.1,14.9,.3,MM,MM,MM
2025,10,28,16,40,320,3.0,4.0,MM,MM,MM,MM,1020.9,.1,14.9,.3,MM,MM,MM
2025,10,28,16,30,320,3.0,4.0,MM,MM,MM,MM,1020.7,.0,14.9,.3,MM,MM,MM
2025,10,28,16,20,320,3.0,4.0,2.4,13,7.8,290,1020.7,.0,14.9,.2,MM,MM,MM
2025,10,28,16,10,320,2.0,3.0,2.4,MM,7.8,290,1020.7,.9,14.9,.1,MM,MM,MM
2025,10,28,16,0,330,2.0,3.0,MM,MM,MM,MM,1020.6,.9,14.9,.1,MM,+1.0,MM
2025,10,28,15,50,330,2.0,3.0,2.3,11,7.6,293,1020.4,.8,14.9,.1,MM,MM,MM
2025,10,28,15,40,340,2.0,3.0,2.3,MM,7.6,293,1020.2,.7,14.9,.1,MM,MM,MM
2025,10,28,15,30,330,2.0,3.0,MM,MM,MM,MM,1020.2,.7,14.9,.2,MM,MM,MM
2025,10,28,15,20,320,2.0,3.0,2.4,11,7.9,295,1020.0,.7,14.9,.2,MM,MM,MM
2025,10,28,15,10,320,2.0,3.0,2.4,MM,7.9,295,1020.0,.7,14.9,.2,MM,MM,MM
2025,10,28,15,0,340,2.0,3.0,MM,MM,MM,MM,1019.9,.6,14.9,.0,MM,+0.4,MM
2025,10,28,14,50,330,2.0,3.0,2.5,11,7.9,302,1019.9,.5,14.9,.1,MM,MM,MM
2025,10,28,14,40,330,2.0,4.0,MM,MM,MM,MM,1019.8,.6,14.9,.2,MM,MM,MM
2025,10,28,14,30,330,3.0,4.0,MM,MM,MM,MM,1019.8,.7,14.9,.4,MM,MM,MM
2025,10,28,14,20,340,3.0,3.0,2.4,11,7.7,297,1019.8,.7,14.9,.3,MM,MM,MM
2025,10,28,14,10,350,3.0,4.0,2.4,MM,7.7,297,1019.8,.8,14.9,.3,MM,MM,MM
2025,10,28,14,0,350,3.0,4.0,MM,MM,MM,MM,1019.7,.8,14.9,.2,MM,+0.0,MM
2025,10,28,13,50,350,3.0,4.0,2.5,11,8.0,297,1019.7,.8,14.9,.2,MM,MM,MM
2025,10,28,13,40,350,4.0,5.0,2.5,MM,8.0,297,1019.7,.8,14.9,.3,MM,MM,MM
2025,10,28,13,30,340,4.0,5.0,MM,MM,MM,MM,1019.7,.7,14.9,.4,MM,MM,MM
2025,10,28,13,20,330,5.0,6.0,2.2,12,7.2,290,1019.6,.7,14.9,.4,MM,MM,MM
2025,10,28,13,10,330,5.0,7.0,MM,MM,MM,MM,1019.6,.6,14.9,.2,MM,MM,MM
2025,10,28,13,0,330,6.0,7.0,MM,MM,MM,MM,1019.5,.6,14.9,.2,MM,-0.3,MM
2025,10,28,12,50,320,6.0,7.0,2.2,12,7.4,298,1019.4,.6,14.9,.2,MM,MM,MM
2025,10,28,12,40,320,6.0,7.0,2.2,MM,7.4,298,1019.4,.6,14.9,.1,MM,MM,MM
2025,10,28,12,30,320,6.0,8.0,MM,MM,MM,MM,1019.4,.6,14.9,.1,MM,MM,MM
2025,10,28,12,20,320,6.0,8.0,2.4,11,7.5,290,1019.5,.6,14.9,.1,MM,MM,MM
2025,10,28,12,10,320,7.0,8.0,2.4,MM,7.5,290,1019.4,.6,14.9,.1,MM,MM,MM
2025,10,28,12,0,320,7.0,8.0,MM,MM,MM,MM,1019.4,.6,15.0,.1,MM,+0.0,MM
2025,10,28,11,50,320,7.0,8.0,2.0,11,7.3,295,1019.5,.6,15.0,.1,MM,MM,MM
2025,10,28,11,40,320,7.0,8.0,MM,MM,MM,MM,1019.4,.6,15.0,.2,MM,MM,MM
2025,10,28,11,30,320,7.0,9.0,MM,MM,MM,MM,1019.4,.6,15.0,.1,MM,MM,MM
2025,10,28,11,20,320,7.0,8.0,2.2,11,7.5,285,1019.5,.6,15.0,.1,MM,MM,MM
2025,10,28,11,10,320,7.0,8.0,2.2,MM,7.5,285,1019.5,.6,15.0,.0,MM,MM,MM
2025,10,28,11,0,320,7.0,8.0,MM,MM,MM,MM,1019.6,.6,15.0,.0,MM,-0.5,MM
2025,10,28,10,50,320,6.0,8.0,2.2,12,7.6,289,1019.6,.7,15.0,.1,MM,MM,MM
2025,10,28,10,40,320,7.0,8.0,MM,MM,MM,MM,1019.7,.7,15.0,.1,MM,MM,MM
2025,10,28,10,30,320,7.0,8.0,MM,MM,MM,MM,1019.9,.7,15.0,.0,MM,MM,MM
2025,10,28,10,20,320,6.0,8.0,2.1,12,7.6,293,1019.9,.8,15.0,.1,MM,MM,MM
2025,10,28,10,10,320,6.0,7.0,2.1,MM,7.6,293,1019.9,.9,15.0,.3,MM,MM,MM
2025,10,28,10,0,320,6.0,7.0,MM,MM,MM,MM,1019.8,.9,15.0,.3,MM,-0.7,MM
2025,10,28,9,50,320,5.0,6.0,2.0,13,7.4,288,1019.9,.9,15.0,.3,MM,MM,MM
2025,10,28,9,40,320,4.0,6.0,2.0,MM,7.4,288,1019.9,.9,15.0,.3,MM,MM,MM
2025,10,28,9,30,320,4.0,5.0,MM,MM,MM,MM,1019.9,.9,15.0,.2,MM,MM,MM
2025,10,28,9,20,320,5.0,6.0,2.0,11,7.2,289,1019.7,.9,15.0,.2,MM,MM,MM
2025,10,28,9,10,320,5.0,6.0,2.0,MM,7.2,289,1019.6,.9,15.0,.2,MM,MM,MM
2025,10,28,9,0,330,5.0,6.0,MM,MM,MM,MM,1019.6,.9,15.0,.2,MM,-1.3,MM
2025,10,28,8,50,330,5.0,6.0,2.1,12,7.4,290,1019.6,.9,14.9,.2,MM,MM,MM
2025,10,28,8,40,330,5.0,7.0,MM,MM,MM,MM,1019.8,.9,14.9,.1,MM,MM,MM
2025,10,28,8,30,330,6.0,7.0,MM,MM,MM,MM,1019.8,.9,14.9,.1,MM,MM,MM
2025,10,28,8,20,330,5.0,7.0,2.0,13,7.2,283,1019.8,.8,14.9,.1,MM,MM,MM
2025,10,28,8,10,320,6.0,7.0,MM,MM,MM,MM,1019.9,.8,14.9,.1,MM,MM,MM
2025,10,28,8,0,320,6.0,7.0,MM,MM,MM,MM,1020.1,.8,14.9,.1,MM,-0.6,MM
2025,10,28,7,50,320,6.0,8.0,2.1,13,7.4,278,1020.2,.9,14.9,.2,MM,MM,MM
2025,10,28,7,40,320,5.0,7.0,2.1,MM,7.4,278,1020.1,.0,14.9,.3,MM,MM,MM
2025,10,28,7,30,330,5.0,6.0,MM,MM,MM,MM,1020.2,.0,14.9,.3,MM,MM,MM
2025,10,28,7,20,330,5.0,6.0,1.9,13,7.0,289,1020.2,.0,14.9,.2,MM,MM,MM
2025,10,28,7,10,340,6.0,7.0,1.9,MM,7.0,289,1020.3,.1,14.9,.2,MM,MM,MM
2025,10,28,7,0,340,5.0,7.0,MM,MM,MM,MM,1020.5,.0,14.9,.0,MM,+0.0,MM
2025,10,28,6,50,330,4.0,6.0,1.9,11,6.9,284,1020.5,.0,MM,.1,MM,MM,MM
2025,10,28,6,40,330,4.0,6.0,1.9,MM,6.9,284,1020.6,.0,14.8,.1,MM,MM,MM
2025,10,28,6,30,340,4.0,6.0,MM,MM,MM,MM,1020.6,.0,14.8,.0,MM,MM,MM
2025,10,28,6,20,340,5.0,6.0,2.0,12,6.8,285,1020.6,.0,14.8,.1,MM,MM,MM
2025,10,28,6,10,330,6.0,7.0,2.0,MM,6.8,285,1020.7,.0,14.8,.0,MM,MM,MM
2025,10,28,6,0,330,5.0,6.0,MM,MM,MM,MM,1020.7,.1,14.8,.1,MM,-0.0,MM
2025,10,28,5,50,330,6.0,7.0,2.0,13,7.2,279,1020.8,.1,14.8,.0,MM,MM,MM
2025,10,28,5,40,330,6.0,8.0,2.0,MM,7.2,279,1020.8,.2,14.8,.0,MM,MM,MM
2025,10,28,5,30,330,7.0,8.0,MM,MM,MM,MM,1020.8,.2,14.8,.8,MM,MM,MM
2025,10,28,5,20,330,6.0,8.0,1.8,11,6.6,293,1020.7,.2,14.8,.6,MM,MM,MM
2025,10,28,5,10,340,6.0,8.0,1.8,MM,6.6,293,1020.7,.2,14.8,.5,MM,MM,MM
2025,10,28,5,0,330,6.0,8.0,MM,MM,MM,MM,1020.6,.2,14.8,.6,MM,-0.0,MM
2025,10,28,4,50,330,7.0,8.0,1.9,13,6.5,283,1020.6,.2,14.8,.6,MM,MM,MM
2025,10,28,4,40,330,7.0,8.0,MM,MM,MM,MM,1020.5,.2,14.9,.6,MM,MM,MM
2025,10,28,4,30,330,7.0,8.0,MM,MM,MM,MM,1020.4,.1,14.9,.6,MM,MM,MM
2025,10,28,4,20,330,7.0,8.0,1.9,13,6.4,284,1020.5,.1,14.9,.5,MM,MM,MM
2025,10,28,4,10,320,7.0,8.0,1.9,MM,6.4,284,1020.4,.1,14.9,.4,MM,MM,MM
2025,10,28,4,0,320,7.0,8.0,MM,MM,MM,MM,1020.4,.1,14.9,.2,MM,+0.0,MM
2025,10,28,3,50,330,7.0,9.0,2.0,13,6.7,286,1020.3,.2,14.9,.3,MM,MM,MM
2025,10,28,3,40,330,7.0,8.0,2.0,MM,6.7,286,1020.4,.2,14.9,.0,MM,MM,MM
2025,10,28,3,30,330,7.0,8.0,MM,MM,MM,MM,1020.4,.2,14.9,.9,MM,MM,MM
2025,10,28,3,20,330,7.0,8.0,2.1,13,6.7,294,1020.5,.2,14.9,.9,MM,MM,MM
2025,10,28,3,10,330,8.0,9.0,2.1,MM,6.7,294,1020.5,.2,14.9,.0,MM,MM,MM
2025,10,28,3,0,330,8.0,0.0,MM,MM,MM,MM,1020.6,.3,14.9,.0,MM,+0.0,MM
2025,10,28,2,50,320,8.0,0.0,2.1,12,6.8,280,1020.6,.3,14.9,.9,MM,MM,MM
2025,10,28,2,40,320,8.0,0.0,MM,MM,MM,MM,1020.5,.3,14.9,.9,MM,MM,MM
2025,10,28,2,30,320,7.0,9.0,MM,MM,MM,MM,1020.5,.2,14.9,.0,MM,MM,MM
2025,10,28,2,20,330,6.0,7.0,2.1,12,6.8,287,1020.5,.3,14.9,.3,MM,MM,MM
2025,10,28,2,10,330,6.0,8.0,2.1,MM,6.8,287,1020.5,.3,14.9,.2,MM,MM,MM
2025,10,28,2,0,330,6.0,8.0,MM,MM,MM,MM,1020.5,.2,14.9,.0,MM,+0.0,MM
2025,10,28,1,50,330,6.0,7.0,2.1,11,6.6,291,1020.4,.2,14.9,.2,MM,MM,MM
2025,10,28,1,40,330,6.0,8.0,MM,MM,MM,MM,1020.3,.2,14.9,.1,MM,MM,MM
2025,10,28,1,30,330,7.0,9.0,MM,MM,MM,MM,1020.2,.1,15.0,.0,MM,MM,MM
2025,10,28,1,20,330,8.0,0.0,2.2,13,6.6,288,1020.4,.1,15.0,.9,MM,MM,MM
2025,10,28,1,10,320,8.0,0.0,MM,MM,MM,MM,1020.3,.2,15.0,.0,MM,MM,MM
2025,10,28,1,0,320,8.0,0.0,MM,MM,MM,MM,1020.5,.2,15.0,.7,MM,+0.0,MM
2025,10,28,0,50,320,9.0,0.0,2.3,12,6.9,286,1020.4,.2,15.1,.7,MM,MM,MM
2025,10,28,0,40,320,9.0,1.0,2.3,MM,6.9,286,1020.5,.2,15.1,.8,MM,MM,MM
2025,10,28,0,30,320,8.0,0.0,MM,MM,MM,MM,1020.5,.2,15.1,.0,MM,MM,MM
2025,10,28,0,20,310,8.0,0.0,2.3,11,6.9,283,1020.5,.2,15.0,.9,MM,MM,MM
2025,10,28,0,10,310,8.0,9.0,2.3,MM,6.9,283,1020.6,.2,15.0,.0,MM,MM,MM
2025,10,28,0,0,310,7.0,8.0,MM,MM,MM,MM,1020.5,.3,15.0,.0,MM,-0.6,MM
2025,10,27,23,50,310,7.0,8.0,2.4,11,7.1,284,1020.6,.3,15.0,.8,MM,MM,MM
2025,10,27,23,40,310,6.0,8.0,2.4,MM,7.1,284,1020.6,.3,15.0,.6,MM,MM,MM
2025,10,27,23,10,320,7.0,9.0,2.2,MM,6.8,279,1020.7,.3,15.1,.6,MM,MM,MM
2025,10,27,23,0,320,7.0,9.0,MM,MM,MM,MM,1020.5,.3,15.1,.4,MM,-1.1,MM
2025,10,27,22,50,310,7.0,9.0,2.4,12,7.2,287,1020.5,.3,15.1,.4,MM,MM,MM
2025,10,27,22,40,310,7.0,8.0,MM,MM,MM,MM,1020.4,.2,15.1,.4,MM,MM,MM
2025,10,27,22,30,310,7.0,8.0,MM,MM,MM,MM,1020.4,.2,15.1,.5,MM,MM,MM
2025,10,27,22,20,310,6.0,8.0,2.6,10,7.2,282,1020.4,.2,15.1,.3,MM,MM,MM
2025,10,27,22,10,310,7.0,8.0,MM,MM,MM,MM,1020.5,.2,15.0,.0,MM,MM,MM
2025,10,27,22,0,310,6.0,8.0,MM,MM,MM,MM,1020.6,.2,15.0,.9,MM,-1.6,MM
2025,10,27,21,50,310,6.0,8.0,2.6,11,7.3,283,1020.6,.1,15.0,.6,MM,MM,MM
2025,10,27,21,40,310,7.0,8.0,MM,MM,MM,MM,1021.1,.0,MM,.6,MM,MM,MM
2025,10,27,21,30,310,7.0,8.0,MM,MM,MM,MM,1020.8,.0,15.0,.8,MM,MM,MM
2025,10,27,21,20,310,6.0,8.0,2.6,12,7.3,295,1020.9,.1,15.0,.8,MM,MM,MM
2025,10,27,21,10,320,6.0,8.0,2.6,MM,7.3,295,1020.9,.0,15.0,.4,MM,MM,MM
2025,10,27,21,0,310,6.0,7.0,MM,MM,MM,MM,1021.1,.0,15.0,.6,MM,-1.4,MM
2025,10,27,20,50,320,6.0,7.0,2.8,11,7.6,278,1021.1,.1,MM,.7,MM,MM,MM
2025,10,27,20,40,320,5.0,7.0,2.8,MM,7.6,278,1021.2,.1,15.0,.9,MM,MM,MM
2025,10,27,20,30,320,6.0,7.0,MM,MM,MM,MM,1021.3,.0,15.0,.8,MM,MM,MM
2025,10,27,20,20,320,6.0,7.0,2.9,11,7.9,283,1021.4,.0,15.0,.6,MM,MM,MM
2025,10,27,20,10,320,6.0,7.0,2.9,MM,7.9,283,1021.6,.0,15.0,.6,MM,MM,MM
2025,10,27,20,0,330,6.0,7.0,MM,MM,MM,MM,1021.7,.0,15.0,.6,MM,-0.9,MM
2025,10,27,19,50,330,5.0,7.0,3.0,11,7.5,287,1021.7,.9,15.0,.6,MM,MM,MM
2025,10,27,19,40,330,6.0,7.0,MM,MM,MM,MM,1021.7,.9,15.0,.6,MM,MM,MM
2025,10,27,19,30,320,6.0,7.0,MM,MM,MM,MM,1021.8,.9,15.0,.7,MM,MM,MM
2025,10,27,19,20,330,7.0,8.0,2.6,12,7.2,277,1022.0,.8,15.0,.4,MM,MM,MM
2025,10,27,19,10,320,7.0,8.0,2.6,MM,7.2,277,1022.0,.9,15.0,.7,MM,MM,MM
2025,10,27,19,0,320,6.0,8.0,MM,MM,MM,MM,1022.2,.9,15.0,.0,MM,+0.0,MM
2025,10,27,18,50,330,6.0,8.0,2.6,9,7.2,287,1022.3,.9,15.0,.0,MM,MM,MM
2025,10,27,18,40,330,7.0,8.0,MM,MM,MM,MM,1022.4,.9,15.0,.7,MM,MM,MM
2025,10,27,18,30,330,7.0,8.0,MM,MM,MM,MM,1022.4,.8,15.0,.6,MM,MM,MM
2025,10,27,18,20,330,7.0,8.0,2.8,11,7.5,284,1022.4,.9,15.0,.9,MM,MM,MM
2025,10,27,18,10,330,7.0,9.0,2.8,MM,7.5,284,1022.6,.0,15.0,.1,MM,MM,MM
2025,10,27,18,0,330,7.0,8.0,MM,MM,MM,MM,1022.6,.9,15.0,.2,MM,+1.1,MM
2025,10,27,17,50,330,7.0,8.0,2.7,11,7.2,281,1022.3,.9,15.0,.3,MM,MM,MM
2025,10,27,17,40,330,7.0,9.0,MM,MM,MM,MM,1022.5,.9,15.0,.6,MM,MM,MM
2025,10,27,17,30,340,7.0,9.0,MM,MM,MM,MM,1022.6,.9,15.0,.8,MM,MM,MM
2025,10,27,17,20,330,7.0,9.0,2.8,11,7.5,288,1022.7,.9,15.0,.9,MM,MM,MM
2025,10,27,17,10,330,7.0,9.0,2.8,MM,7.5,288,1022.6,.9,15.0,.0,MM,MM,MM
2025,10,27,17,0,320,6.0,8.0,MM,MM,MM,MM,1022.5,.8,15.0,.8,MM,+1.1,MM
2025,10,27,16,50,320,5.0,7.0,2.8,12,7.7,280,1022.1,.8,15.0,.7,MM,MM,MM
2025,10,27,16,40,330,6.0,7.0,MM,MM,MM,MM,1022.1,.8,15.0,.7,MM,MM,MM
2025,10,27,16,30,330,6.0,7.0,MM,MM,MM,MM,1022.3,.7,15.0,.7,MM,MM,MM
2025,10,27,16,20,330,6.0,7.0,2.7,10,7.5,282,1022.1,.7,15.0,.8,MM,MM,MM
2025,10,27,16,10,340,6.0,7.0,2.7,MM,7.5,282,1022.1,.6,15.0,.8,MM,MM,MM
2025,10,27,16,0,340,7.0,8.0,MM,MM,MM,MM,1022.1,.5,15.0,.7,MM,+1.1,MM
2025,10,27,15,50,340,7.0,8.0,2.5,11,7.0,281,1022.1,.5,14.9,.7,MM,MM,MM
2025,10,27,15,40,340,7.0,9.0,MM,MM,MM,MM,1021.9,.6,14.9,.7,MM,MM,MM
2025,10,27,15,30,330,7.0,9.0,MM,MM,MM,MM,1022.0,.6,14.9,.7,MM,MM,MM
2025,10,27,15,20,340,7.0,8.0,2.6,12,7.3,286,1021.7,.5,14.9,.4,MM,MM,MM
2025,10,27,15,10,340,7.0,8.0,2.6,MM,7.3,286,1021.6,.6,14.9,.4,MM,MM,MM
2025,10,27,15,0,340,7.0,8.0,MM,MM,MM,MM,1021.4,.6,14.9,.0,MM,+1.3,MM
2025,10,27,14,50,330,7.0,8.0,2.6,13,7.2,278,1021.4,.7,14.9,.0,MM,MM,MM
2025,10,27,14,40,330,7.0,9.0,MM,MM,MM,MM,1021.5,.7,14.9,.7,MM,MM,MM
2025,10,27,14,30,330,7.0,8.0,MM,MM,MM,MM,1021.4,.8,14.9,.0,MM,MM,MM
2025,10,27,14,20,330,7.0,9.0,2.9,13,7.4,284,1021.5,.7,14.9,.8,MM,MM,MM
2025,10,27,14,10,330,7.0,9.0,2.9,MM,7.4,284,1021.5,.7,14.9,.7,MM,MM,MM
2025,10,27,14,0,330,7.0,8.0,MM,MM,MM,MM,1021.4,.7,14.9,.8,MM,+1.3,MM
2025,10,27,13,50,330,7.0,8.0,2.6,12,7.0,288,1021.3,.7,14.9,.7,MM,MM,MM
2025,10,27,13,40,330,7.0,9.0,MM,MM,MM,MM,1021.2,.8,14.9,.6,MM,MM,MM
2025,10,27,13,30,330,7.0,9.0,MM,MM,MM,MM,1021.2,.8,14.9,.5,MM,MM,MM
2025,10,27,13,20,330,8.0,0.0,2.7,13,6.9,282,1021.2,.8,14.9,.9,MM,MM,MM
2025,10,27,13,10,330,9.0,0.0,2.7,MM,6.9,282,1021.3,.8,14.9,.1,MM,MM,MM
2025,10,27,13,0,330,9.0,1.0,MM,MM,MM,MM,1021.0,.8,14.9,.3,MM,+1.3,MM
2025,10,27,12,50,330,0.0,2.0,2.7,11,6.8,284,1021.1,.7,14.9,.2,MM,MM,MM
2025,10,27,12,40,320,1.0,3.0,2.7,MM,6.8,284,1021.1,.8,14.9,.5,MM,MM,MM
2025,10,27,12,30,320,0.0,2.0,MM,MM,MM,MM,1020.8,.8,14.9,.7,MM,MM,MM
2025,10,27,12,20,320,0.0,2.0,2.8,13,7.0,269,1020.6,.8,14.9,.7,MM,MM,MM
2025,10,27,12,10,320,9.0,1.0,2.8,MM,7.0,269,1020.4,.7,14.9,.8,MM,MM,MM
2025,10,27,12,0,320,9.0,1.0,MM,MM,MM,MM,1020.1,.7,14.9,.9,MM,+0.3,MM
2025,10,27,11,50,320,0.0,2.0,3.1,14,7.3,283,1020.4,.7,14.9,.9,MM,MM,MM
2025,10,27,11,40,320,9.0,2.0,3.1,MM,7.3,283,1020.1,.7,14.9,.9,MM,MM,MM
2025,10,27,11,30,320,0.0,2.0,MM,MM,MM,MM,1020.3,.7,14.9,.0,MM,MM,MM
2025,10,27,11,20,320,0.0,2.0,2.7,14,6.8,277,1020.1,.7,14.9,.9,MM,MM,MM
2025,10,27,11,10,320,0.0,3.0,2.7,MM,6.8,277,1020.1,.7,14.9,.9,MM,MM,MM
2025,10,27,11,0,330,1.0,3.0,MM,MM,MM,MM,1020.0,.8,MM,.8,MM,+0.4,MM
2025,10,27,10,50,320,1.0,4.0,2.9,14,7.0,275,1019.9,.8,14.9,.8,MM,MM,MM
2025,10,27,10,40,320,2.0,4.0,MM,MM,MM,MM,1020.1,.9,14.9,.0,MM,MM,MM
2025,10,27,10,30,320,1.0,4.0,MM,MM,MM,MM,1020.2,.9,15.0,.8,MM,MM,MM
2025,10,27,10,20,320,1.0,3.0,3.0,13,7.0,275,1020.1,.0,15.0,.8,MM,MM,MM
2025,10,27,10,10,320,1.0,3.0,3.0,MM,7.0,275,1019.8,.0,15.0,.6,MM,MM,MM
2025,10,27,10,0,320,0.0,3.0,MM,MM,MM,MM,1019.8,.1,15.0,.7,MM,+0.0,MM
2025,10,27,9,50,320,1.0,5.0,3.0,14,7.1,278,1019.9,.1,15.0,.6,MM,MM,MM
2025,10,27,9,40,310,1.0,3.0,MM,MM,MM,MM,1019.9,.1,15.0,.8,MM,MM,MM
2025,10,27,9,30,320,1.0,3.0,MM,MM,MM,MM,1019.9,.2,15.0,.8,MM,MM,MM
2025,10,27,9,20,320,1.0,3.0,3.0,14,6.9,284,1019.9,.2,15.0,.9,MM,MM,MM
2025,10,27,9,10,310,1.0,4.0,3.0,MM,6.9,284,1020.0,.1,15.0,.9,MM,MM,MM
2025,10,27,9,0,310,1.0,3.0,MM,MM,MM,MM,1019.8,.1,15.0,.9,MM,+0.0,MM
2025,10,27,8,50,310,0.0,4.0,3.2,14,7.4,276,1019.8,.1,15.0,.1,MM,MM,MM
2025,10,27,8,40,310,0.0,2.0,3.2,MM,7.4,276,1020.0,.1,15.0,.3,MM,MM,MM
2025,10,27,8,30,310,0.0,3.0,MM,MM,MM,MM,1019.9,.1,15.0,.3,MM,MM,MM
2025,10,27,8,20,310,0.0,2.0,3.0,9,7.1,284,1019.9,.1,15.0,.3,MM,MM,MM
2025,10,27,8,10,310,0.0,2.0,MM,MM,MM,MM,1019.8,.1,15.0,.4,MM,MM,MM
2025,10,27,8,0,310,0.0,2.0,MM,MM,MM,MM,1019.7,.1,15.1,.5,MM,+0.5,MM
2025,10,27,7,50,310,1.0,3.0,3.2,10,7.2,275,1019.6,.1,15.1,.5,MM,MM,MM
2025,10,27,7,40,310,0.0,2.0,3.2,MM,7.2,275,1019.6,.1,15.1,.5,MM,MM,MM
2025,10,27,7,30,310,0.0,3.0,MM,MM,MM,MM,1019.6,.1,15.1,.5,MM,MM,MM
2025,10,27,7,20,310,0.0,2.0,3.0,10,7.1,286,1019.6,.1,15.0,.6,MM,MM,MM
2025,10,27,7,10,310,0.0,2.0,3.0,MM,7.1,286,1019.6,.1,15.1,.8,MM,MM,MM
2025,10,27,7,0,310,0.0,3.0,MM,MM,MM,MM,1019.6,.2,15.0,.9,MM,+0.8,MM
2025,10,27,6,50,310,2.0,4.0,3.3,MM,7.2,287,1020.1,.2,15.0,.9,MM,MM,MM
2025,10,27,6,40,310,0.0,3.0,3.3,MM,7.2,287,1019.5,.2,15.0,.0,MM,MM,MM
2025,10,27,6,30,300,0.0,3.0,MM,MM,MM,MM,1019.3,.2,15.0,.9,MM,MM,MM
2025,10,27,6,20,310,9.0,2.0,3.2,14,7.2,280,1019.4,.2,15.0,.9,MM,MM,MM
2025,10,27,6,10,310,9.0,1.0,3.2,MM,7.2,280,1019.5,.2,15.0,.9,MM,MM,MM
2025,10,27,6,0,310,8.0,0.0,MM,MM,MM,MM,1019.6,.3,15.0,.9,MM,+1.1,MM
2025,10,27,5,50,310,8.0,1.0,3.4,13,7.6,281,1019.6,.4,15.0,.8,MM,MM,MM
2025,10,27,5,40,310,8.0,0.0,MM,MM,MM,MM,1019.6,.4,15.0,.8,MM,MM,MM
2025,10,27,5,30,310,8.0,0.0,MM,MM,MM,MM,1019.4,.5,15.0,.8,MM,MM,MM
2025,10,27,5,20,310,9.0,2.0,3.4,10,7.4,292,1019.4,.5,15.1,.8,MM,MM,MM
2025,10,27,5,10,310,8.0,1.0,3.4,MM,7.4,292,1019.2,.5,15.1,.8,MM,MM,MM
2025,10,27,5,0,300,9.0,1.0,MM,MM,MM,MM,1019.1,.5,15.0,.8,MM,+1.2,MM
2025,10,27,4,50,300,0.0,2.0,3.8,10,7.7,291,1018.8,.5,15.0,.7,MM,MM,MM
2025,10,27,4,40,300,9.0,2.0,MM,MM,MM,MM,1018.8,.5,15.1,.8,MM,MM,MM
2025,10,27,4,30,300,9.0,2.0,MM,MM,MM,MM,1018.8,.4,15.1,.9,MM,MM,MM
2025,10,27,4,20,300,9.0,2.0,3.9,10,7.8,295,1018.8,.3,15.0,.8,MM,MM,MM
2025,10,27,4,10,290,9.0,1.0,3.9,MM,7.8,295,1018.8,.3,15.0,.9,MM,MM,MM
2025,10,27,4,0,290,9.0,2.0,MM,MM,MM,MM,1018.8,.4,15.1,.9,MM,+1.3,MM
2025,10,27,3,50,290,9.0,1.0,3.6,11,7.6,285,1018.7,.4,15.1,.8,MM,MM,MM
2025,10,27,3,40,300,9.0,2.0,MM,MM,MM,MM,1018.8,.4,15.1,.8,MM,MM,MM
2025,10,27,3,30,300,9.0,1.0,MM,MM,MM,MM,1018.7,.4,15.0,.9,MM,MM,MM
2025,10,27,3,20,310,9.0,2.0,3.8,14,7.7,279,1018.7,.5,15.1,.9,MM,MM,MM
2025,10,27,3,10,310,8.0,2.0,3.8,MM,7.7,279,1018.6,.6,15.1,.9,MM,MM,MM
2025,10,27,3,0,310,8.0,0.0,MM,MM,MM,MM,1018.5,.6,15.1,.8,MM,+1.7,MM
2025,10,27,2,50,310,9.0,1.0,3.7,11,7.8,293,1018.4,.6,15.1,.8,MM,MM,MM
2025,10,27,2,40,310,9.0,2.0,MM,MM,MM,MM,1018.3,.7,15.1,.9,MM,MM,MM
2025,10,27,2,30,300,8.0,1.0,MM,MM,MM,MM,1018.3,.8,15.1,.0,MM,MM,MM
2025,10,27,2,20,300,9.0,2.0,3.8,14,7.4,287,1018.1,.9,15.1,.9,MM,MM,MM
2025,10,27,2,10,300,0.0,2.0,3.8,MM,7.4,287,1018.1,.0,15.2,.0,MM,MM,MM
2025,10,27,2,0,300,0.0,2.0,MM,MM,MM,MM,1018.0,.0,15.2,.2,MM,+1.6,MM
2025,10,27,1,50,300,0.0,3.0,3.7,14,7.5,285,1017.9,.1,15.2,.4,MM,MM,MM
2025,10,27,1,40,290,0.0,3.0,3.7,MM,7.5,285,1017.7,.2,15.2,.4,MM,MM,MM
2025,10,27,1,30,290,0.0,3.0,MM,MM,MM,MM,1017.7,.3,15.2,.6,MM,MM,MM
2025,10,27,1,20,300,2.0,4.0,3.4,13,6.9,295,1017.7,.4,15.2,.5,MM,MM,MM
2025,10,27,1,10,300,1.0,4.0,3.4,MM,6.9,295,1017.5,.4,15.2,.8,MM,MM,MM
2025,10,27,1,0,290,0.0,3.0,MM,MM,MM,MM,1017.4,.4,15.2,.9,MM,+1.5,MM
2025,10,27,0,50,290,1.0,4.0,3.5,13,7.2,286,1017.1,.4,15.2,.9,MM,MM,MM
2025,10,27,0,40,290,1.0,4.0,MM,MM,MM,MM,1017.0,.4,15.2,.8,MM,MM,MM
2025,10,27,0,30,290,2.0,4.0,MM,MM,MM,MM,1017.0,.3,15.2,.7,MM,MM,MM
2025,10,27,0,20,290,2.0,5.0,3.0,13,6.9,293,1016.9,.3,15.2,.7,MM,MM,MM
2025,10,27,0,10,290,3.0,6.0,3.0,MM,6.9,293,1016.8,.3,15.3,.8,MM,MM,MM
2025,10,27,0,0,290,1.0,4.0,MM,MM,MM,MM,1016.8,.2,MM,.8,MM,+1.0,MM
2025,10,26,23,50,280,1.0,4.0,2.7,13,6.6,301,1017.0,.2,15.3,.9,MM,MM,MM
2025,10,26,23,40,280,0.0,3.0,MM,MM,MM,MM,1017.1,.3,15.3,.0,MM,MM,MM
2025,10,26,23,30,280,0.0,2.0,MM,MM,MM,MM,1016.9,.4,15.3,.1,MM,MM,MM
2025,10,26,23,20,280,1.0,3.0,3.1,13,7.5,294,1016.7,.6,15.3,.2,MM,MM,MM
2025,10,26,23,10,270,0.0,3.0,3.1,MM,7.5,294,1016.6,.7,15.3,.3,MM,MM,MM
2025,10,26,23,0,270,1.0,3.0,MM,MM,MM,MM,1016.4,.9,15.3,.5,MM,+0.3,MM
2025,10,26,22,50,260,0.0,3.0,3.2,13,7.6,294,1016.3,.9,15.3,.5,MM,MM,MM
2025,10,26,22,40,260,9.0,3.0,MM,MM,MM,MM,1016.3,.9,15.3,.6,MM,MM,MM
2025,10,26,22,30,260,9.0,2.0,MM,MM,MM,MM,1016.3,.0,15.3,.8,MM,MM,MM
2025,10,26,22,20,250,8.0,2.0,3.0,13,7.4,299,1016.4,.9,15.3,.9,MM,MM,MM
2025,10,26,22,10,250,8.0,0.0,MM,MM,MM,MM,1016.2,.6,15.3,.0,MM,MM,MM
2025,10,26,22,0,230,9.0,3.0,MM,MM,MM,MM,1016.1,.3,15.3,.5,MM,-0.6,MM
2025,10,26,21,50,200,9.0,3.0,2.6,13,6.6,299,1015.8,.2,15.3,.5,MM,MM,MM
2025,10,26,21,40,190,9.0,1.0,MM,MM,MM,MM,1015.6,.0,15.3,.3,MM,MM,MM
2025,10,26,21,30,190,0.0,2.0,MM,MM,MM,MM,1015.5,.0,15.3,.3,MM,MM,MM
2025,10,26,21,20,180,1.0,4.0,2.9,MM,7.2,303,1015.9,.9,15.3,.2,MM,MM,MM
2025,10,26,21,10,180,0.0,4.0,MM,MM,MM,MM,1015.5,.6,15.3,.0,MM,MM,MM
2025,10,26,21,0,180,9.0,3.0,MM,MM,MM,MM,1015.7,.5,15.3,.9,MM,-1.5,MM
2025,10,26,20,50,170,1.0,3.0,3.2,15,7.6,298,1015.8,.4,15.3,.8,MM,MM,MM
2025,10,26,20,40,170,1.0,3.0,MM,MM,MM,MM,1015.8,.5,15.3,.8,MM,MM,MM
2025,10,26,20,30,170,1.0,3.0,MM,MM,MM,MM,1015.8,.6,15.3,.9,MM,MM,MM
2025,10,26,20,20,170,1.0,3.0,3.2,14,7.7,294,1015.7,.6,15.3,.8,MM,MM,MM
2025,10,26,20,10,170,1.0,3.0,3.2,MM,7.7,294,1015.8,.7,15.3,.9,MM,MM,MM
2025,10,26,20,0,170,0.0,3.0,MM,MM,MM,MM,1016.1,.6,15.3,.8,MM,-1.1,MM
2025,10,26,19,50,170,0.0,3.0,2.8,15,7.5,279,1016.3,.6,15.3,.8,MM,MM,MM
2025,10,26,19,40,170,0.0,2.0,2.8,MM,7.5,279,1016.5,.6,15.3,.8,MM,MM,MM
2025,10,26,19,30,170,0.0,3.0,MM,MM,MM,MM,1016.7,.6,15.3,.8,MM,MM,MM
2025,10,26,19,20,170,0.0,2.0,3.1,14,8.1,301,1016.8,.6,15.3,.8,MM,MM,MM
2025,10,26,19,10,170,9.0,1.0,3.1,MM,8.1,301,1016.7,.5,15.3,.7,MM,MM,MM
2025,10,26,19,0,170,9.0,1.0,MM,MM,MM,MM,1016.6,.4,15.4,.7,MM,-1.0,MM
2025,10,26,18,50,160,0.0,2.0,3.1,15,8.6,292,1016.6,.4,15.4,.7,MM,MM,MM
2025,10,26,18,40,160,0.0,2.0,3.1,MM,8.6,292,1016.5,.5,15.4,.7,MM,MM,MM
2025,10,26,18,30,160,9.0,2.0,MM,MM,MM,MM,1016.8,.6,15.4,.7,MM,MM,MM
2025,10,26,18,20,170,9.0,1.0,3.0,14,9.0,302,1017.0,.9,15.4,.9,MM,MM,MM
2025,10,26,18,10,170,8.0,0.0,MM,MM,MM,MM,1017.1,.9,15.4,.9,MM,MM,MM
2025,10,26,18,0,170,8.0,0.0,MM,MM,MM,MM,1017.3,.9,15.4,.9,MM,+0.0,MM
2025,10,26,17,50,170,8.0,9.0,3.0,15,8.9,299,1017.4,.9,15.4,.8,MM,MM,MM
2025,10,26,17,40,170,8.0,0.0,MM,MM,MM,MM,1017.3,.9,15.4,.8,MM,MM,MM
2025,10,26,17,30,170,8.0,9.0,MM,MM,MM,MM,1017.3,.1,15.4,.9,MM,MM,MM
2025,10,26,17,20,170,7.0,9.0,3.1,15,9.3,284,1017.4,.0,15.4,.8,MM,MM,MM
2025,10,26,17,10,170,8.0,9.0,3.1,MM,9.3,284,1017.2,.9,15.3,.7,MM,MM,MM
2025,10,26,17,0,170,7.0,9.0,MM,MM,MM,MM,1017.3,.9,15.4,.8,MM,+0.3,MM
2025,10,26,16,50,170,7.0,9.0,3.2,15,9.7,292,1017.2,.8,15.3,.8,MM,MM,MM
2025,10,26,16,40,170,6.0,8.0,MM,MM,MM,MM,1017.3,.7,15.3,.8,MM,MM,MM
2025,10,26,16,30,170,6.0,8.0,MM,MM,MM,MM,1017.4,.8,15.3,.9,MM,MM,MM
2025,10,26,16,20,170,6.0,7.0,3.1,14,9.4,297,1017.5,.8,15.3,.8,MM,MM,MM
2025,10,26,16,10,180,6.0,7.0,3.1,MM,9.4,297,1017.6,.8,15.3,.7,MM,MM,MM
2025,10,26,16,0,180,6.0,8.0,MM,MM,MM,MM,1017.6,.6,15.3,.6,MM,+0.7,MM
2025,10,26,15,50,180,6.0,8.0,3.1,15,9.3,295,1017.5,.5,15.4,.6,MM,MM,MM
2025,10,26,15,40,170,6.0,7.0,MM,MM,MM,MM,1017.3,.4,15.4,.6,MM,MM,MM
2025,10,26,15,30,170,6.0,7.0,MM,MM,MM,MM,1017.2,.4,15.4,.6,MM,MM,MM
2025,10,26,15,20,180,5.0,7.0,3.9,15,0.7,290,1017.2,.5,15.4,.7,MM,MM,MM
2025,10,26,15,10,180,5.0,6.0,3.9,MM,0.7,290,1017.3,.4,15.4,.7,MM,MM,MM
2025,10,26,15,0,180,5.0,7.0,MM,MM,MM,MM,1017.0,.4,15.4,.7,MM,+0.0,MM
2025,10,26,14,50,170,5.0,7.0,3.6,14,0.3,295,1016.8,.4,15.4,.7,MM,MM,MM
2025,10,26,14,40,170,5.0,6.0,MM,MM,MM,MM,1016.8,.4,15.4,.6,MM,MM,MM
2025,10,26,14,30,170,5.0,7.0,MM,MM,MM,MM,1016.6,.5,15.4,.7,MM,MM,MM
2025,10,26,14,20,170,4.0,6.0,3.9,14,0.6,294,1016.6,.6,15.4,.7,MM,MM,MM
2025,10,26,14,10,170,4.0,5.0,3.9,MM,0.6,294,1016.8,.6,15.4,.6,MM,MM,MM
2025,10,26,14,0,170,3.0,5.0,MM,MM,MM,MM,1016.9,.6,15.4,.6,MM,-0.3,MM
2025,10,26,13,50,170,4.0,5.0,3.4,14,9.8,296,1016.8,.7,15.4,.6,MM,MM,MM
2025,10,26,13,40,160,3.0,5.0,3.4,MM,9.8,296,1017.0,.7,15.4,.6,MM,MM,MM
2025,10,26,13,30,160,4.0,6.0,MM,MM,MM,MM,1016.8,.6,15.4,.5,MM,MM,MM
2025,10,26,13,20,160,3.0,5.0,3.6,15,0.5,293,1016.7,.6,15.4,.6,MM,MM,MM
2025,10,26,13,10,160,3.0,6.0,3.6,MM,0.5,293,1016.8,.6,15.4,.5,MM,MM,MM
2025,10,26,13,0,150,3.0,5.0,MM,MM,MM,MM,1016.9,.6,15.4,.5,MM,-0.6,MM
2025,10,26,12,50,140,3.0,5.0,3.7,15,0.6,292,1016.8,.5,15.4,.5,MM,MM,MM
2025,10,26,12,40,130,3.0,5.0,MM,MM,MM,MM,1017.0,.5,15.4,.5,MM,MM,MM
2025,10,26,12,30,130,3.0,5.0,MM,MM,MM,MM,1017.1,.6,15.4,.6,MM,MM,MM
2025,10,26,12,20,120,3.0,5.0,4.1,15,0.6,297,1016.9,.5,15.4,.5,MM,MM,MM
2025,10,26,12,10,110,2.0,5.0,4.1,MM,0.6,297,1016.8,.5,15.4,.5,MM,MM,MM
2025,10,26,12,0,110,2.0,4.0,MM,MM,MM,MM,1016.9,.5,15.4,.5,MM,-0.7,MM
2025,10,26,11,50,100,2.0,4.0,3.8,14,0.6,298,1017.0,.4,15.4,.4,MM,MM,MM
2025,10,26,11,40,100,2.0,4.0,MM,MM,MM,MM,1016.8,.5,15.4,.6,MM,MM,MM
2025,10,26,11,30,90,1.0,3.0,MM,MM,MM,MM,1017.1,.4,15.4,.4,MM,MM,MM
2025,10,26,11,20,MM,0.0,2.0,4.0,14,0.7,301,1017.1,.4,15.4,.4,MM,MM,MM
2025,10,26,11,10,200,1.0,2.0,4.0,MM,0.7,301,1017.1,.3,15.4,.4,MM,MM,MM
2025,10,26,11,0,230,1.0,3.0,MM,MM,MM,MM,1017.2,.3,15.5,.5,MM,-1.3,MM
2025,10,26,10,50,210,1.0,2.0,3.5,12,0.1,304,1017.2,.3,15.5,.5,MM,MM,MM
2025,10,26,10,40,180,1.0,3.0,3.5,MM,0.1,304,1016.9,.3,15.5,.5,MM,MM,MM
2025,10,26,10,30,190,1.0,3.0,MM,MM,MM,MM,1017.0,.3,15.5,.5,MM,MM,MM
2025,10,26,10,20,230,1.0,2.0,3.7,13,0.3,303,1017.1,.3,15.5,.4,MM,MM,MM
2025,10,26,10,10,270,1.0,2.0,3.7,MM,0.3,303,1017.5,.3,15.5,.4,MM,MM,MM
2025,10,26,10,0,260,1.0,2.0,MM,MM,MM,MM,1017.5,.3,15.5,.4,MM,-1.6,MM
2025,10,26,9,50,280,1.0,2.0,3.7,14,0.4,297,1017.5,.4,15.5,.5,MM,MM,MM
2025,10,26,9,40,310,1.0,2.0,3.7,MM,0.4,297,1017.6,.3,15.5,.4,MM,MM,MM
2025,10,26,9,30,MM,0.0,2.0,MM,MM,MM,MM,1017.5,.4,15.5,.5,MM,MM,MM
2025,10,26,9,20,MM,0.0,2.0,3.2,13,0.0,297,1017.5,.4,15.5,.4,MM,MM,MM
2025,10,26,9,10,MM,0.0,2.0,3.2,MM,0.0,297,1017.6,.4,15.5,.4,MM,MM,MM
2025,10,26,9,0,MM,0.0,1.0,MM,MM,MM,MM,1017.6,.4,15.5,.4,MM,-1.2,MM
2025,10,26,8,50,20,1.0,2.0,3.4,15,0.5,296,1017.8,.4,15.5,.5,MM,MM,MM
2025,10,26,8,40,10,2.0,3.0,MM,MM,MM,MM,1018.0,.4,15.5,.5,MM,MM,MM
2025,10,26,8,30,10,2.0,3.0,MM,MM,MM,MM,1018.2,.4,15.5,.5,MM,MM,MM
2025,10,26,8,20,10,2.0,3.0,2.9,16,0.0,291,1018.3,.4,MM,.5,MM,MM,MM
2025,10,26,8,10,10,2.0,3.0,MM,MM,MM,MM,1018.5,.5,15.5,.7,MM,MM,MM
2025,10,26,8,0,360,2.0,3.0,MM,MM,MM,MM,1018.5,.6,15.6,.8,MM,+0.0,MM
2025,10,26,7,50,10,2.0,3.0,2.5,13,9.5,294,1018.4,.6,15.6,.7,MM,MM,MM
2025,10,26,7,40,360,1.0,2.0,MM,MM,MM,MM,1018.6,.6,15.6,.7,MM,MM,MM
2025,10,26,7,30,350,2.0,3.0,MM,MM,MM,MM,1018.9,.7,15.5,.8,MM,MM,MM
2025,10,26,7,20,340,2.0,3.0,2.6,13,9.7,301,1019.0,.6,15.5,.7,MM,MM,MM
2025,10,26,7,10,360,2.0,3.0,2.6,MM,9.7,301,1019.0,.6,15.5,.8,MM,MM,MM
2025,10,26,7,0,360,2.0,3.0,MM,MM,MM,MM,1019.1,.6,15.5,.8,MM,+0.9,MM
2025,10,26,6,50,340,1.0,2.0,2.5,14,9.3,288,1019.0,.7,15.5,.9,MM,MM,MM
2025,10,26,6,40,340,1.0,2.0,MM,MM,MM,MM,1018.9,.8,15.5,.9,MM,MM,MM
2025,10,26,6,30,330,1.0,1.0,MM,MM,MM,MM,1019.0,.8,15.5,.8,MM,MM,MM
2025,10,26,6,20,290,1.0,2.0,2.3,13,9.2,296,1018.9,.7,15.5,.6,MM,MM,MM
2025,10,26,6,10,MM,0.0,1.0,2.3,MM,9.2,296,1018.8,.7,15.5,.6,MM,MM,MM
2025,10,26,6,0,200,1.0,2.0,MM,MM,MM,MM,1018.9,.7,15.5,.6,MM,+0.6,MM
2025,10,26,5,50,200,1.0,2.0,2.4,12,9.5,290,1018.8,.7,15.5,.7,MM,MM,MM
2025,10,26,5,40,220,1.0,2.0,2.4,MM,9.5,290,1018.8,.8,15.4,.8,MM,MM,MM
2025,10,26,5,30,230,1.0,2.0,MM,MM,MM,MM,1018.9,.8,15.4,.8,MM,MM,MM
2025,10,26,5,20,230,1.0,2.0,2.2,12,9.0,279,1018.9,.8,15.4,.8,MM,MM,MM
2025,10,26,5,10,200,1.0,2.0,2.2,MM,9.0,279,1018.5,.8,15.4,.7,MM,MM,MM
2025,10,26,5,0,170,1.0,3.0,MM,MM,MM,MM,1018.5,.8,15.4,.6,MM,+0.4,MM
2025,10,26,4,50,160,2.0,3.0,2.6,14,9.5,286,1018.1,.8,15.4,.6,MM,MM,MM
2025,10,26,4,40,150,3.0,4.0,MM,MM,MM,MM,1017.9,.8,15.5,.6,MM,MM,MM
2025,10,26,4,30,150,3.0,5.0,MM,MM,MM,MM,1018.0,.8,15.5,.4,MM,MM,MM
2025,10,26,4,20,150,4.0,5.0,2.4,13,9.1,292,1017.6,.7,15.5,.4,MM,MM,MM
2025,10,26,4,10,150,3.0,5.0,2.4,MM,9.1,292,1017.7,.8,15.6,.5,MM,MM,MM
2025,10,26,4,0,150,2.0,4.0,MM,MM,MM,MM,1018.2,.8,15.6,.3,MM,+0.0,MM
2025,10,26,3,50,130,1.0,2.0,2.2,15,9.2,296,1018.2,.8,15.6,.2,MM,MM,MM
2025,10,26,3,40,120,1.0,2.0,2.2,MM,9.2,296,1018.4,.8,15.6,.4,MM,MM,MM
2025,10,26,3,30,110,1.0,2.0,MM,MM,MM,MM,1018.7,.7,15.6,.3,MM,MM,MM
2025,10,26,3,20,110,2.0,3.0,2.2,15,9.1,288,1018.6,.7,15.6,.4,MM,MM,MM
2025,10,26,3,10,100,2.0,4.0,2.2,MM,9.1,288,1018.4,.6,15.6,.3,MM,MM,MM
2025,10,26,3,0,90,2.0,4.0,MM,MM,MM,MM,1018.3,.6,15.6,.3,MM,+0.4,MM
2025,10,26,2,50,80,2.0,3.0,2.2,14,9.0,288,1018.2,.6,15.6,.3,MM,MM,MM
2025,10,26,2,40,60,2.0,3.0,MM,MM,MM,MM,1018.2,.6,15.6,.3,MM,MM,MM
2025,10,26,2,30,70,2.0,4.0,MM,MM,MM,MM,1018.2,.7,15.6,.3,MM,MM,MM
2025,10,26,2,20,50,2.0,3.0,2.3,15,9.4,283,1018.2,.7,15.6,.1,MM,MM,MM
2025,10,26,2,10,40,3.0,3.0,2.3,MM,9.4,283,1018.3,.7,15.6,.0,MM,MM,MM
2025,10,26,2,0,30,3.0,4.0,MM,MM,MM,MM,1018.0,.7,15.6,.9,MM,+0.3,MM
2025,10,26,1,50,30,3.0,4.0,2.3,15,9.3,291,1017.9,.9,15.6,.0,MM,MM,MM
2025,10,26,1,40,10,3.0,4.0,2.3,MM,9.3,291,1017.8,.2,15.6,.0,MM,MM,MM
2025,10,26,1,30,20,3.0,4.0,MM,MM,MM,MM,1017.9,.2,15.6,.8,MM,MM,MM
2025,10,26,1,20,20,3.0,3.0,2.3,15,9.1,289,1017.9,.3,15.6,.9,MM,MM,MM
2025,10,26,1,10,360,3.0,4.0,2.3,MM,9.1,289,1018.0,.3,15.5,.9,MM,MM,MM
2025,10,26,1,0,10,3.0,3.0,MM,MM,MM,MM,1018.1,.3,15.6,.8,MM,+0.0,MM
2025,10,26,0,50,10,3.0,3.0,2.4,15,9.1,284,1018.1,.4,15.6,.6,MM,MM,MM
2025,10,26,0,40,360,3.0,5.0,MM,MM,MM,MM,1018.1,.4,15.6,.6,MM,MM,MM
2025,10,26,0,30,330,4.0,5.0,MM,MM,MM,MM,1018.2,.1,15.6,.9,MM,MM,MM
2025,10,26,0,20,240,3.0,5.0,2.4,15,9.0,276,1018.1,.1,15.6,.1,MM,MM,MM
2025,10,26,0,10,200,3.0,4.0,2.4,MM,9.0,276,1018.0,.1,15.6,.3,MM,MM,MM
2025,10,26,0,0,200,2.0,3.0,MM,MM,MM,MM,1017.9,.1,15.6,.4,MM,+0.0,MM
2025,10,25,23,50,200,2.0,3.0,2.6,15,9.5,289,1018.1,.0,15.6,.3,MM,MM,MM
2025,10,25,23,40,190,2.0,3.0,2.6,MM,9.5,289,1017.9,.0,15.5,.3,MM,MM,MM
2025,10,25,23,30,200,2.0,3.0,MM,MM,MM,MM,1018.0,.0,15.6,.3,MM,MM,MM
2025,10,25,23,20,210,3.0,3.0,2.6,14,9.3,283,1018.1,.0,15.5,.3,MM,MM,MM
2025,10,25,23,10,210,2.0,3.0,2.6,MM,9.3,283,1017.8,.0,15.6,.4,MM,MM,MM
2025,10,25,23,0,210,3.0,3.0,MM,MM,MM,MM,1017.8,.0,15.6,.4,MM,+0.0,MM
2025,10,25,22,50,210,3.0,3.0,2.6,16,9.1,286,1017.9,.9,15.6,.3,MM,MM,MM
2025,10,25,22,40,210,3.0,4.0,2.6,MM,9.1,286,1017.8,.9,15.5,.3,MM,MM,MM
2025,10,25,22,30,210,3.0,4.0,MM,MM,MM,MM,1017.8,.8,15.6,.3,MM,MM,MM
2025,10,25,22,20,210,3.0,3.0,2.7,16,9.0,290,1017.7,.7,15.6,.2,MM,MM,MM
2025,10,25,22,10,210,3.0,3.0,MM,MM,MM,MM,1017.9,.7,15.6,.2,MM,MM,MM
2025,10,25,22,0,210,3.0,3.0,MM,MM,MM,MM,1017.9,.7,MM,.2,MM,+0.0,MM
2025,10,25,21,50,210,3.0,4.0,2.7,16,8.8,293,1017.8,.6,15.6,.2,MM,MM,MM
2025,10,25,21,40,210,3.0,3.0,2.7,MM,8.8,293,1017.8,.5,15.6,.1,MM,MM,MM
2025,10,25,21,30,220,3.0,3.0,MM,MM,MM,MM,1018.0,.5,15.6,.2,MM,MM,MM
2025,10,25,21,20,220,3.0,4.0,2.7,15,9.1,282,1018.0,.5,15.6,.2,MM,MM,MM
2025,10,25,21,10,230,3.0,4.0,2.7,MM,9.1,282,1018.0,.4,15.6,.1,MM,MM,MM
2025,10,25,21,0,230,3.0,4.0,MM,MM,MM,MM,1018.1,.4,15.6,.1,MM,+0.6,MM
2025,10,25,20,50,220,3.0,3.0,2.8,14,8.9,290,1018.1,.4,15.5,.1,MM,MM,MM
2025,10,25,20,40,220,2.0,3.0,2.8,MM,8.9,290,1018.1,.3,15.5,.1,MM,MM,MM
2025,10,25,20,30,220,2.0,3.0,MM,MM,MM,MM,1018.1,.3,15.5,.1,MM,MM,MM
2025,10,25,20,20,230,3.0,4.0,2.8,11,8.6,297,1017.9,.3,15.5,.1,MM,MM,MM
2025,10,25,20,10,230,3.0,3.0,2.8,MM,8.6,297,1017.9,.3,15.5,.1,MM,MM,MM
2025,10,25,20,0,230,2.0,3.0,MM,MM,MM,MM,1017.9,.3,15.5,.1,MM,+0.8,MM
2025,10,25,19,50,220,2.0,3.0,2.6,16,8.5,287,1018.0,.2,15.5,.0,MM,MM,MM
2025,10,25,19,40,230,2.0,4.0,2.6,MM,8.5,287,1017.9,.2,15.5,.0,MM,MM,MM
2025,10,25,19,30,230,3.0,4.0,MM,MM,MM,MM,1017.9,.1,15.4,.9,MM,MM,MM
2025,10,25,19,20,240,3.0,4.0,3.0,16,8.9,296,1017.9,.1,15.4,.8,MM,MM,MM
2025,10,25,19,10,240,3.0,5.0,MM,MM,MM,MM,1017.9,.2,15.4,.9,MM,MM,MM
2025,10,25,19,0,240,3.0,4.0,MM,MM,MM,MM,1017.9,.2,15.4,.9,MM,+1.4,MM
2025,10,25,18,50,240,3.0,4.0,2.8,MM,8.5,298,1018.3,.3,15.4,.0,MM,MM,MM
2025,10,25,18,40,MM,MM,MM,2.8,14,MM,MM,MM,MM,MM,MM,MM,MM,MM
2025,10,25,18,30,240,3.0,4.0,MM,MM,MM,MM,1017.7,.4,15.4,.1,MM,MM,MM
2025,10,25,18,20,240,3.0,4.0,3.0,13,8.7,293,1017.7,.5,15.4,.1,MM,MM,MM
2025,10,25,18,10,220,3.0,4.0,MM,MM,MM,MM,1017.5,.6,15.4,.2,MM,MM,MM
2025,10,25,18,0,220,3.0,4.0,MM,MM,MM,MM,1017.5,.7,15.4,.3,MM,+1.9,MM
2025,10,25,17,50,220,5.0,7.0,2.9,15,8.6,291,1017.4,.8,15.3,.4,MM,MM,MM
2025,10,25,17,40,200,6.0,8.0,MM,MM,MM,MM,1017.3,.6,15.3,.1,MM,MM,MM
2025,10,25,17,30,200,7.0,9.0,MM,MM,MM,MM,1017.2,.6,15.3,.1,MM,MM,MM
2025,10,25,17,20,190,8.0,0.0,3.1,14,8.6,301,1017.2,.4,15.3,.9,MM,MM,MM
2025,10,25,17,10,190,7.0,9.0,3.1,MM,8.6,301,1017.2,.2,15.3,.7,MM,MM,MM
2025,10,25,17,0,190,7.0,9.0,MM,MM,MM,MM,1017.0,.2,15.3,.7,MM,+1.4,MM
2025,10,25,16,50,190,8.0,1.0,3.2,16,9.1,289,1017.1,.1,15.3,.5,MM,MM,MM
2025,10,25,16,40,180,8.0,0.0,MM,MM,MM,MM,1017.0,.1,15.3,.5,MM,MM,MM
2025,10,25,16,30,180,8.0,1.0,MM,MM,MM,MM,1016.6,.1,15.3,.5,MM,MM,MM
2025,10,25,16,20,180,8.0,9.0,2.9,16,8.5,296,1016.9,.1,15.3,.5,MM,MM,MM
2025,10,25,16,10,180,8.0,9.0,2.9,MM,8.5,296,1016.6,.1,15.3,.5,MM,MM,MM
2025,10,25,16,0,180,8.0,0.0,MM,MM,MM,MM,1016.4,.2,15.3,.6,MM,+0.6,MM
2025,10,25,15,50,180,8.0,0.0,3.1,15,8.9,292,1016.2,.2,15.3,.5,MM,MM,MM
2025,10,25,15,40,170,8.0,0.0,MM,MM,MM,MM,1016.0,.2,15.3,.5,MM,MM,MM
2025,10,25,15,30,170,8.0,0.0,MM,MM,MM,MM,1015.8,.2,15.3,.5,MM,MM,MM
2025,10,25,15,20,170,8.0,0.0,3.0,16,8.9,279,1015.7,.2,15.3,.5,MM,MM,MM
2025,10,25,15,10,170,8.0,0.0,3.0,MM,8.9,279,1015.6,.3,15.3,.5,MM,MM,MM
2025,10,25,15,0,170,8.0,0.0,MM,MM,MM,MM,1015.5,.3,15.3,.4,MM,+0.0,MM
2025,10,25,14,50,170,8.0,0.0,2.7,16,8.8,285,1015.5,.4,15.3,.4,MM,MM,MM
2025,10,25,14,40,170,8.0,9.0,MM,MM,MM,MM,1015.5,.5,15.3,.4,MM,MM,MM
2025,10,25,14,30,170,8.0,9.0,MM,MM,MM,MM,1015.8,.6,15.3,.5,MM,MM,MM
2025,10,25,14,20,170,7.0,9.0,2.7,16,9.4,286,1015.8,.6,15.4,.5,MM,MM,MM
2025,10,25,14,10,160,7.0,9.0,2.7,MM,9.4,286,1015.8,.5,15.4,.3,MM,MM,MM
2025,10,25,14,0,160,7.0,9.0,MM,MM,MM,MM,1015.7,.5,15.4,.4,MM,-0.4,MM
2025,10,25,13,50,160,7.0,9.0,2.8,16,9.7,288,1015.6,.5,15.4,.4,MM,MM,MM
2025,10,25,13,40,160,7.0,9.0,MM,MM,MM,MM,1015.4,.4,15.4,.3,MM,MM,MM
2025,10,25,13,30,160,7.0,9.0,MM,MM,MM,MM,1015.6,.4,15.4,.4,MM,MM,MM
2025,10,25,13,20,160,7.0,8.0,2.7,17,9.7,280,1015.8,.2,15.4,.2,MM,MM,MM
2025,10,25,13,10,160,7.0,8.0,2.7,MM,9.7,280,1015.8,.1,15.4,.2,MM,MM,MM
2025,10,25,13,0,160,7.0,8.0,MM,MM,MM,MM,1015.8,.0,15.4,.2,MM,-0.9,MM
2025,10,25,12,50,160,7.0,8.0,2.8,16,0.4,285,1015.7,.9,15.4,.2,MM,MM,MM
2025,10,25,12,40,160,6.0,9.0,MM,MM,MM,MM,1015.9,.8,15.4,.1,MM,MM,MM
2025,10,25,12,30,160,6.0,8.0,MM,MM,MM,MM,1016.0,.8,15.4,.2,MM,MM,MM
2025,10,25,12,20,160,6.0,7.0,3.0,13,1.3,300,1015.9,.6,15.4,.0,MM,MM,MM
2025,10,25,12,10,160,6.0,7.0,3.0,MM,1.3,300,1015.7,.6,15.4,.0,MM,MM,MM
2025,10,25,12,0,160,6.0,8.0,MM,MM,MM,MM,1015.6,.6,15.4,.0,MM,-0.7,MM
2025,10,25,11,50,160,6.0,8.0,2.8,14,1.1,297,1015.5,.6,15.4,.0,MM,MM,MM
2025,10,25,11,40,160,5.0,8.0,2.8,MM,1.1,297,1015.9,.8,15.4,.2,MM,MM,MM
2025,10,25,11,30,160,4.0,6.0,MM,MM,MM,MM,1016.1,.9,15.4,.3,MM,MM,MM
2025,10,25,11,20,160,5.0,6.0,2.8,16,1.4,291,1016.3,.9,15.4,.2,MM,MM,MM
2025,10,25,11,10,170,5.0,6.0,2.8,MM,1.4,291,1015.9,.0,15.4,.3,MM,MM,MM
2025,10,25,11,0,170,4.0,6.0,MM,MM,MM,MM,1016.1,.0,15.4,.3,MM,-0.7,MM
2025,10,25,10,50,170,4.0,5.0,2.8,16,1.3,288,1016.2,.0,15.4,.2,MM,MM,MM
2025,10,25,10,40,180,4.0,5.0,MM,MM,MM,MM,1016.5,.0,15.4,.3,MM,MM,MM
2025,10,25,10,30,180,3.0,4.0,MM,MM,MM,MM,1016.6,.0,15.4,.3,MM,MM,MM
2025,10,25,10,20,180,3.0,5.0,2.6,16,1.4,285,1016.7,.9,15.4,.2,MM,MM,MM
2025,10,25,10,10,170,4.0,5.0,2.6,MM,1.4,285,1016.3,.8,15.4,.2,MM,MM,MM
2025,10,25,10,0,180,3.0,4.0,MM,MM,MM,MM,1016.8,.7,15.4,.1,MM,-0.0,MM
2025,10,25,9,50,180,3.0,4.0,2.5,15,1.3,287,1016.9,.6,15.4,.0,MM,MM,MM
2025,10,25,9,40,180,3.0,4.0,MM,MM,MM,MM,1016.8,.5,15.4,.9,MM,MM,MM
2025,10,25,9,30,170,3.0,5.0,MM,MM,MM,MM,1016.6,.4,15.4,.9,MM,MM,MM
2025,10,25,9,20,160,3.0,5.0,2.6,15,1.3,293,1016.6,.4,15.4,.9,MM,MM,MM
2025,10,25,9,10,150,4.0,6.0,2.6,MM,1.3,293,1016.4,.5,15.4,.9,MM,MM,MM
2025,10,25,9,0,150,4.0,5.0,MM,MM,MM,MM,1016.3,.5,15.4,.9,MM,-1.3,MM
2025,10,25,8,50,150,3.0,5.0,2.8,14,1.5,295,1016.5,.5,MM,.9,MM,MM,MM
2025,10,25,8,40,150,3.0,5.0,MM,MM,MM,MM,1016.6,.5,15.4,.9,MM,MM,MM
2025,10,25,8,30,160,3.0,4.0,MM,MM,MM,MM,1016.7,.4,15.4,.9,MM,MM,MM
2025,10,25,8,20,160,2.0,4.0,2.5,14,1.3,289,1016.8,.4,MM,.9,MM,MM,MM
2025,10,25,8,10,160,3.0,4.0,MM,MM,MM,MM,1016.7,.4,15.4,.9,MM,MM,MM
2025,10,25,8,0,170,2.0,4.0,MM,MM,MM,MM,1016.8,.5,MM,.0,MM,-0.3,MM
2025,10,25,7,50,160,2.0,4.0,2.8,15,1.4,293,1016.8,.6,15.4,.0,MM,MM,MM
2025,10,25,7,40,160,2.0,3.0,MM,MM,MM,MM,1017.0,.6,15.4,.0,MM,MM,MM
2025,10,25,7,30,150,2.0,3.0,MM,MM,MM,MM,1017.0,.6,15.4,.0,MM,MM,MM
2025,10,25,7,20,140,2.0,3.0,2.5,15,0.9,301,1017.5,.7,15.5,.1,MM,MM,MM
2025,10,25,7,10,140,2.0,4.0,MM,MM,MM,MM,1016.9,.7,15.5,.0,MM,MM,MM
2025,10,25,7,0,110,2.0,3.0,MM,MM,MM,MM,1017.0,.5,15.5,.8,MM,-0.4,MM
2025,10,25,6,50,90,2.0,3.0,2.5,MM,1.0,294,1017.2,MM,MM,MM,MM,MM,MM
2025,10,25,6,40,70,1.0,3.0,MM,MM,MM,MM,1017.2,.3,15.5,.7,MM,MM,MM
2025,10,25,6,30,40,1.0,2.0,MM,MM,MM,MM,1017.5,.4,15.5,.8,MM,MM,MM
2025,10,25,6,20,50,1.0,2.0,2.6,16,1.2,285,1017.4,.4,15.5,.8,MM,MM,MM
2025,10,25,6,10,350,1.0,2.0,2.6,MM,1.2,285,1017.4,.4,15.5,.8,MM,MM,MM
2025,10,25,6,0,330,1.0,3.0,MM,MM,MM,MM,1017.6,.5,15.4,.0,MM,-0.0,MM
2025,10,25,5,50,MM,0.0,2.0,2.8,15,1.4,285,1017.7,.4,15.4,.9,MM,MM,MM
2025,10,25,5,40,MM,0.0,2.0,MM,MM,MM,MM,1017.5,.5,15.4,.0,MM,MM,MM
2025,10,25,5,30,120,1.0,2.0,MM,MM,MM,MM,1017.1,.5,15.4,.0,MM,MM,MM
2025,10,25,5,20,MM,0.0,3.0,2.4,15,0.8,288,1016.9,.5,15.4,.0,MM,MM,MM
2025,10,25,5,10,MM,0.0,2.0,2.4,MM,0.8,288,1017.3,.4,15.4,.9,MM,MM,MM
2025,10,25,5,0,MM,0.0,2.0,MM,MM,MM,MM,1017.1,.4,15.4,.9,MM,+0.0,MM
2025,10,25,4,50,MM,0.0,2.0,2.5,16,0.9,283,1017.1,.4,15.5,.9,MM,MM,MM
2025,10,25,4,40,290,1.0,2.0,MM,MM,MM,MM,1017.3,.5,15.5,.1,MM,MM,MM
2025,10,25,4,30,270,1.0,2.0,MM,MM,MM,MM,1017.5,.5,15.5,.1,MM,MM,MM
2025,10,25,4,20,280,1.0,2.0,2.3,15,0.7,288,1017.5,.4,15.5,.0,MM,MM,MM
2025,10,25,4,10,340,1.0,2.0,2.3,MM,0.7,288,1017.5,.4,15.5,.0,MM,MM,MM
2025,10,25,4,0,90,1.0,2.0,MM,MM,MM,MM,1017.4,.3,15.5,.8,MM,+0.0,MM
2025,10,25,3,50,70,1.0,3.0,2.2,16,0.7,288,1017.7,.3,15.5,.8,MM,MM,MM
2025,10,25,3,40,330,1.0,3.0,MM,MM,MM,MM,1017.6,.4,15.5,.9,MM,MM,MM
2025,10,25,3,30,270,1.0,2.0,MM,MM,MM,MM,1017.4,.4,15.5,.9,MM,MM,MM
2025,10,25,3,20,270,1.0,2.0,2.6,15,1.2,285,1017.4,.4,15.5,.9,MM,MM,MM
2025,10,25,3,10,290,2.0,3.0,2.6,MM,1.2,285,1017.6,.3,15.5,.8,MM,MM,MM
2025,10,25,3,0,300,2.0,3.0,MM,MM,MM,MM,1017.6,.3,15.5,.9,MM,-0.6,MM
2025,10,25,2,50,310,2.0,4.0,2.4,14,0.8,278,1017.8,.3,15.5,.9,MM,MM,MM
2025,10,25,2,40,330,2.0,4.0,MM,MM,MM,MM,1017.5,.4,15.5,.9,MM,MM,MM
2025,10,25,2,30,310,2.0,3.0,MM,MM,MM,MM,1017.5,.4,15.5,.9,MM,MM,MM
2025,10,25,2,20,320,2.0,3.0,2.5,15,0.7,287,1017.4,.4,15.5,.9,MM,MM,MM
2025,10,25,2,10,320,1.0,3.0,2.5,MM,0.7,287,1017.2,.5,15.5,.9,MM,MM,MM
2025,10,25,2,0,300,1.0,2.0,MM,MM,MM,MM,1017.2,.5,15.5,.9,MM,-1.5,MM
2025,10,25,1,50,320,1.0,2.0,2.4,14,0.6,288,1017.2,.6,15.5,.0,MM,MM,MM
2025,10,25,1,40,340,1.0,2.0,2.4,MM,0.6,288,1017.3,.7,15.5,.0,MM,MM,MM
2025,10,25,1,30,330,2.0,3.0,MM,MM,MM,MM,1017.3,.9,15.5,.1,MM,MM,MM
2025,10,25,1,20,300,2.0,3.0,2.7,16,0.9,291,1017.5,.0,15.5,.1,MM,MM,MM
2025,10,25,1,10,300,1.0,3.0,2.7,MM,0.9,291,1017.5,.0,15.5,.0,MM,MM,MM
2025,10,25,1,0,290,2.0,3.0,MM,MM,MM,MM,1017.4,.2,15.5,.1,MM,-1.0,MM
2025,10,25,0,50,270,1.0,3.0,2.6,15,0.8,280,1017.5,.2,15.5,.9,MM,MM,MM
2025,10,25,0,40,230,1.0,2.0,2.6,MM,0.8,280,1017.4,.3,15.5,.9,MM,MM,MM
2025,10,25,0,30,260,1.0,3.0,MM,MM,MM,MM,1017.6,.3,15.5,.0,MM,MM,MM
2025,10,25,0,20,260,2.0,3.0,2.3,13,9.9,293,1018.0,.2,15.5,.0,MM,MM,MM
2025,10,25,0,10,260,2.0,4.0,2.3,MM,9.9,293,1017.9,.1,15.5,.9,MM,MM,MM
2025,10,25,0,0,290,3.0,5.0,MM,MM,MM,MM,1018.2,.2,15.5,.0,MM,+0.0,MM
2025,10,24,23,50,300,4.0,6.0,2.3,12,9.9,296,1018.6,.3,15.5,.2,MM,MM,MM
2025,10,24,23,40,300,5.0,6.0,MM,MM,MM,MM,1018.6,.3,15.5,.1,MM,MM,MM
2025,10,24,23,30,300,4.0,6.0,MM,MM,MM,MM,1018.6,.3,15.5,.0,MM,MM,MM
2025,10,24,23,20,300,4.0,5.0,2.4,12,0.5,295,1018.5,.4,15.5,.1,MM,MM,MM
2025,10,24,23,10,290,4.0,6.0,2.4,MM,0.5,295,1018.6,.3,15.5,.0,MM,MM,MM
2025,10,24,23,0,300,5.0,7.0,MM,MM,MM,MM,1018.8,.2,15.5,.0,MM,-0.7,MM
2025,10,24,22,50,300,6.0,8.0,2.2,16,0.0,279,1018.8,.1,15.5,.8,MM,MM,MM
2025,10,24,22,40,290,5.0,7.0,2.2,MM,0.0,279,1018.8,.0,15.5,.8,MM,MM,MM
2025,10,24,22,30,290,6.0,8.0,MM,MM,MM,MM,1018.8,.9,15.5,.7,MM,MM,MM
2025,10,24,22,20,300,6.0,8.0,2.6,15,0.6,290,1018.6,.9,15.5,.7,MM,MM,MM
2025,10,24,22,10,290,6.0,8.0,2.6,MM,0.6,290,1018.7,.8,15.5,.6,MM,MM,MM
2025,10,24,22,0,290,6.0,7.0,MM,MM,MM,MM,1018.5,.0,15.5,.6,MM,-1.3,MM
2025,10,24,21,50,270,4.0,6.0,2.4,14,0.4,289,1018.4,.1,15.5,.5,MM,MM,MM
2025,10,24,21,40,290,3.0,5.0,MM,MM,MM,MM,1018.2,.1,15.5,.5,MM,MM,MM
2025,10,24,21,30,290,4.0,6.0,MM,MM,MM,MM,1018.2,.1,15.5,.5,MM,MM,MM
2025,10,24,21,20,290,3.0,5.0,2.6,16,0.7,285,1018.3,.2,MM,.6,MM,MM,MM
2025,10,24,21,10,300,4.0,5.0,2.6,MM,0.7,285,1018.3,.1,15.4,.6,MM,MM,MM
2025,10,24,21,0,310,4.0,5.0,MM,MM,MM,MM,1018.6,.0,15.4,.6,MM,-1.3,MM
2025,10,24,20,50,310,5.0,6.0,2.4,14,0.0,299,1018.7,.1,15.4,.7,MM,MM,MM
2025,10,24,20,40,300,4.0,5.0,MM,MM,MM,MM,1018.9,.1,15.4,.7,MM,MM,MM
2025,10,24,20,30,310,4.0,5.0,MM,MM,MM,MM,1019.1,.1,15.4,.8,MM,MM,MM
2025,10,24,20,20,310,4.0,6.0,2.4,15,0.1,285,1019.2,.9,15.4,.6,MM,MM,MM
2025,10,24,20,10,320,4.0,5.0,2.4,MM,0.1,285,1019.5,.1,15.4,.8,MM,MM,MM
2025,10,24,20,0,310,4.0,5.0,MM,MM,MM,MM,1019.5,.2,15.4,.9,MM,-0.4,MM
2025,10,24,19,50,310,5.0,7.0,2.2,13,9.5,292,1019.7,.0,15.4,.8,MM,MM,MM
2025,10,24,19,40,310,5.0,7.0,MM,MM,MM,MM,1019.8,.9,15.4,.8,MM,MM,MM
2025,10,24,19,30,310,5.0,6.0,MM,MM,MM,MM,1019.9,.8,15.4,.8,MM,MM,MM
2025,10,24,19,20,300,5.0,7.0,2.5,14,0.1,290,1020.0,.7,15.4,.8,MM,MM,MM
2025,10,24,19,10,310,5.0,6.0,2.5,MM,0.1,290,1020.0,.9,15.3,.8,MM,MM,MM
2025,10,24,19,0,310,5.0,6.0,MM,MM,MM,MM,1019.9,.1,15.3,.8,MM,+0.3,MM
2025,10,24,18,50,310,5.0,7.0,2.6,MM,0.0,289,1020.3,.0,15.3,.7,MM,MM,MM
2025,10,24,18,40,310,5.0,7.0,MM,MM,MM,MM,1020.0,.2,15.3,.0,MM,MM,MM
2025,10,24,18,30,320,5.0,6.0,MM,MM,MM,MM,1020.0,.2,15.3,.0,MM,MM,MM
2025,10,24,18,20,310,5.0,7.0,2.7,15,0.3,291,1020.0,.2,15.3,.1,MM,MM,MM
2025,10,24,18,10,310,4.0,6.0,MM,MM,MM,MM,1019.9,.0,15.3,.9,MM,MM,MM
2025,10,24,18,0,300,5.0,6.0,MM,MM,MM,MM,1019.9,.0,15.3,.9,MM,+0.7,MM
2025,10,24,17,50,310,4.0,6.0,2.3,15,9.2,288,1019.8,.2,15.3,.0,MM,MM,MM
2025,10,24,17,40,310,4.0,6.0,2.3,MM,9.2,288,1019.7,.1,15.3,.9,MM,MM,MM
2025,10,24,17,30,310,5.0,6.0,MM,MM,MM,MM,1019.8,.2,15.3,.0,MM,MM,MM
2025,10,24,17,20,310,5.0,6.0,2.7,15,9.7,284,1019.7,.2,15.3,.1,MM,MM,MM
2025,10,24,17,10,320,4.0,6.0,2.7,MM,9.7,284,1019.8,.2,15.3,.1,MM,MM,MM
2025,10,24,17,0,330,5.0,6.0,MM,MM,MM,MM,1019.9,.1,15.3,.9,MM,+1.0,MM
2025,10,24,16,50,320,5.0,6.0,2.8,15,9.7,284,1019.9,.9,15.3,.8,MM,MM,MM
2025,10,24,16,40,330,4.0,6.0,2.8,MM,9.7,284,1019.9,.8,15.3,.8,MM,MM,MM
2025,10,24,16,30,330,5.0,6.0,MM,MM,MM,MM,1019.9,.8,15.3,.8,MM,MM,MM
2025,10,24,16,20,320,5.0,7.0,2.6,15,9.0,283,1019.6,.8,15.3,.8,MM,MM,MM
2025,10,24,16,10,330,5.0,6.0,2.6,MM,9.0,283,1019.5,.7,15.3,.7,MM,MM,MM
2025,10,24,16,0,330,4.0,6.0,MM,MM,MM,MM,1019.5,.6,15.3,.7,MM,+1.1,MM
2025,10,24,15,50,320,5.0,7.0,2.8,16,9.3,287,1019.4,.6,15.3,.7,MM,MM,MM
2025,10,24,15,40,330,6.0,7.0,MM,MM,MM,MM,1019.2,.5,15.3,.6,MM,MM,MM
2025,10,24,15,30,320,6.0,7.0,MM,MM,MM,MM,1019.1,.3,15.3,.5,MM,MM,MM
2025,10,24,15,20,320,6.0,7.0,2.9,15,9.6,284,1018.9,.2,15.3,.6,MM,MM,MM
2025,10,24,15,10,320,7.0,8.0,2.9,MM,9.6,284,1018.9,.0,15.3,.3,MM,MM,MM
2025,10,24,15,0,320,7.0,8.0,MM,MM,MM,MM,1019.1,.0,15.3,.4,MM,+0.9,MM
2025,10,24,14,50,320,6.0,8.0,2.6,15,9.1,285,1019.0,.8,15.3,.3,MM,MM,MM
2025,10,24,14,40,320,7.0,9.0,MM,MM,MM,MM,1019.0,.8,15.3,.2,MM,MM,MM
2025,10,24,14,30,320,7.0,8.0,MM,MM,MM,MM,1019.0,.8,15.3,.3,MM,MM,MM
2025,10,24,14,20,320,7.0,9.0,2.6,16,8.7,271,1018.9,.9,15.3,.3,MM,MM,MM
2025,10,24,14,10,320,7.0,8.0,2.6,MM,8.7,271,1018.9,.0,15.3,.4,MM,MM,MM
2025,10,24,14,0,320,7.0,9.0,MM,MM,MM,MM,1018.9,.9,15.3,.3,MM,+0.5,MM
2025,10,24,13,50,320,7.0,8.0,3.0,16,9.8,279,1018.8,.9,15.3,.4,MM,MM,MM
2025,10,24,13,40,320,7.0,9.0,MM,MM,MM,MM,1018.7,.9,15.3,.4,MM,MM,MM
2025,10,24,13,30,310,7.0,8.0,MM,MM,MM,MM,1018.8,.8,15.3,.3,MM,MM,MM
2025,10,24,13,20,310,7.0,9.0,2.7,16,9.1,288,1018.7,.0,15.3,.5,MM,MM,MM
2025,10,24,13,10,310,7.0,9.0,2.7,MM,9.1,288,1018.6,.0,MM,.5,MM,MM,MM
2025,10,24,13,0,310,7.0,9.0,MM,MM,MM,MM,1018.3,.1,15.3,.6,MM,-0.4,MM
2025,10,24,12,50,310,6.0,8.0,2.7,16,8.9,275,1018.3,.2,15.3,.7,MM,MM,MM
2025,10,24,12,40,310,7.0,8.0,MM,MM,MM,MM,1018.4,.1,15.3,.6,MM,MM,MM
2025,10,24,12,30,320,7.0,8.0,MM,MM,MM,MM,1018.3,.0,15.3,.6,MM,MM,MM
2025,10,24,12,20,320,6.0,8.0,3.0,16,9.6,288,1018.2,.0,15.3,.6,MM,MM,MM
2025,10,24,12,10,310,6.0,8.0,3.0,MM,9.6,288,1018.2,.0,15.3,.5,MM,MM,MM
2025,10,24,12,0,300,7.0,9.0,MM,MM,MM,MM,1018.2,.1,15.3,.6,MM,-0.7,MM
2025,10,24,11,50,310,7.0,9.0,2.6,16,8.3,282,1018.2,.3,15.3,.7,MM,MM,MM
2025,10,24,11,40,310,7.0,9.0,MM,MM,MM,MM,1018.3,.4,15.4,.8,MM,MM,MM
2025,10,24,11,30,310,7.0,9.0,MM,MM,MM,MM,1018.3,.4,15.4,.7,MM,MM,MM
2025,10,24,11,20,310,7.0,9.0,2.9,16,9.1,276,1018.3,.5,15.4,.8,MM,MM,MM
2025,10,24,11,10,310,8.0,0.0,MM,MM,MM,MM,1018.4,.7,15.4,.9,MM,MM,MM
2025,10,24,11,0,310,8.0,0.0,MM,MM,MM,MM,1018.4,.8,15.4,.9,MM,-0.6,MM
2025,10,24,10,50,310,7.0,9.0,2.9,17,9.1,282,1018.4,.0,15.4,.1,MM,MM,MM
2025,10,24,10,40,310,8.0,0.0,2.9,MM,9.1,282,1018.5,.0,15.4,.0,MM,MM,MM
2025,10,24,10,30,320,8.0,1.0,MM,MM,MM,MM,1018.4,.0,15.4,.0,MM,MM,MM
2025,10,24,10,20,310,8.0,1.0,2.9,17,8.6,281,1018.5,.1,15.4,.0,MM,MM,MM
2025,10,24,10,10,320,8.0,0.0,MM,MM,MM,MM,1018.6,.1,15.4,.0,MM,MM,MM
2025,10,24,10,0,310,9.0,0.0,MM,MM,MM,MM,1018.8,.0,15.4,.8,MM,+0.0,MM
2025,10,24,9,50,310,8.0,0.0,2.7,16,8.3,274,1018.7,.0,15.4,.8,MM,MM,MM
2025,10,24,9,40,310,9.0,1.0,MM,MM,MM,MM,1018.8,.8,15.4,.7,MM,MM,MM
2025,10,24,9,30,310,9.0,0.0,MM,MM,MM,MM,1018.8,.8,15.4,.7,MM,MM,MM
2025,10,24,9,20,320,9.0,1.0,2.8,17,8.1,278,1018.8,.9,15.4,.8,MM,MM,MM
2025,10,24,9,10,310,9.0,1.0,MM,MM,MM,MM,1018.9,.8,15.4,.7,MM,MM,MM
2025,10,24,9,0,320,9.0,0.0,MM,MM,MM,MM,1018.9,.0,MM,.0,MM,-0.4,MM
2025,10,24,8,50,310,9.0,1.0,3.0,17,8.7,274,1018.9,.9,15.4,.8,MM,MM,MM
2025,10,24,8,40,310,0.0,2.0,MM,MM,MM,MM,1019.4,.0,15.4,.9,MM,MM,MM
2025,10,24,8,30,310,9.0,1.0,MM,MM,MM,MM,1018.9,.0,15.4,.9,MM,MM,MM
2025,10,24,8,20,320,9.0,2.0,2.6,13,8.0,288,1019.0,.2,15.4,.0,MM,MM,MM
2025,10,24,8,10,320,9.0,1.0,MM,MM,MM,MM,1018.9,.3,15.4,.1,MM,MM,MM
2025,10,24,8,0,320,9.0,1.0,MM,MM,MM,MM,1018.9,.3,15.4,.0,MM,-0.3,MM
2025,10,24,7,50,310,0.0,2.0,3.0,17,7.9,275,1018.9,.4,15.4,.1,MM,MM,MM
2025,10,24,7,40,310,0.0,2.0,3.0,MM,7.9,275,1019.0,.5,15.4,.2,MM,MM,MM
2025,10,24,7,30,310,9.0,1.0,MM,MM,MM,MM,1019.0,.5,15.4,.2,MM,MM,MM
2025,10,24,7,20,310,9.0,0.0,3.0,14,7.9,290,1019.0,.5,15.4,.2,MM,MM,MM
2025,10,24,7,10,310,9.0,1.0,MM,MM,MM,MM,1019.1,.5,15.4,.2,MM,MM,MM
2025,10,24,7,0,310,9.0,1.0,MM,MM,MM,MM,1019.0,.5,MM,.2,MM,-0.4,MM
2025,10,24,6,50,310,9.0,1.0,2.7,16,7.4,296,1019.1,.6,15.4,.3,MM,MM,MM
2025,10,24,6,40,310,9.0,1.0,MM,MM,MM,MM,1019.1,.6,15.4,.3,MM,MM,MM
2025,10,24,6,30,310,0.0,2.0,MM,MM,MM,MM,1019.2,.6,15.4,.3,MM,MM,MM
2025,10,24,6,20,310,0.0,2.0,2.7,19,7.4,288,1019.2,.6,15.4,.3,MM,MM,MM
2025,10,24,6,10,310,0.0,2.0,2.7,MM,7.4,288,1019.3,.6,15.4,.2,MM,MM,MM
2025,10,24,6,0,310,0.0,2.0,MM,MM,MM,MM,1019.3,.6,15.4,.2,MM,+0.0,MM
2025,10,24,5,50,310,0.0,2.0,2.7,16,7.5,288,1019.2,.7,15.4,.3,MM,MM,MM
2025,10,24,5,40,310,1.0,3.0,MM,MM,MM,MM,1019.2,.8,15.4,.4,MM,MM,MM
2025,10,24,5,30,320,1.0,3.0,MM,MM,MM,MM,1019.3,.8,15.4,.4,MM,MM,MM
2025,10,24,5,20,310,0.0,3.0,2.4,14,7.0,280,1019.3,.8,15.4,.4,MM,MM,MM
2025,10,24,5,10,310,0.0,3.0,2.4,MM,7.0,280,1019.3,.8,15.4,.4,MM,MM,MM
2025,10,24,5,0,310,0.0,4.0,MM,MM,MM,MM,1019.3,.7,15.4,.4,MM,+0.0,MM
2025,10,24,4,50,310,0.0,3.0,2.2,12,6.5,276,1019.3,.6,15.4,.3,MM,MM,MM
2025,10,24,4,40,320,0.0,2.0,MM,MM,MM,MM,1019.3,.5,15.4,.3,MM,MM,MM
2025,10,24,4,30,320,0.0,2.0,MM,MM,MM,MM,1019.4,.5,15.4,.2,MM,MM,MM
2025,10,24,4,20,320,0.0,2.0,2.0,15,6.5,277,1019.4,.5,15.4,.2,MM,MM,MM
2025,10,24,4,10,320,0.0,2.0,2.0,MM,6.5,277,1019.3,.6,15.5,.3,MM,MM,MM
2025,10,24,4,0,320,0.0,2.0,MM,MM,MM,MM,1019.3,.6,15.5,.2,MM,+0.0,MM
2025,10,24,3,50,310,0.0,2.0,2.0,13,7.2,304,1019.3,.7,15.5,.3,MM,MM,MM
2025,10,24,3,40,320,9.0,1.0,MM,MM,MM,MM,1019.4,.7,15.5,.3,MM,MM,MM
2025,10,24,3,30,320,8.0,1.0,MM,MM,MM,MM,1019.4,.8,15.5,.4,MM,MM,MM
2025,10,24,3,20,310,8.0,0.0,1.7,13,6.8,291,1019.5,.8,15.5,.4,MM,MM,MM
2025,10,24,3,10,310,8.0,0.0,1.7,MM,6.8,291,1019.5,.9,15.5,.4,MM,MM,MM
2025,10,24,3,0,320,8.0,0.0,MM,MM,MM,MM,1019.5,.9,15.5,.3,MM,-0.3,MM
2025,10,24,2,50,320,7.0,9.0,1.7,13,7.2,270,1019.6,.0,15.5,.3,MM,MM,MM
2025,10,24,2,40,320,7.0,9.0,MM,MM,MM,MM,1019.6,.0,15.5,.1,MM,MM,MM
2025,10,24,2,30,320,8.0,9.0,MM,MM,MM,MM,1019.6,.0,15.5,.0,MM,MM,MM
2025,10,24,2,20,320,8.0,0.0,1.8,12,7.8,285,1019.5,.0,15.5,.0,MM,MM,MM
2025,10,24,2,10,320,7.0,9.0,1.8,MM,7.8,285,1019.5,.9,15.5,.0,MM,MM,MM
2025,10,24,2,0,310,7.0,9.0,MM,MM,MM,MM,1019.5,.8,15.5,.2,MM,-0.7,MM
2025,10,24,1,50,310,7.0,8.0,1.7,12,7.9,276,1019.5,.7,15.5,.2,MM,MM,MM
2025,10,24,1,40,310,7.0,8.0,MM,MM,MM,MM,1019.5,.6,15.5,.1,MM,MM,MM
2025,10,24,1,30,310,7.0,8.0,MM,MM,MM,MM,1019.4,.6,15.5,.1,MM,MM,MM
2025,10,24,1,20,310,6.0,7.0,1.6,11,8.2,289,1019.4,.6,15.5,.1,MM,MM,MM
2025,10,24,1,10,310,6.0,7.0,1.6,MM,8.2,289,1019.5,.6,15.5,.1,MM,MM,MM
2025,10,24,1,0,320,6.0,7.0,MM,MM,MM,MM,1019.5,.5,15.5,.9,MM,-0.6,MM
2025,10,24,0,50,310,6.0,7.0,1.7,12,8.1,276,1019.4,.4,15.5,.8,MM,MM,MM
2025,10,24,0,40,310,6.0,7.0,MM,MM,MM,MM,1019.5,.5,15.5,.8,MM,MM,MM
2025,10,24,0,30,310,6.0,8.0,MM,MM,MM,MM,1019.6,.6,15.5,.8,MM,MM,MM
2025,10,24,0,20,310,6.0,7.0,1.5,10,7.5,287,1019.7,.6,15.5,.8,MM,MM,MM
2025,10,24,0,10,310,6.0,7.0,1.5,MM,7.5,287,1019.7,.6,15.5,.8,MM,MM,MM
2025,10,24,0,0,310,5.0,6.0,MM,MM,MM,MM,1019.8,.7,15.5,.9,MM,-0.9,MM
2025,10,23,23,50,300,5.0,7.0,1.5,11,7.3,295,1019.8,.7,15.5,.9,MM,MM,MM
2025,10,23,23,40,300,5.0,6.0,1.5,MM,7.3,295,1019.9,.8,15.5,.9,MM,MM,MM
2025,10,23,23,30,300,5.0,6.0,MM,MM,MM,MM,1019.9,.8,15.5,.9,MM,MM,MM
2025,10,23,23,20,310,6.0,7.0,1.5,13,6.8,275,1020.0,.8,15.5,.9,MM,MM,MM
2025,10,23,23,10,310,6.0,7.0,1.5,MM,6.8,275,1020.1,.8,15.5,.8,MM,MM,MM
2025,10,23,23,0,310,5.0,6.0,MM,MM,MM,MM,1020.2,.8,15.5,.7,MM,-1.0,MM
2025,10,23,22,50,310,6.0,7.0,1.7,13,7.5,271,1020.1,.8,15.5,.6,MM,MM,MM
2025,10,23,22,40,300,6.0,7.0,1.7,MM,7.5,271,1020.1,.8,15.5,.5,MM,MM,MM
2025,10,23,22,30,300,6.0,7.0,MM,MM,MM,MM,1020.1,.7,15.5,.5,MM,MM,MM
2025,10,23,22,20,300,5.0,7.0,1.7,12,7.1,282,1020.1,.7,15.5,.6,MM,MM,MM
2025,10,23,22,10,300,6.0,7.0,MM,MM,MM,MM,1020.1,.6,15.5,.5,MM,MM,MM
2025,10,23,22,0,300,6.0,7.0,MM,MM,MM,MM,1020.1,.6,15.5,.6,MM,-1.5,MM
2025,10,23,21,50,310,6.0,8.0,1.6,12,7.3,281,1020.2,.5,15.5,.4,MM,MM,MM
2025,10,23,21,40,310,6.0,7.0,1.6,MM,7.3,281,1020.2,.5,15.5,.4,MM,MM,MM
2025,10,23,21,30,300,6.0,7.0,MM,MM,MM,MM,1020.3,.5,15.5,.4,MM,MM,MM
2025,10,23,21,20,310,6.0,7.0,1.6,13,7.1,280,1020.4,.4,15.5,.3,MM,MM,MM
2025,10,23,21,10,310,6.0,8.0,1.6,MM,7.1,280,1020.6,.4,15.5,.4,MM,MM,MM
2025,10,23,21,0,300,6.0,8.0,MM,MM,MM,MM,1020.7,.2,15.5,.1,MM,-0.9,MM
2025,10,23,20,50,310,6.0,7.0,1.7,14,7.6,279,1020.7,.1,15.5,.1,MM,MM,MM
2025,10,23,20,40,300,6.0,7.0,MM,MM,MM,MM,1020.9,.1,15.5,.0,MM,MM,MM
2025,10,23,20,30,300,6.0,8.0,MM,MM,MM,MM,1020.9,.1,15.5,.0,MM,MM,MM
2025,10,23,20,20,300,6.0,8.0,1.5,13,6.9,276,1021.0,.1,15.5,.0,MM,MM,MM
2025,10,23,20,10,300,6.0,8.0,MM,MM,MM,MM,1021.1,.2,15.5,.1,MM,MM,MM
2025,10,23,20,0,310,6.0,8.0,MM,MM,MM,MM,1021.2,.1,15.5,.0,MM,+0.0,MM
2025,10,23,19,50,300,6.0,8.0,1.7,14,7.6,279,1021.3,.2,15.5,.0,MM,MM,MM
2025,10,23,19,40,300,5.0,7.0,MM,MM,MM,MM,1021.3,.2,15.5,.0,MM,MM,MM
2025,10,23,19,30,310,6.0,7.0,MM,MM,MM,MM,1021.4,.3,15.5,.1,MM,MM,MM
2025,10,23,19,20,320,6.0,8.0,1.5,13,7.3,294,1021.4,.4,15.5,.2,MM,MM,MM
2025,10,23,19,10,310,5.0,7.0,1.5,MM,7.3,294,1021.6,.5,15.5,.1,MM,MM,MM
2025,10,23,19,0,300,5.0,7.0,MM,MM,MM,MM,1021.6,.5,15.5,.0,MM,+0.7,MM
2025,10,23,18,50,300,6.0,7.0,1.6,12,7.7,287,1021.6,.5,15.5,.0,MM,MM,MM
2025,10,23,18,40,310,6.0,7.0,MM,MM,MM,MM,1021.5,.6,15.5,.1,MM,MM,MM
2025,10,23,18,30,310,5.0,7.0,MM,MM,MM,MM,1021.5,.6,15.5,.1,MM,MM,MM
2025,10,23,18,20,310,5.0,7.0,1.7,13,8.3,285,1021.5,.7,15.5,.2,MM,MM,MM
2025,10,23,18,10,310,6.0,7.0,1.7,MM,8.3,285,1021.5,.7,15.5,.1,MM,MM,MM
2025,10,23,18,0,320,6.0,7.0,MM,MM,MM,MM,1021.6,.7,15.5,.0,MM,+1.3,MM
2025,10,23,17,50,320,6.0,7.0,1.5,13,8.3,294,1021.6,.8,15.5,.3,MM,MM,MM
2025,10,23,17,40,310,6.0,7.0,MM,MM,MM,MM,1021.5,.9,15.5,.1,MM,MM,MM
2025,10,23,17,30,310,6.0,7.0,MM,MM,MM,MM,1021.5,.8,15.5,.0,MM,MM,MM
2025,10,23,17,20,300,5.0,7.0,1.7,13,8.6,286,1021.4,.8,15.5,.1,MM,MM,MM
2025,10,23,17,10,300,5.0,6.0,1.7,MM,8.6,286,1021.2,.8,15.5,.8,MM,MM,MM
2025,10,23,17,0,320,5.0,7.0,MM,MM,MM,MM,1021.2,.8,15.5,.8,MM,+0.9,MM
2025,10,23,16,50,310,4.0,6.0,1.6,12,8.3,296,1021.1,.8,15.5,.8,MM,MM,MM
2025,10,23,16,40,330,4.0,6.0,MM,MM,MM,MM,1021.0,.8,15.5,.7,MM,MM,MM
2025,10,23,16,30,320,5.0,7.0,MM,MM,MM,MM,1021.1,.8,15.5,.0,MM,MM,MM
2025,10,23,16,20,310,5.0,7.0,1.6,14,8.3,294,1021.0,.8,15.5,.1,MM,MM,MM
2025,10,23,16,10,320,5.0,7.0,1.6,MM,8.3,294,1021.0,.8,15.5,.2,MM,MM,MM
2025,10,23,16,0,310,5.0,7.0,MM,MM,MM,MM,1020.8,.8,15.5,.2,MM,+0.8,MM
2025,10,23,15,50,320,5.0,6.0,1.6,14,8.5,285,1020.7,.7,15.5,.1,MM,MM,MM
2025,10,23,15,40,320,4.0,6.0,MM,MM,MM,MM,1020.6,.7,15.5,.3,MM,MM,MM
2025,10,23,15,30,330,4.0,5.0,MM,MM,MM,MM,1020.4,.7,15.5,.2,MM,MM,MM
2025,10,23,15,20,320,4.0,7.0,1.6,13,8.2,291,1020.4,.7,15.5,.2,MM,MM,MM
2025,10,23,15,10,320,5.0,6.0,1.6,MM,8.2,291,1020.3,.8,15.5,.2,MM,MM,MM
2025,10,23,15,0,310,4.0,6.0,MM,MM,MM,MM,1020.3,.7,15.5,.2,MM,+0.3,MM
2025,10,23,14,50,320,5.0,6.0,1.6,13,8.2,284,1020.2,.7,15.5,.5,MM,MM,MM
2025,10,23,14,40,310,5.0,6.0,MM,MM,MM,MM,1020.1,.8,15.5,.8,MM,MM,MM
2025,10,23,14,30,310,5.0,6.0,MM,MM,MM,MM,1020.2,.7,15.4,.6,MM,MM,MM
2025,10,23,14,20,320,5.0,7.0,1.8,14,8.9,281,1020.2,.7,15.4,.7,MM,MM,MM
2025,10,23,14,10,310,5.0,7.0,MM,MM,MM,MM,1020.2,.7,15.4,.6,MM,MM,MM
2025,10,23,14,0,310,6.0,7.0,MM,MM,MM,MM,1020.3,.6,15.4,.6,MM,+0.5,MM
2025,10,23,13,50,310,6.0,7.0,1.7,14,8.7,281,1020.2,.6,15.4,.8,MM,MM,MM
2025,10,23,13,40,320,5.0,6.0,1.7,MM,8.7,281,1020.2,.6,15.4,.9,MM,MM,MM
2025,10,23,13,30,310,5.0,6.0,MM,MM,MM,MM,1020.2,.6,15.4,.0,MM,MM,MM
2025,10,23,13,20,310,5.0,6.0,1.5,14,7.9,273,1020.2,.6,15.4,.1,MM,MM,MM
2025,10,23,13,10,310,5.0,6.0,MM,MM,MM,MM,1020.1,.7,15.4,.1,MM,MM,MM
2025,10,23,13,0,310,5.0,6.0,MM,MM,MM,MM,1020.1,.6,15.4,.0,MM,-0.0,MM
2025,10,23,12,50,310,5.0,6.0,1.8,14,8.7,290,1020.0,.6,15.4,.2,MM,MM,MM
2025,10,23,12,40,310,5.0,6.0,MM,MM,MM,MM,1020.0,.6,15.4,.2,MM,MM,MM
2025,10,23,12,30,310,5.0,5.0,MM,MM,MM,MM,1020.0,.6,15.4,.2,MM,MM,MM
2025,10,23,12,20,310,5.0,6.0,1.8,14,8.6,293,1020.0,.6,15.4,.1,MM,MM,MM
2025,10,23,12,10,320,4.0,6.0,1.8,MM,8.6,293,1020.0,.6,15.4,.1,MM,MM,MM
2025,10,23,12,0,320,4.0,6.0,MM,MM,MM,MM,1020.0,.6,15.4,.1,MM,+0.0,MM
2025,10,23,11,50,310,5.0,6.0,1.8,12,8.3,295,1019.9,.5,15.4,.0,MM,MM,MM
2025,10,23,11,40,310,5.0,6.0,1.8,MM,8.3,295,1019.9,.6,15.4,.1,MM,MM,MM
2025,10,23,11,30,310,5.0,6.0,MM,MM,MM,MM,1019.9,.6,15.4,.1,MM,MM,MM
2025,10,23,11,20,310,5.0,6.0,1.7,11,7.9,288,1019.8,.6,15.4,.0,MM,MM,MM
2025,10,23,11,10,310,5.0,6.0,1.7,MM,7.9,288,1019.8,.6,15.4,.0,MM,MM,MM
2025,10,23,11,0,310,5.0,6.0,MM,MM,MM,MM,1019.8,.6,15.5,.1,MM,-0.3,MM
2025,10,23,10,50,310,5.0,6.0,1.8,14,8.0,285,1019.9,.6,15.5,.2,MM,MM,MM
2025,10,23,10,40,310,5.0,6.0,1.8,MM,8.0,285,1019.9,.6,15.5,.1,MM,MM,MM
2025,10,23,10,30,310,5.0,6.0,MM,MM,MM,MM,1020.0,.7,15.5,.2,MM,MM,MM
2025,10,23,10,20,320,5.0,6.0,1.8,14,7.8,293,1020.0,.7,15.5,.0,MM,MM,MM
2025,10,23,10,10,320,6.0,7.0,1.8,MM,7.8,293,1020.1,.7,15.5,.9,MM,MM,MM
2025,10,23,10,0,310,6.0,7.0,MM,MM,MM,MM,1020.1,.7,15.6,.2,MM,-0.4,MM
2025,10,23,9,50,310,6.0,8.0,2.0,14,8.5,288,1020.1,.7,15.6,.3,MM,MM,MM
2025,10,23,9,40,310,6.0,8.0,2.0,MM,8.5,288,1020.1,.7,15.6,.4,MM,MM,MM
2025,10,23,9,30,310,6.0,7.0,MM,MM,MM,MM,1020.1,.7,15.6,.3,MM,MM,MM
2025,10,23,9,20,310,6.0,7.0,1.9,15,8.8,289,1020.1,.7,15.6,.3,MM,MM,MM
2025,10,23,9,10,310,6.0,7.0,1.9,MM,8.8,289,1020.1,.7,15.5,.4,MM,MM,MM
2025,10,23,9,0,310,6.0,7.0,MM,MM,MM,MM,1020.1,.7,15.5,.4,MM,+0.0,MM
2025,10,23,8,50,310,6.0,7.0,1.9,13,8.5,302,1020.2,.7,MM,.5,MM,MM,MM
2025,10,23,8,40,300,6.0,7.0,1.9,MM,8.5,302,1020.2,.8,15.5,.6,MM,MM,MM
2025,10,23,8,30,300,6.0,7.0,MM,MM,MM,MM,1020.1,.7,15.5,.4,MM,MM,MM
2025,10,23,8,20,300,6.0,7.0,1.7,14,8.5,299,1020.0,.8,15.5,.6,MM,MM,MM
2025,10,23,8,10,310,5.0,6.0,MM,MM,MM,MM,1020.0,.8,15.5,.5,MM,MM,MM
2025,10,23,8,0,310,5.0,6.0,MM,MM,MM,MM,1020.1,.8,15.5,.4,MM,+0.0,MM
2025,10,23,7,50,310,5.0,6.0,2.1,14,9.5,299,1020.1,.9,15.5,.4,MM,MM,MM
2025,10,23,7,40,310,5.0,7.0,MM,MM,MM,MM,1020.3,.9,15.5,.3,MM,MM,MM
2025,10,23,7,30,320,5.0,7.0,MM,MM,MM,MM,1020.3,.9,15.5,.4,MM,MM,MM
2025,10,23,7,20,330,5.0,6.0,2.0,14,9.3,296,1020.4,.9,15.5,.4,MM,MM,MM
2025,10,23,7,10,320,5.0,6.0,MM,MM,MM,MM,1020.4,.9,15.5,.4,MM,MM,MM
2025,10,23,7,0,320,5.0,6.0,MM,MM,MM,MM,1020.5,.9,15.5,.5,MM,+0.7,MM
2025,10,23,6,50,320,5.0,6.0,2.0,15,9.7,292,1020.5,.9,15.5,.6,MM,MM,MM
2025,10,23,6,40,310,5.0,6.0,2.0,MM,9.7,292,1020.2,.9,15.5,.6,MM,MM,MM
2025,10,23,6,30,310,5.0,7.0,MM,MM,MM,MM,1020.2,.9,15.5,.6,MM,MM,MM
2025,10,23,6,20,310,5.0,7.0,2.1,15,0.1,291,1020.2,.9,15.5,.5,MM,MM,MM
2025,10,23,6,10,310,6.0,7.0,MM,MM,MM,MM,1020.2,.0,15.5,.5,MM,MM,MM
2025,10,23,6,0,310,5.0,7.0,MM,MM,MM,MM,1020.1,.0,15.5,.4,MM,+1.0,MM
2025,10,23,5,50,310,5.0,6.0,2.1,15,0.4,294,1020.1,.1,15.5,.5,MM,MM,MM
2025,10,23,5,40,310,5.0,7.0,2.1,MM,0.4,294,1020.0,.1,15.5,.4,MM,MM,MM
2025,10,23,5,30,300,5.0,7.0,MM,MM,MM,MM,1020.0,.2,15.5,.5,MM,MM,MM
2025,10,23,5,20,300,5.0,6.0,2.0,13,0.4,295,1020.1,.2,15.5,.6,MM,MM,MM
2025,10,23,5,10,300,5.0,6.0,2.0,MM,0.4,295,1020.0,.2,15.5,.6,MM,MM,MM
2025,10,23,5,0,290,4.0,5.0,MM,MM,MM,MM,1019.9,.3,15.5,.6,MM,+0.7,MM
2025,10,23,4,50,290,4.0,6.0,2.0,15,0.3,290,1019.8,.3,15.5,.4,MM,MM,MM
2025,10,23,4,40,290,4.0,5.0,MM,MM,MM,MM,1019.8,.3,15.5,.2,MM,MM,MM
2025,10,23,4,30,290,4.0,5.0,MM,MM,MM,MM,1019.9,.3,15.5,.3,MM,MM,MM
2025,10,23,4,20,290,3.0,5.0,1.9,15,0.5,284,1019.8,.3,15.6,.4,MM,MM,MM
2025,10,23,4,10,290,3.0,4.0,1.9,MM,0.5,284,1019.9,.2,15.6,.6,MM,MM,MM
2025,10,23,4,0,280,3.0,4.0,MM,MM,MM,MM,1019.8,.2,15.6,.8,MM,-0.0,MM
2025,10,23,3,50,280,3.0,4.0,1.9,15,0.4,290,1019.7,.1,15.6,.8,MM,MM,MM
2025,10,23,3,40,270,2.0,3.0,1.9,MM,0.4,290,1019.6,.1,15.6,.8,MM,MM,MM
2025,10,23,3,30,270,2.0,3.0,MM,MM,MM,MM,1019.5,.0,15.5,.7,MM,MM,MM
2025,10,23,3,20,260,2.0,3.0,2.3,15,0.7,291,1019.4,.0,15.6,.7,MM,MM,MM
2025,10,23,3,10,240,2.0,3.0,2.3,MM,0.7,291,1019.2,.0,15.6,.7,MM,MM,MM
2025,10,23,3,0,230,2.0,2.0,MM,MM,MM,MM,1019.1,.0,15.6,.7,MM,-0.3,MM
2025,10,23,2,50,220,1.0,2.0,2.0,16,0.5,290,1018.9,.0,15.6,.7,MM,MM,MM
2025,10,23,2,40,200,1.0,2.0,MM,MM,MM,MM,1019.0,.1,15.6,.7,MM,MM,MM
2025,10,23,2,30,230,1.0,2.0,MM,MM,MM,MM,1019.0,.2,15.6,.6,MM,MM,MM
2025,10,23,2,20,210,1.0,2.0,2.3,16,1.5,291,1019.0,.3,15.6,.6,MM,MM,MM
2025,10,23,2,10,230,1.0,2.0,2.3,MM,1.5,291,1019.0,.3,15.6,.5,MM,MM,MM
2025,10,23,2,0,250,1.0,2.0,MM,MM,MM,MM,1019.1,.4,15.6,.4,MM,+0.0,MM
2025,10,23,1,50,280,2.0,3.0,2.1,16,0.8,287,1019.2,.5,15.6,.4,MM,MM,MM
2025,10,23,1,40,280,3.0,4.0,MM,MM,MM,MM,1019.3,.5,15.6,.3,MM,MM,MM
2025,10,23,1,30,300,3.0,5.0,MM,MM,MM,MM,1019.5,.6,15.6,.5,MM,MM,MM
2025,10,23,1,20,300,3.0,4.0,2.2,16,0.7,289,1019.6,.6,15.6,.5,MM,MM,MM
2025,10,23,1,10,290,3.0,4.0,2.2,MM,0.7,289,1019.5,.7,15.6,.5,MM,MM,MM
2025,10,23,1,0,290,3.0,5.0,MM,MM,MM,MM,1019.6,.8,15.7,.4,MM,+0.5,MM
2025,10,23,0,50,280,3.0,4.0,2.3,14,0.8,281,1019.6,.7,15.7,.3,MM,MM,MM
2025,10,23,0,40,280,3.0,4.0,MM,MM,MM,MM,1019.6,.7,15.7,.6,MM,MM,MM
2025,10,23,0,30,270,3.0,5.0,MM,MM,MM,MM,1019.4,.7,15.7,.7,MM,MM,MM
2025,10,23,0,20,270,3.0,4.0,1.9,16,0.4,299,1019.4,.7,15.7,.7,MM,MM,MM
2025,10,23,0,10,270,3.0,4.0,1.9,MM,0.4,299,1019.4,.7,15.7,.8,MM,MM,MM
2025,10,23,0,0,270,3.0,4.0,MM,MM,MM,MM,1019.4,.7,15.6,.7,MM,+0.0,MM
